amenities,amenity_count,bathrooms,bedrooms,category,currency,has_coordinates,id,images,is_price_outlier,is_size_outlier,latitude,location,location_depth,longitude,page,price,price_per_sqft,property_type,record_type,scraped_at_utc,share_url,size,title
,0,,,commercial_buy,AED,True,51191461,"[""https://static.shared.propertyfinder.ae/media/images/listing/TJMSA5M425J2P9Q3QS8YSD7HP0/e3552197-80fe-4ab1-8a05-be059c4d9697/416x272.jpg"", ""https://static.shared.propertyfinder.ae/media/images/listing/TJMSA5M425J2P9Q3QS8YSD7HP0/e3552197-80fe-4ab1-8a05-be059c4d9697/668x452.jpg""]",False,False,25.301149368286133,"Ali Mousa Building, Al Sajaa Industrial, Al Sajaa, Sharjah",4,55.630924224853516,1,1790000.0,,Land,,2026-02-12T17:05:14.790088+00:00,,,Industrial and Commercial Land in Al Sajaa Model
,0,,,commercial_buy,AED,True,16303110,"[""https://static.shared.propertyfinder.ae/media/images/listing/PJ7KV4VFETZPE2WEGWDTZ7BNE4/00f35e52-26bb-4ab9-b6ca-9e6feefce0d6/416x272.jpg"", ""https://static.shared.propertyfinder.ae/media/images/listing/PJ7KV4VFETZPE2WEGWDTZ7BNE4/00f35e52-26bb-4ab9-b6ca-9e6feefce0d6/668x452.jpg""]",False,False,25.301149368286133,"Ali Mousa Building, Al Sajaa Industrial, Al Sajaa, Sharjah",4,55.630924224853516,1,4929305.0,,Land,,2026-02-12T17:05:14.790088+00:00,,,Freehold industrial land ready for construction
,0,,,commercial_buy,AED,True,16294228,"[""https://static.shared.propertyfinder.ae/media/images/listing/4YNDSZEYPW8YKXX1JEAM03CP5C/23ffe626-92a8-444b-9f7e-dc965ba571cb/416x272.jpg"", ""https://static.shared.propertyfinder.ae/media/images/listing/4YNDSZEYPW8YKXX1JEAM03CP5C/23ffe626-92a8-444b-9f7e-dc965ba571cb/668x452.jpg""]",False,False,25.337114334106445,"Al Sajaa S, Al Sajaa, Sharjah",3,55.64699172973633,1,4840000.0,,Warehouse,,2026-02-12T17:05:14.790088+00:00,,,Premium Industrial Warehouses for Sale – Al Saja’a
,0,,,commercial_buy,AED,True,16293550,"[""https://static.shared.propertyfinder.ae/media/images/listing/T8GN7EGGVF5C0EYX5ZK1WPCRA8/d68e9173-6ef1-4590-a770-abb1e179961f/416x272.jpg"", ""https://static.shared.propertyfinder.ae/media/images/listing/T8GN7EGGVF5C0EYX5ZK1WPCRA8/d68e9173-6ef1-4590-a770-abb1e179961f/668x452.jpg""]",False,False,24.98343849182129,"Phase 1, Dubai Investment Park (DIP), Dubai",3,55.15414047241211,1,27000000.0,,Warehouse,,2026-02-12T17:05:14.790088+00:00,,,Easy Access | 398 kW | 8m Height | Tenanted
,0,,,commercial_buy,AED,True,16290916,"[""https://static.shared.propertyfinder.ae/media/images/listing/DVHS19DEW84WWMXVGJF6XA3NRM/b7786694-0adb-4453-baa9-e648ae0d810f/416x272.jpg"", ""https://static.shared.propertyfinder.ae/media/images/listing/DVHS19DEW84WWMXVGJF6XA3NRM/b7786694-0adb-4453-baa9-e648ae0d810f/668x452.jpg""]",False,False,24.856124877929688,"Industrial Zone, Dubai Industrial City, Dubai",3,55.07551574707031,1,23000000.0,,Warehouse,,2026-02-12T17:05:14.790088+00:00,,,Brand New Standalone Warehouse | High Power
,0,,,commercial_buy,AED,True,16291077,"[""https://static.shared.propertyfinder.ae/media/images/listing/FYDJ1H2SG23HQDB1SXGDJ8MM24/8f6b279e-be0c-40fe-9a69-74182236aa4c/416x272.jpg"", ""https://static.shared.propertyfinder.ae/media/images/listing/FYDJ1H2SG23HQDB1SXGDJ8MM24/8f6b279e-be0c-40fe-9a69-74182236aa4c/668x452.jpg""]",True,False,24.971237182617188,"Freezone South, Jebel Ali Freezone, Jebel Ali, Dubai",4,55.053863525390625,1,45000000.0,,Warehouse,,2026-02-12T17:05:14.790088+00:00,,,High-Spec Warehouse With 10 Loading Bays For Sale
,0,,,commercial_buy,AED,True,16291005,"[""https://static.shared.propertyfinder.ae/media/images/listing/NHR8ENQFAZ43E333CDW7WMYQG4/a35a9a23-d288-4657-9243-819e9e4e8c55/416x272.jpg"", ""https://static.shared.propertyfinder.ae/media/images/listing/NHR8ENQFAZ43E333CDW7WMYQG4/a35a9a23-d288-4657-9243-819e9e4e8c55/668x452.jpg""]",False,False,24.985824584960938,"Freezone North, Jebel Ali Freezone, Jebel Ali, Dubai",4,55.04335021972656,1,23000000.0,,Warehouse,,2026-02-12T17:05:14.790088+00:00,,,"With 2,700kW Powered Warehouse Available for Sale"
,0,,,commercial_buy,AED,True,16305848,"[""https://static.shared.propertyfinder.ae/media/images/listing/5KXMSB6D5VKNPQMBK6RK2KGYYR/a73c609f-e2da-41eb-ab7c-af69f88475d6/416x272.jpg"", ""https://static.shared.propertyfinder.ae/media/images/listing/5KXMSB6D5VKNPQMBK6RK2KGYYR/a73c609f-e2da-41eb-ab7c-af69f88475d6/668x452.jpg""]",False,False,25.337114334106445,"Al Sajaa S, Al Sajaa, Sharjah",3,55.64699172973633,1,1780000.0,,Land,,2026-02-12T17:05:14.790088+00:00,,,Industrial land | No commission | Includes fees
,0,,,commercial_buy,AED,True,16295781,"[""https://static.shared.propertyfinder.ae/media/images/listing/RFNCE7VKQZ6Q3B0S9TEC186N2C/3a752221-d677-455a-ab15-1bb27da11400/416x272.jpg"", ""https://static.shared.propertyfinder.ae/media/images/listing/RFNCE7VKQZ6Q3B0S9TEC186N2C/3a752221-d677-455a-ab15-1bb27da11400/668x452.jpg""]",False,False,25.18868064880371,"The Opus, Business Bay, Dubai",3,55.26709747314453,1,30000000.0,,Office Space,,2026-02-12T17:05:14.790088+00:00,,,The Opus Business Bay – Prestigious Office Space
,0,,,commercial_buy,AED,True,16179464,"[""https://static.shared.propertyfinder.ae/media/images/listing/T4K1T7XAC5AS9MHRAB97JYQVVC/139a1b39-3038-43a8-b1eb-9880615cc0c4/416x272.jpg"", ""https://static.shared.propertyfinder.ae/media/images/listing/T4K1T7XAC5AS9MHRAB97JYQVVC/139a1b39-3038-43a8-b1eb-9880615cc0c4/668x452.jpg""]",False,False,25.069852828979492,"Indigo Tower, JLT Cluster D, Jumeirah Lake Towers, Dubai",4,55.14020919799805,1,1889721.0,,Office Space,,2026-02-12T17:05:14.790088+00:00,,,Next to Metro | Fully Fitted | Vacant Soon
,0,,,commercial_buy,AED,True,16179325,"[""https://static.shared.propertyfinder.ae/media/images/listing/S0F78H8E5WFV86KW5N2RDCAK6C/cee25317-e550-4d60-a346-0cef312ae41a/416x272.jpg"", ""https://static.shared.propertyfinder.ae/media/images/listing/S0F78H8E5WFV86KW5N2RDCAK6C/cee25317-e550-4d60-a346-0cef312ae41a/668x452.jpg""]",False,False,25.07743263244629,"Jumeirah Business Centre 2 (JBC 2), JLT Cluster V, Jumeirah Lake Towers, Dubai",4,55.15104675292969,1,4761900.0,,Office Space,,2026-02-12T17:05:14.790088+00:00,,,Fully Fitted | Vacant | Grade A | Lake View
,0,,,commercial_buy,AED,True,16175440,"[""https://static.shared.propertyfinder.ae/media/images/listing/TQ4YYPDSHEW0DXZ4GMNKAFKQRW/be295321-ace0-4c1e-8e6c-d33eda0179d4/416x272.jpg"", ""https://static.shared.propertyfinder.ae/media/images/listing/TQ4YYPDSHEW0DXZ4GMNKAFKQRW/be295321-ace0-4c1e-8e6c-d33eda0179d4/668x452.jpg""]",False,False,25.069196701049805,"Gold Tower (Au Tower), JLT Cluster I, Jumeirah Lake Towers, Dubai",4,55.143245697021484,1,3507438.0,,Office Space,,2026-02-12T17:05:14.790088+00:00,,,Vacant | Turnkey Office | Grade A | Near Metro
,0,,,commercial_buy,AED,True,16241142,"[""https://static.shared.propertyfinder.ae/media/images/listing/ZN2F47QCT4BTSA4R8ZR8VGR5ZC/668aa0bf-a838-4f56-bbce-a99808fab4c8/416x272.jpg"", ""https://static.shared.propertyfinder.ae/media/images/listing/ZN2F47QCT4BTSA4R8ZR8VGR5ZC/668aa0bf-a838-4f56-bbce-a99808fab4c8/668x452.jpg""]",False,False,25.21103286743164,"Burj Daman, DIFC, Dubai",3,55.28205108642578,1,34000000.0,,Office Space,,2026-02-12T17:05:14.790088+00:00,,,GRADE A | HIGH EDN FINISHING| FULLY UPGRADED
,0,,,commercial_buy,AED,True,16226683,"[""https://static.shared.propertyfinder.ae/media/images/listing/62VAR82J2AVJJP3JVVSJKMXX1G/7e724b18-ca7c-4e58-809e-d13ef00eb4ad/416x272.jpg"", ""https://static.shared.propertyfinder.ae/media/images/listing/62VAR82J2AVJJP3JVVSJKMXX1G/7e724b18-ca7c-4e58-809e-d13ef00eb4ad/668x452.jpg""]",False,False,25.046924591064453,"Control Tower, Motor City, Dubai",3,55.23076248168945,1,11400000.0,,Office Space,,2026-02-12T17:05:14.790088+00:00,,,Half Floor | High Floor | Vacant Soon
,0,,,commercial_buy,AED,True,16306105,"[""https://static.shared.propertyfinder.ae/media/images/listing/D6JPCZSQX9JDQMQDCZSHY21RC8/6323d4bf-0b9c-4e2d-b302-dd22f4603971/416x272.jpg"", ""https://static.shared.propertyfinder.ae/media/images/listing/D6JPCZSQX9JDQMQDCZSHY21RC8/6323d4bf-0b9c-4e2d-b302-dd22f4603971/668x452.jpg""]",False,False,25.337114334106445,"Al Sajaa S, Al Sajaa, Sharjah",3,55.64699172973633,1,1780000.0,,Land,,2026-02-12T17:05:14.790088+00:00,,,"Pay 20% and own an industrial plot, all fees inclu"
,0,,,commercial_buy,AED,True,16279719,"[""https://static.shared.propertyfinder.ae/media/images/listing/8ZNYYQE9CFXTJ7DV2XPXP69018/b0d2f16a-6af1-4e57-a24b-438875f34cb0/416x272.jpg"", ""https://static.shared.propertyfinder.ae/media/images/listing/8ZNYYQE9CFXTJ7DV2XPXP69018/b0d2f16a-6af1-4e57-a24b-438875f34cb0/668x452.jpg""]",False,False,24.98343849182129,"Phase 1, Dubai Investment Park (DIP), Dubai",3,55.15414047241211,1,25000000.0,,Warehouse,,2026-02-12T17:05:14.790088+00:00,,,"VACANT UNIT | HIGH POWER | 76,000 PLOT AREA"
,0,,,commercial_buy,AED,True,16269661,"[""https://static.shared.propertyfinder.ae/media/images/listing/3NTK66NZCEW4EYHW9E5BNTF0A4/f9c0f7dc-399c-4edd-9588-8d0bd95684bd/416x272.jpg"", ""https://static.shared.propertyfinder.ae/media/images/listing/3NTK66NZCEW4EYHW9E5BNTF0A4/f9c0f7dc-399c-4edd-9588-8d0bd95684bd/668x452.jpg""]",False,False,25.42698097229004,"Al Jurf Industrial 3, Al Jurf Industrial, Ajman",3,55.55347442626953,1,2800000.0,,Land,,2026-02-12T17:05:14.790088+00:00,,,Commercial land for sale | Opposite the mosque
,0,,,commercial_buy,AED,True,16308680,"[""https://static.shared.propertyfinder.ae/media/images/listing/VX527QM8NTPKAWD5738QTH8774/0768a673-e49a-4e35-a55a-c7ce0f58de8f/416x272.jpg"", ""https://static.shared.propertyfinder.ae/media/images/listing/VX527QM8NTPKAWD5738QTH8774/0768a673-e49a-4e35-a55a-c7ce0f58de8f/668x452.jpg""]",False,False,25.16515350341797,"Project Maybach, Mercedes-Benz Places, Nad Al Sheba 1, Nad Al Sheba, Dubai",5,55.32522201538086,1,5777999.0,,Retail,,2026-02-12T17:05:14.790088+00:00,,,Freehold Retail | High Rental Yield | Maybach
,0,,,commercial_buy,AED,True,16233047,"[""https://static.shared.propertyfinder.ae/media/images/listing/RFKBHVR1XZ99KH969890VE6H1G/31ea3f96-ec1b-4cc4-b2ec-ca7ef46c0393/416x272.jpg"", ""https://static.shared.propertyfinder.ae/media/images/listing/RFKBHVR1XZ99KH969890VE6H1G/31ea3f96-ec1b-4cc4-b2ec-ca7ef46c0393/668x452.jpg""]",True,False,24.98343849182129,"Phase 1, Dubai Investment Park (DIP), Dubai",3,55.15414047241211,1,63000000.0,,Warehouse,,2026-02-12T17:05:14.790088+00:00,,,Cold Store | Great Opportunity | Ammonia Plant
,0,,,commercial_buy,AED,True,16224306,"[""https://static.shared.propertyfinder.ae/media/images/listing/ZJ2DZ9TANX7HAA120AEYBZVCJM/13e5fc30-63ee-4e94-bd38-daf2e83daade/416x272.jpg"", ""https://static.shared.propertyfinder.ae/media/images/listing/ZJ2DZ9TANX7HAA120AEYBZVCJM/13e5fc30-63ee-4e94-bd38-daf2e83daade/668x452.jpg""]",False,False,25.183883666992188,"The Citadel Tower, Business Bay, Dubai",3,55.260929107666016,1,1925000.0,,Office Space,,2026-02-12T17:05:14.790088+00:00,,,VASTU UNIT | NEAR TO METRO STATION | 1 PARKING
,0,,,commercial_buy,AED,True,16224116,"[""https://static.shared.propertyfinder.ae/media/images/listing/YDFY8XAH08VBEYMPT8NB3NVA4R/2cc3aee6-3f3f-403d-a19f-70bc847acb81/416x272.jpg"", ""https://static.shared.propertyfinder.ae/media/images/listing/YDFY8XAH08VBEYMPT8NB3NVA4R/2cc3aee6-3f3f-403d-a19f-70bc847acb81/668x452.jpg""]",False,False,24.856124877929688,"Industrial Zone, Dubai Industrial City, Dubai",3,55.07551574707031,1,22000000.0,,Warehouse,,2026-02-12T17:05:14.790088+00:00,,,High Power Load 500 kW | 7.9m Eaves | Office Space
,0,,,commercial_buy,AED,True,16219605,"[""https://static.shared.propertyfinder.ae/media/images/listing/H3HHAZ5WF1FKMFHSSM5X7XW2PM/71784e07-bfb8-4931-9205-f53d395c8717/416x272.jpg"", ""https://static.shared.propertyfinder.ae/media/images/listing/H3HHAZ5WF1FKMFHSSM5X7XW2PM/71784e07-bfb8-4931-9205-f53d395c8717/668x452.jpg""]",False,False,24.971237182617188,"Freezone South, Jebel Ali Freezone, Jebel Ali, Dubai",4,55.053863525390625,1,40000000.0,,Warehouse,,2026-02-12T17:05:14.790088+00:00,,,Fully Sprinklered | High-Power | Warehouse Sale
,0,,,commercial_buy,AED,True,16219387,"[""https://static.shared.propertyfinder.ae/media/images/listing/ER8Z84AJZD0SABQQ6NVGF05ZB4/5437f69f-411b-43be-b380-8b61d112edfe/416x272.jpg"", ""https://static.shared.propertyfinder.ae/media/images/listing/ER8Z84AJZD0SABQQ6NVGF05ZB4/5437f69f-411b-43be-b380-8b61d112edfe/668x452.jpg""]",False,False,24.971237182617188,"Freezone South, Jebel Ali Freezone, Jebel Ali, Dubai",4,55.053863525390625,1,27000000.0,,Warehouse,,2026-02-12T17:05:14.790088+00:00,,,"High Power Warehouse | 2,500 KVA | For Sale"
,0,,,commercial_buy,AED,True,16219278,"[""https://static.shared.propertyfinder.ae/media/images/listing/480HJ157E9YRMKG0GP3HVXZFF4/ac897678-6e35-4378-8925-6b88afb3b80e/416x272.jpg"", ""https://static.shared.propertyfinder.ae/media/images/listing/480HJ157E9YRMKG0GP3HVXZFF4/ac897678-6e35-4378-8925-6b88afb3b80e/668x452.jpg""]",False,False,24.971237182617188,"Freezone South, Jebel Ali Freezone, Jebel Ali, Dubai",4,55.053863525390625,1,18500000.0,,Warehouse,,2026-02-12T17:05:14.790088+00:00,,,High Powered Factory in JAFZA | For Sale
,0,,,commercial_buy,AED,True,16219178,"[""https://static.shared.propertyfinder.ae/media/images/listing/TCN2PVQFBQ9CJJY5GNN1PV7MJ8/60f19e45-5dfe-4ef7-8e0b-f04726cdfa48/416x272.jpg"", ""https://static.shared.propertyfinder.ae/media/images/listing/TCN2PVQFBQ9CJJY5GNN1PV7MJ8/60f19e45-5dfe-4ef7-8e0b-f04726cdfa48/668x452.jpg""]",False,False,24.985824584960938,"Freezone North, Jebel Ali Freezone, Jebel Ali, Dubai",4,55.04335021972656,1,19500000.0,,Warehouse,,2026-02-12T17:05:14.790088+00:00,,,"55,649 sq. ft Warehouse | 800 kW Power | For Sale"
,0,,,commercial_buy,AED,True,16219032,"[""https://static.shared.propertyfinder.ae/media/images/listing/7VZ1TJ32XYQZZDWK0HCH43FRYC/5a683fdb-939c-425b-b485-322ee77d0886/416x272.jpg"", ""https://static.shared.propertyfinder.ae/media/images/listing/7VZ1TJ32XYQZZDWK0HCH43FRYC/5a683fdb-939c-425b-b485-322ee77d0886/668x452.jpg""]",False,False,24.985824584960938,"Freezone North, Jebel Ali Freezone, Jebel Ali, Dubai",4,55.04335021972656,2,12000000.0,,Warehouse,,2026-02-12T17:05:19.500982+00:00,,,Strategic North Zone Location | Large Office Space
,0,,,commercial_buy,AED,True,16211301,"[""https://static.shared.propertyfinder.ae/media/images/listing/N8H77QSVAETWNF4T2SC8M3NDTC/dfeb57f0-28ae-46f4-a482-dc90d73c280e/416x272.jpg"", ""https://static.shared.propertyfinder.ae/media/images/listing/N8H77QSVAETWNF4T2SC8M3NDTC/dfeb57f0-28ae-46f4-a482-dc90d73c280e/668x452.jpg""]",False,False,25.403545379638672,"Ajman Hills, Al Alia, Ajman",3,55.571998596191406,2,1170000.0,,Land,,2026-02-12T17:05:19.500982+00:00,,,A smart combination of housing and commerce
,0,,,commercial_buy,AED,True,16085228,"[""https://static.shared.propertyfinder.ae/media/images/listing/9ZACAHBV64QTE8DDF03HAW5CYM/8ce235df-4e8c-43c6-968f-9268873ac003/416x272.jpg"", ""https://static.shared.propertyfinder.ae/media/images/listing/9ZACAHBV64QTE8DDF03HAW5CYM/8ce235df-4e8c-43c6-968f-9268873ac003/668x452.jpg""]",False,False,25.072023391723633,"HDS Tower, JLT Cluster F, Jumeirah Lake Towers, Dubai",4,55.1423454284668,2,2650000.0,,Office Space,,2026-02-12T17:05:19.500982+00:00,,,Vacant | Vastu | Luxury Fit | High Floor
,0,,,commercial_buy,AED,True,16084504,"[""https://static.shared.propertyfinder.ae/media/images/listing/M7JMBB8F7K6AX2HZXMZDWRZ4F8/f5ac6ce3-3f19-4fcb-bd8f-3c73b7a47890/416x272.jpg"", ""https://static.shared.propertyfinder.ae/media/images/listing/M7JMBB8F7K6AX2HZXMZDWRZ4F8/f5ac6ce3-3f19-4fcb-bd8f-3c73b7a47890/668x452.jpg""]",False,False,25.080108642578125,"Jumeirah Bay X3, JLT Cluster X, Jumeirah Lake Towers, Dubai",4,55.153350830078125,2,1495300.0,,Office Space,,2026-02-12T17:05:19.500982+00:00,,,Tenanted | Notice Given | Investor Deal
,0,,,commercial_buy,AED,True,16261142,"[""https://static.shared.propertyfinder.ae/media/images/listing/1THVBWMGV4APC3J62M6M6E5RFC/155efa4d-c571-48c1-a9d1-e6e4baef18d4/416x272.jpg"", ""https://static.shared.propertyfinder.ae/media/images/listing/1THVBWMGV4APC3J62M6M6E5RFC/155efa4d-c571-48c1-a9d1-e6e4baef18d4/668x452.jpg""]",False,False,25.18549156188965,"Bay Square Building 2, Bay Square, Business Bay, Dubai",4,55.27935791015625,2,6800000.0,,Office Space,,2026-02-12T17:05:19.500982+00:00,,,Eviction Served | Vacant Soon | Prime Location
,0,,,commercial_buy,AED,True,16179663,"[""https://static.shared.propertyfinder.ae/media/images/listing/5HCQ3KR88XZ30GFAGE0XBHAMFG/9c9289c7-6cda-45c5-8452-6855e0df06e0/416x272.jpg"", ""https://static.shared.propertyfinder.ae/media/images/listing/5HCQ3KR88XZ30GFAGE0XBHAMFG/9c9289c7-6cda-45c5-8452-6855e0df06e0/668x452.jpg""]",False,False,25.072023391723633,"HDS Tower, JLT Cluster F, Jumeirah Lake Towers, Dubai",4,55.1423454284668,2,2150000.0,,Office Space,,2026-02-12T17:05:19.500982+00:00,,,Fully Fitted | Lake View | Close to Metro
,0,,,commercial_buy,AED,True,16111836,"[""https://static.shared.propertyfinder.ae/media/images/listing/DW99HJTMA8RBB7FQTN9TFG8R0W/63d2c3f0-1e29-400b-b6e9-44a7327b616b/416x272.jpg"", ""https://static.shared.propertyfinder.ae/media/images/listing/DW99HJTMA8RBB7FQTN9TFG8R0W/63d2c3f0-1e29-400b-b6e9-44a7327b616b/668x452.jpg""]",False,False,25.3313045501709,"Sharjah Airport Freezone (SAIF), Sharjah",2,55.487266540527344,2,3000000.0,,Warehouse,,2026-02-12T17:05:19.500982+00:00,,,SHARJAH AIRPORT INTERNATIONAL FREEZONE
,0,,,commercial_buy,AED,True,16271274,"[""https://static.shared.propertyfinder.ae/media/images/listing/XSR8ZRENYPMEFKK3N3QHHKNA18/fa1aa6e7-c436-41d3-9a92-ef7948cd69ee/416x272.jpg"", ""https://static.shared.propertyfinder.ae/media/images/listing/XSR8ZRENYPMEFKK3N3QHHKNA18/fa1aa6e7-c436-41d3-9a92-ef7948cd69ee/668x452.jpg""]",False,False,25.042980194091797,"Aspirz by Danube, Dubai Sports City, Dubai",3,55.204532623291016,2,813000.0,,Office Space,,2026-02-12T17:05:19.500982+00:00,,,1% MONTHLY | POSTPAYMENT | INQUIRE NOW
,0,,,commercial_buy,AED,True,16216938,"[""https://static.shared.propertyfinder.ae/media/images/listing/Q7CQHT5X2415JZPNRH4613A6PC/977d0ca7-b569-476a-b85a-7b2df199a111/416x272.jpg"", ""https://static.shared.propertyfinder.ae/media/images/listing/Q7CQHT5X2415JZPNRH4613A6PC/977d0ca7-b569-476a-b85a-7b2df199a111/668x452.jpg""]",False,False,25.210525512695312,"Sol Luxe, Sheikh Zayed Road, Dubai",3,55.27360916137695,2,12960000.0,,Office Space,,2026-02-12T17:05:19.500982+00:00,,,No Commission with Payment Plan / Q4 2028
,0,,,commercial_buy,AED,True,16216934,"[""https://static.shared.propertyfinder.ae/media/images/listing/X53QTZFCWCER51Y5G51QQZGG8C/1af9433a-89bb-4313-8882-e8c5cefbfb4a/416x272.jpg"", ""https://static.shared.propertyfinder.ae/media/images/listing/X53QTZFCWCER51Y5G51QQZGG8C/1af9433a-89bb-4313-8882-e8c5cefbfb4a/668x452.jpg""]",False,False,25.210525512695312,"Sol Luxe, Sheikh Zayed Road, Dubai",3,55.27360916137695,2,22620000.0,,Office Space,,2026-02-12T17:05:19.500982+00:00,,,No Commission with Payment Plan / Q4 2028
,0,,,commercial_buy,AED,True,16216933,"[""https://static.shared.propertyfinder.ae/media/images/listing/V7A2MF0DWFNBNSXWHBRF2D3ZK0/4e5fdf62-f7cd-42b2-8e2f-ea8629b27271/416x272.jpg"", ""https://static.shared.propertyfinder.ae/media/images/listing/V7A2MF0DWFNBNSXWHBRF2D3ZK0/4e5fdf62-f7cd-42b2-8e2f-ea8629b27271/668x452.jpg""]",False,False,25.210525512695312,"Sol Luxe, Sheikh Zayed Road, Dubai",3,55.27360916137695,2,8080000.0,,Office Space,,2026-02-12T17:05:19.500982+00:00,,,No Commission with Payment Plan / Q4 2028
,0,,,commercial_buy,AED,True,16216921,"[""https://static.shared.propertyfinder.ae/media/images/listing/T61HC4P0SPSZXWCHK0320SJHBG/8c73ed90-0aa8-4809-ac88-3d462cf2f3f8/416x272.jpg"", ""https://static.shared.propertyfinder.ae/media/images/listing/T61HC4P0SPSZXWCHK0320SJHBG/8c73ed90-0aa8-4809-ac88-3d462cf2f3f8/668x452.jpg""]",False,False,25.210525512695312,"Sol Luxe, Sheikh Zayed Road, Dubai",3,55.27360916137695,2,11320000.0,,Office Space,,2026-02-12T17:05:19.500982+00:00,,,No Commission / Burj Khalifa View / Q4 2028
,0,,,commercial_buy,AED,True,16216845,"[""https://static.shared.propertyfinder.ae/media/images/listing/75CVGJRVEKPB4QSGFJQAAD3SKR/5cbf7fc5-99ff-4eea-a67f-9933b16d056b/416x272.jpg"", ""https://static.shared.propertyfinder.ae/media/images/listing/75CVGJRVEKPB4QSGFJQAAD3SKR/5cbf7fc5-99ff-4eea-a67f-9933b16d056b/668x452.jpg""]",False,False,25.210525512695312,"Sol Luxe, Sheikh Zayed Road, Dubai",3,55.27360916137695,2,10385000.0,,Office Space,,2026-02-12T17:05:19.500982+00:00,,,No Commission with Payment Plan /Burj Khalifa View
,0,,,commercial_buy,AED,True,51143940,"[""https://static.shared.propertyfinder.ae/media/images/listing/KZ1224Z77P7E85NFST33NPZNX0/e6fc8c73-505c-407f-a521-17c565b89b96/416x272.jpg"", ""https://static.shared.propertyfinder.ae/media/images/listing/KZ1224Z77P7E85NFST33NPZNX0/e6fc8c73-505c-407f-a521-17c565b89b96/668x452.jpg""]",False,False,24.971237182617188,"Freezone South, Jebel Ali Freezone, Jebel Ali, Dubai",4,55.053863525390625,2,30000000.0,,Warehouse,,2026-02-12T17:05:19.500982+00:00,,,High Spec Logistics Warehouse | Docks and Racking
,0,,,commercial_buy,AED,True,16187959,"[""https://static.shared.propertyfinder.ae/media/images/listing/24SC9EXT1JFWND0BWMGMSX0G2M/0dc4db84-4376-4382-9d38-fb32be352576/416x272.jpg"", ""https://static.shared.propertyfinder.ae/media/images/listing/24SC9EXT1JFWND0BWMGMSX0G2M/0dc4db84-4376-4382-9d38-fb32be352576/668x452.jpg""]",False,False,25.407838821411133,"Al Hamidiya 2, Al Hamidiya, Ajman",3,55.53327941894531,2,3800000.0,,Land,,2026-02-12T17:05:19.500982+00:00,,,Spac11300 Sq. Ft. Commercial Land in Al Hamidiya
,0,,,commercial_buy,AED,True,16049681,"[""https://static.shared.propertyfinder.ae/media/images/listing/WM58JZTZRKJKKSQG42CCCBWXYM/401ac026-c842-49fa-bfb0-4a4d87afe504/416x272.jpg"", ""https://static.shared.propertyfinder.ae/media/images/listing/WM58JZTZRKJKKSQG42CCCBWXYM/401ac026-c842-49fa-bfb0-4a4d87afe504/668x452.jpg""]",False,False,25.209489822387695,"Park Towers Podium, Park Towers, DIFC, Dubai",4,55.2786750793457,2,1000000.0,,Retail,,2026-02-12T17:05:19.500982+00:00,,,Retail Shop l Best Deal l Available Immediately
,0,,,commercial_buy,AED,True,16281266,"[""https://static.shared.propertyfinder.ae/media/images/listing/79KMGEG3ARJT9DKFJVKTN5C7H0/efee0844-90e9-4c13-96fd-a6d7b8a1f20f/416x272.jpg"", ""https://static.shared.propertyfinder.ae/media/images/listing/79KMGEG3ARJT9DKFJVKTN5C7H0/efee0844-90e9-4c13-96fd-a6d7b8a1f20f/668x452.jpg""]",False,False,25.385202407836914,"Al Aamra Tower, Al Amerah, Ajman",3,55.577613830566406,2,3500000.0,,Land,,2026-02-12T17:05:19.500982+00:00,,,Residential and Commercial on the main road
,0,,,commercial_buy,AED,True,16211039,"[""https://static.shared.propertyfinder.ae/media/images/listing/2D0JR8SHCCT5FWSRZQFXRFP8NC/0ac6c8ab-0ce0-4873-88a9-b0807ae6aa96/416x272.jpg"", ""https://static.shared.propertyfinder.ae/media/images/listing/2D0JR8SHCCT5FWSRZQFXRFP8NC/0ac6c8ab-0ce0-4873-88a9-b0807ae6aa96/668x452.jpg""]",False,False,25.337114334106445,"Al Sajaa S, Al Sajaa, Sharjah",3,55.64699172973633,2,1780000.0,,Land,,2026-02-12T17:05:19.500982+00:00,,,Industrial land | No commission | Includes fees
,0,,,commercial_buy,AED,True,51164273,"[""https://static.shared.propertyfinder.ae/media/images/listing/PS36MM2N2F7ZAV12EV170PMEC8/155345af-f085-4260-a77e-ceb76f884bcc/416x272.jpg"", ""https://static.shared.propertyfinder.ae/media/images/listing/PS36MM2N2F7ZAV12EV170PMEC8/155345af-f085-4260-a77e-ceb76f884bcc/668x452.jpg""]",False,False,25.101299285888672,"The One Tower, Barsha Heights (Tecom), Dubai",3,55.17388153076172,2,3220000.0,,Office Space,,2026-02-12T17:05:19.500982+00:00,,,VACANT | MULTIPLE OPTIONS | METRO CONNECTION
,0,,,commercial_buy,AED,True,16179544,"[""https://static.shared.propertyfinder.ae/media/images/listing/FXN9CK5MB0P67FKTZFCP86Q0KW/8408a164-4839-4f5c-8d83-06a0125ee279/416x272.jpg"", ""https://static.shared.propertyfinder.ae/media/images/listing/FXN9CK5MB0P67FKTZFCP86Q0KW/8408a164-4839-4f5c-8d83-06a0125ee279/668x452.jpg""]",False,False,25.22117042541504,"Latifa Tower, Sheikh Zayed Road, Dubai",3,55.28102111816406,2,8000000.0,,Office Space,,2026-02-12T17:05:19.500982+00:00,,,High Floor | Community View | 3 Parking
,0,,,commercial_buy,AED,True,51012915,"[""https://static.shared.propertyfinder.ae/media/images/listing/1NKMK0X0F6F8QNNPR18ZDY1Q38/969a9bff-2864-4133-8318-3efaefc68bb1/416x272.jpg"", ""https://static.shared.propertyfinder.ae/media/images/listing/1NKMK0X0F6F8QNNPR18ZDY1Q38/969a9bff-2864-4133-8318-3efaefc68bb1/668x452.jpg""]",False,False,25.127197265625,"Al Quoz Industrial Area 3, Al Quoz Industrial Area, Al Quoz, Dubai",4,55.21676254272461,2,15000000.0,,Warehouse,,2026-02-12T17:05:19.500982+00:00,,,Spacious Warehouse | Multipurpose | High Ceiling
,0,,,commercial_buy,AED,True,16205582,"[""https://static.shared.propertyfinder.ae/media/images/listing/HBWY9P5E39WNZRPS6JZ91QHRSC/61b301eb-e493-4505-9e37-eaf871826bbb/416x272.jpg"", ""https://static.shared.propertyfinder.ae/media/images/listing/HBWY9P5E39WNZRPS6JZ91QHRSC/61b301eb-e493-4505-9e37-eaf871826bbb/668x452.jpg""]",False,False,25.23393440246582,"Al Khawaneej 1, Al Khawaneej, Dubai",3,55.4831657409668,2,8999550.0,,Labor Camp,,2026-02-12T17:05:19.500982+00:00,,,G+4 | Multiple Options Available
,0,,,commercial_buy,AED,True,15943914,"[""https://static.shared.propertyfinder.ae/media/images/listing/QFGVAS81F04Q22A0NQ7MBBRE04/e3ddd81b-b51b-4375-b5ba-939fcc2091f5/416x272.jpg"", ""https://static.shared.propertyfinder.ae/media/images/listing/QFGVAS81F04Q22A0NQ7MBBRE04/e3ddd81b-b51b-4375-b5ba-939fcc2091f5/668x452.jpg""]",False,False,25.200023651123047,"Boulevard Plaza 1, Boulevard Plaza Towers, Downtown Dubai, Dubai",4,55.27390670776367,2,25950000.0,,Office Space,,2026-02-12T17:05:19.500982+00:00,,,"Ready Office | 3,373.52 Sqft | Grade A+ Tower"
,0,,,commercial_buy,AED,True,16134689,"[""https://static.shared.propertyfinder.ae/media/images/listing/NVSQMJCCBK184NF453ESKY7YVR/b4f9032a-2d2e-41f2-a06f-ea6e609354d7/416x272.jpg"", ""https://static.shared.propertyfinder.ae/media/images/listing/NVSQMJCCBK184NF453ESKY7YVR/b4f9032a-2d2e-41f2-a06f-ea6e609354d7/668x452.jpg""]",False,False,25.26177406311035,"Industrial Area 18, Sharjah Industrial Area, Sharjah",3,55.49519348144531,2,8744400.0,,Land,,2026-02-12T17:05:19.500982+00:00,,,Industrial 18  land with a prime location
,0,,,commercial_buy,AED,True,16215798,"[""https://static.shared.propertyfinder.ae/media/images/listing/92WQWB64J4R60PBEDNSW8EKMX8/1195a8d3-c2b3-4e56-bf50-4a583dbf9499/416x272.jpg"", ""https://static.shared.propertyfinder.ae/media/images/listing/92WQWB64J4R60PBEDNSW8EKMX8/1195a8d3-c2b3-4e56-bf50-4a583dbf9499/668x452.jpg""]",False,False,25.171222686767578,"Ras Al Khor Industrial 3, Ras Al Khor Industrial, Ras Al Khor, Dubai",4,55.38349533081055,2,35000000.0,,Land,,2026-02-12T17:05:19.500982+00:00,,,Industrial Warehouse Plot | Freehold | Prime Location
[],0,,,commercial_buy,AED,True,16260795,"[""https://static.shared.propertyfinder.ae/media/images/listing/K1TSZCXRNC1H4EFVENJA0RC8D8/adf96694-4150-462f-b8b4-11576e95d3f9/416x272.jpg"", ""https://static.shared.propertyfinder.ae/media/images/listing/K1TSZCXRNC1H4EFVENJA0RC8D8/adf96694-4150-462f-b8b4-11576e95d3f9/668x452.jpg""]",False,False,25.337114334106445,"Al Sajaa S, Al Sajaa, Sharjah",3,55.64699172973633,3,2000000.0,200.44097013429544,Land,property,2026-02-12T17:46:14.863106+00:00,https://www.propertyfinder.ae/en/plp/commercial-buy/land-for-sale-sharjah-al-sajaa-al-sajaa-s-16260795.html,9978.0,"No commission, all fees included, 20% down payment"
[],0,,,commercial_buy,AED,True,16152530,"[""https://static.shared.propertyfinder.ae/media/images/listing/NGPDBHE5S45N1A4E25XNEHQ8RM/a733d1d0-3309-42db-bf1f-18438ab96802/416x272.jpg"", ""https://static.shared.propertyfinder.ae/media/images/listing/NGPDBHE5S45N1A4E25XNEHQ8RM/a733d1d0-3309-42db-bf1f-18438ab96802/668x452.jpg""]",True,False,24.971237182617188,"Freezone South, Jebel Ali Freezone, Jebel Ali, Dubai",4,55.053863525390625,3,45000000.0,241.84706666380032,Warehouse,property,2026-02-12T17:46:14.863106+00:00,https://www.propertyfinder.ae/en/plp/commercial-buy/warehouse-for-sale-dubai-jebel-ali-jebel-ali-freezone-freezone-south-16152530.html,186068.0,Value Add Opportunity | Leased Property
"[""CP"", ""AN"", ""VC""]",3,,,commercial_buy,AED,True,15833709,"[""https://static.shared.propertyfinder.ae/media/images/listing/01KC9PA27KBYCG2PPRQAE9CMC7/c743b942-f9a2-4d64-b4a1-b645e7f1f504/416x272.jpg"", ""https://static.shared.propertyfinder.ae/media/images/listing/01KC9PA27KBYCG2PPRQAE9CMC7/c743b942-f9a2-4d64-b4a1-b645e7f1f504/668x452.jpg""]",False,False,24.877687454223633,"Al Qasimiah City, Sharjah",2,55.70550537109375,3,3099000.0,159.96489960253962,Show Room,property,2026-02-12T17:46:14.863106+00:00,https://www.propertyfinder.ae/en/plp/commercial-buy/show-room-for-sale-sharjah-al-qasimiah-city-15833709.html,19373.0,High ROI Investment By 20% DP 160 AED Per SQF
[],0,,,commercial_buy,AED,True,15833699,"[""https://static.shared.propertyfinder.ae/media/images/listing/01KC9NXVDJFESB4HYA8Z5AE2VC/e4d65953-5d91-49f7-886d-c632836de13f/416x272.jpg"", ""https://static.shared.propertyfinder.ae/media/images/listing/01KC9NXVDJFESB4HYA8Z5AE2VC/e4d65953-5d91-49f7-886d-c632836de13f/668x452.jpg""]",False,False,24.877687454223633,"Al Qasimiah City, Sharjah",2,55.70550537109375,3,1217828.0,1.4507278488552164,Land,property,2026-02-12T17:46:14.863106+00:00,https://www.propertyfinder.ae/en/plp/commercial-buy/land-for-sale-sharjah-al-qasimiah-city-15833699.html,839460.0,High ROI Investment By 20% PD With Freehold SHJ
[],0,,,commercial_buy,AED,True,15833687,"[""https://static.shared.propertyfinder.ae/media/images/listing/01KC9NJPSH8QEYHGZHY4KFGVJJ/1cca385e-109d-4875-9047-ca425dfb2741/416x272.jpg"", ""https://static.shared.propertyfinder.ae/media/images/listing/01KC9NJPSH8QEYHGZHY4KFGVJJ/1cca385e-109d-4875-9047-ca425dfb2741/668x452.jpg""]",False,False,24.877687454223633,"Al Qasimiah City, Sharjah",2,55.70550537109375,3,1146828.0,1.4509867430520587,Land,property,2026-02-12T17:46:14.863106+00:00,https://www.propertyfinder.ae/en/plp/commercial-buy/land-for-sale-sharjah-al-qasimiah-city-15833687.html,790378.0,High ROI Investment With Freehold By 20% DP SHJ
"[""AN"", ""CP"", ""DN"", ""CR"", ""LB""]",5,,3,commercial_buy,AED,True,16053867,"[""https://static.shared.propertyfinder.ae/media/images/listing/T3PQGKQMV3F25M7CCR485ANPAC/b0296cc5-e4a2-418e-a894-8bef9b1d8fd3/416x272.jpg"", ""https://static.shared.propertyfinder.ae/media/images/listing/T3PQGKQMV3F25M7CCR485ANPAC/b0296cc5-e4a2-418e-a894-8bef9b1d8fd3/668x452.jpg""]",False,False,25.069196701049805,"Gold Tower (Au Tower), JLT Cluster I, Jumeirah Lake Towers, Dubai",4,55.143245697021484,3,3600000.0,3095.4428202923473,Office Space,property,2026-02-12T17:46:14.863106+00:00,https://www.propertyfinder.ae/en/plp/commercial-buy/office-space-for-sale-dubai-jumeirah-lake-towers-jlt-cluster-i-gold-tower-au-tower-16053867.html,1163.0,Vacant | Fitted | High Floor  | Grade A
"[""CP""]",1,1,,commercial_buy,AED,True,16174223,"[""https://static.shared.propertyfinder.ae/media/images/listing/CY4DZ5XZB5VVBE5K7ZN4AW4CZ0/a0db17f9-2f5d-4d56-aed0-972c9bed1517/416x272.jpg"", ""https://static.shared.propertyfinder.ae/media/images/listing/CY4DZ5XZB5VVBE5K7ZN4AW4CZ0/a0db17f9-2f5d-4d56-aed0-972c9bed1517/668x452.jpg""]",False,False,25.064346313476562,"Samana Skyros, Arjan, Dubai",3,55.24606704711914,3,7500000.0,2767.5276752767527,Retail,property,2026-02-12T17:46:14.863106+00:00,https://www.propertyfinder.ae/en/plp/commercial-buy/retail-for-sale-dubai-arjan-samana-skyros-16174223.html,2710.0,Resale | Retail Shop| Handover 2026 | Payment Plan Till 2030
[],0,,,commercial_buy,AED,True,51151028,"[""https://static.shared.propertyfinder.ae/media/images/listing/MZ471WRAJ9AMGY6HCZ43YP3YEG/80449def-932e-41c1-bdc0-de52e6c3ab1e/416x272.jpg"", ""https://static.shared.propertyfinder.ae/media/images/listing/MZ471WRAJ9AMGY6HCZ43YP3YEG/80449def-932e-41c1-bdc0-de52e6c3ab1e/668x452.jpg""]",False,False,25.06743621826172,"Mazaya Business Avenue AA1, Mazaya Business Avenue, Jumeirah Lake Towers, Dubai",4,55.144325256347656,3,3486354.0,2059.2758417011223,Office Space,property,2026-02-12T17:46:14.863106+00:00,https://www.propertyfinder.ae/en/plp/commercial-buy/office-space-for-sale-dubai-jumeirah-lake-towers-mazaya-business-avenue-mazaya-business-avenue-aa1-2P0ZQXIk51U.html,1693.0,DOUBLE DIGIT ROI | UPGRADED | TIER 1 TENANT
[],0,,,commercial_buy,AED,True,51077084,"[""https://static.shared.propertyfinder.ae/media/images/listing/AKN4ET6HW18KVNW7W2D1W7CA6R/73b435e4-b79a-4da4-b50b-e246a42f23f0/416x272.jpg"", ""https://static.shared.propertyfinder.ae/media/images/listing/AKN4ET6HW18KVNW7W2D1W7CA6R/73b435e4-b79a-4da4-b50b-e246a42f23f0/668x452.jpg""]",False,False,25.301626205444336,"Al Nahda Complex, Al Nahda, Sharjah",3,55.380699157714844,3,4200000.0,420.16806722689074,Land,property,2026-02-12T17:46:14.863106+00:00,https://www.propertyfinder.ae/en/plp/commercial-buy/land-for-sale-sharjah-al-nahda-al-nahda-complex-2Oz38QeL0KG.html,9996.0,Land for sale|Excellent location|Close to services
"[""AN""]",1,1,,commercial_buy,AED,True,15990472,"[""https://static.shared.propertyfinder.ae/media/images/listing/VENHR3RE7R22CSC066B9M8KCAR/d2869740-a862-4082-9f2b-437dbe33429e/416x272.jpg"", ""https://static.shared.propertyfinder.ae/media/images/listing/VENHR3RE7R22CSC066B9M8KCAR/d2869740-a862-4082-9f2b-437dbe33429e/668x452.jpg""]",False,False,25.38562774658203,"Ajman Industrial 1, Ajman Industrial Area, Ajman",3,55.48870849609375,3,1350000.0,9000.0,Shop,property,2026-02-12T17:46:14.863106+00:00,https://www.propertyfinder.ae/en/plp/commercial-buy/shop-for-sale-ajman-ajman-industrial-area-15990472.html,150.0,BRAND NEW SHOPS FREEHOLD IN AJAM FOR SALE
[],0,,,commercial_buy,AED,True,16061696,"[""https://static.shared.propertyfinder.ae/media/images/listing/WKEW60F5KP090XEJXM0YFKWWZC/2bb0be5e-de47-4b4c-b0fa-f9fd76ffca46/416x272.jpg"", ""https://static.shared.propertyfinder.ae/media/images/listing/WKEW60F5KP090XEJXM0YFKWWZC/2bb0be5e-de47-4b4c-b0fa-f9fd76ffca46/668x452.jpg""]",False,False,25.069055557250977,"Mazaya Business Avenue BB2, Mazaya Business Avenue, Jumeirah Lake Towers, Dubai",4,55.14579772949219,3,2550000.0,2012.6282557221784,Office Space,property,2026-02-12T17:46:14.863106+00:00,https://www.propertyfinder.ae/en/plp/commercial-buy/office-space-for-sale-dubai-jumeirah-lake-towers-mazaya-business-avenue-mazaya-business-avenue-bb2-16061696.html,1267.0,Brand New Fit Out | Available Now | Furnished
[],0,,,commercial_buy,AED,True,15802683,"[""https://static.shared.propertyfinder.ae/media/images/listing/01KC19C5EWSH57N4843QNTRJ18/022f0fc8-c24a-4127-bc79-5d6fe144672b/416x272.jpg"", ""https://static.shared.propertyfinder.ae/media/images/listing/01KC19C5EWSH57N4843QNTRJ18/022f0fc8-c24a-4127-bc79-5d6fe144672b/668x452.jpg""]",False,False,25.06743621826172,"Mazaya Business Avenue AA1, Mazaya Business Avenue, Jumeirah Lake Towers, Dubai",4,55.144325256347656,3,24000000.0,1975.9591635106208,Office Space,property,2026-02-12T17:46:14.863106+00:00,https://www.propertyfinder.ae/en/plp/commercial-buy/office-space-for-sale-dubai-jumeirah-lake-towers-mazaya-business-avenue-mazaya-business-avenue-aa1-15802683.html,12146.0,Investment Opportunity | Blue Chip Tenant
[],0,,,commercial_buy,AED,True,13585125,"[""https://static.shared.propertyfinder.ae/media/images/listing/01K45FX9YGDDQWQVKMZ1DNF57E/5187a154-e336-4151-ae7f-98a1aa5e846f/416x272.jpg"", ""https://static.shared.propertyfinder.ae/media/images/listing/01K45FX9YGDDQWQVKMZ1DNF57E/5187a154-e336-4151-ae7f-98a1aa5e846f/668x452.jpg""]",False,False,25.317842483520508,"Asas Tower, Al Khan Lagoon, Al Khan, Sharjah",4,55.37487030029297,3,1290000.0,659.1722023505365,Office Space,property,2026-02-12T17:46:14.863106+00:00,https://www.propertyfinder.ae/en/plp/commercial-buy/office-space-for-sale-sharjah-al-khan-al-khan-lagoon-asas-tower-13585125.html,1957.0,Fully Fitted I Lagoon View I Ready to Move
[],0,,,commercial_buy,AED,True,13585126,"[""https://static.shared.propertyfinder.ae/media/images/listing/01K45FX9ZFH88A81JTHY7E4VRR/fe8ed6e9-cf24-4f45-bcd9-4a3593499e24/416x272.jpg"", ""https://static.shared.propertyfinder.ae/media/images/listing/01K45FX9ZFH88A81JTHY7E4VRR/fe8ed6e9-cf24-4f45-bcd9-4a3593499e24/668x452.jpg""]",False,False,25.28106117248535,"Industrial Area 17, Sharjah Industrial Area, Sharjah",3,55.45167922973633,3,21000000.0,278.73269534516396,Land,property,2026-02-12T17:46:14.863106+00:00,https://www.propertyfinder.ae/en/plp/commercial-buy/land-for-sale-sharjah-sharjah-industrial-area-industrial-area-17-13585126.html,75341.0,Commercial Plot | Prime Location | For Sale
"[""AN"", ""LB""]",2,1,,commercial_buy,AED,True,15825571,"[""https://static.shared.propertyfinder.ae/media/images/listing/01KC6PGSR6DMF8RXT7TY2MDE9C/ba9c66f0-114d-4c23-a10f-db999d981c16/416x272.jpg"", ""https://static.shared.propertyfinder.ae/media/images/listing/01KC6PGSR6DMF8RXT7TY2MDE9C/ba9c66f0-114d-4c23-a10f-db999d981c16/668x452.jpg""]",False,False,25.319116592407227,"Industrial Area 1, Sharjah Industrial Area, Sharjah",3,55.39456558227539,3,4550000.0,219.36168161218782,Warehouse,property,2026-02-12T17:46:14.863106+00:00,https://www.propertyfinder.ae/en/plp/commercial-buy/warehouse-for-sale-sharjah-al-sajaa-al-sajaa-industrial-15825571.html,20742.0,"WAREHOUSES FOR INSTALLMENT, FREEHOLD IN SHARJAH"
"[""AN"", ""LB"", ""VC""]",3,1,,commercial_buy,AED,True,15824634,"[""https://static.shared.propertyfinder.ae/media/images/listing/01KC6JEJGZ0931DV59JQ6YK60Y/b114d5ad-bb69-4de4-bde6-b2add850f504/416x272.jpg"", ""https://static.shared.propertyfinder.ae/media/images/listing/01KC6JEJGZ0931DV59JQ6YK60Y/b114d5ad-bb69-4de4-bde6-b2add850f504/668x452.jpg""]",False,False,25.405832290649414,"Al Helio 1, Al Helio, Ajman",3,55.60760498046875,3,1350000.0,835.9133126934985,Shop,property,2026-02-12T17:46:14.863106+00:00,https://www.propertyfinder.ae/en/plp/commercial-buy/shop-for-sale-ajman-al-helio-al-helio-1-15824634.html,1615.0,FREEHOLD 4 SHOPS IN INSTALLMENT WITHOUT COMISSION
"[""AN""]",1,,,commercial_buy,AED,True,16159832,"[""https://static.shared.propertyfinder.ae/media/images/listing/D41RCEE6FW65G7ZGEK8E8JXWEC/15b57d4b-2f19-47fb-8534-093ad428073f/416x272.jpg"", ""https://static.shared.propertyfinder.ae/media/images/listing/D41RCEE6FW65G7ZGEK8E8JXWEC/15b57d4b-2f19-47fb-8534-093ad428073f/668x452.jpg""]",False,False,24.985824584960938,"Freezone North, Jebel Ali Freezone, Jebel Ali, Dubai",4,55.04335021972656,3,12900000.0,332.00360313987903,Warehouse,property,2026-02-12T17:46:14.863106+00:00,https://www.propertyfinder.ae/en/plp/commercial-buy/warehouse-for-sale-dubai-jebel-ali-jebel-ali-freezone-freezone-north-16159832.html,38855.0,53k Plot | Standalone | 80% Constructed | End User
[],0,,,commercial_buy,AED,True,16187326,"[""https://static.shared.propertyfinder.ae/media/images/listing/59XRGYVZB0HA15AFHE9JRT3K6C/fb8b52aa-8712-4e89-95b5-64b0435d71d9/416x272.jpg"", ""https://static.shared.propertyfinder.ae/media/images/listing/59XRGYVZB0HA15AFHE9JRT3K6C/fb8b52aa-8712-4e89-95b5-64b0435d71d9/668x452.jpg""]",False,False,24.971237182617188,"Freezone South, Jebel Ali Freezone, Jebel Ali, Dubai",4,55.053863525390625,3,19000000.0,339.2857142857143,Warehouse,property,2026-02-12T17:46:14.863106+00:00,https://www.propertyfinder.ae/en/plp/commercial-buy/warehouse-for-sale-dubai-jebel-ali-jebel-ali-freezone-freezone-south-16187326.html,56000.0,WAREHOUSE FOR SALE I JAFZA SOUTH I FREEZONE
[],0,,,commercial_buy,AED,True,15950845,"[""https://static.shared.propertyfinder.ae/media/images/listing/6E2W6Z9DJHP0BYTZADRMT2N964/09ccb96d-1b75-4754-be55-c39fe3e237bf/416x272.jpg"", ""https://static.shared.propertyfinder.ae/media/images/listing/6E2W6Z9DJHP0BYTZADRMT2N964/09ccb96d-1b75-4754-be55-c39fe3e237bf/668x452.jpg""]",True,False,24.995296478271484,"Palm Jebel Ali - Frond O, Palm Jebel Ali, Dubai",3,54.98155212402344,3,42000000.0,1883.408071748879,Land,property,2026-02-12T17:46:14.863106+00:00,https://www.propertyfinder.ae/en/plp/commercial-buy/land-for-sale-dubai-palm-jebel-ali-palm-jebel-ali-frond-o-15950845.html,22300.0,High Number | Villa Plot | G+2 | Good Payment Plan
[],0,,,commercial_buy,AED,True,15950841,"[""https://static.shared.propertyfinder.ae/media/images/listing/3PS4GBNKT0183TCPS4CYKMESCC/b241d50e-ce73-401b-9303-d85e2748de0e/416x272.jpg"", ""https://static.shared.propertyfinder.ae/media/images/listing/3PS4GBNKT0183TCPS4CYKMESCC/b241d50e-ce73-401b-9303-d85e2748de0e/668x452.jpg""]",True,False,25.00924301147461,"Palm Jebel Ali Frond K, Palm Jebel Ali, Dubai",3,54.97135925292969,3,353000000.0,4021.646254628311,Land,property,2026-02-12T17:46:14.863106+00:00,https://www.propertyfinder.ae/en/plp/commercial-buy/land-for-sale-dubai-palm-jebel-ali-palm-jebel-ali-frond-k-15950841.html,87775.0,FULL TIP | Largest Villa Plot on JA | Payment Plan
"[""CP""]",1,,,commercial_buy,AED,True,16030184,"[""https://static.shared.propertyfinder.ae/media/images/listing/GPZNZKTSD2J88BBJQH95Y9FJTC/5d4d4714-77c0-4b23-8abd-2bca82b5da0f/416x272.jpg"", ""https://static.shared.propertyfinder.ae/media/images/listing/GPZNZKTSD2J88BBJQH95Y9FJTC/5d4d4714-77c0-4b23-8abd-2bca82b5da0f/668x452.jpg""]",False,False,25.22117042541504,"Latifa Tower, Sheikh Zayed Road, Dubai",3,55.28102111816406,3,4200000.0,2972.3991507430997,Office Space,property,2026-02-12T17:46:14.863106+00:00,https://www.propertyfinder.ae/en/plp/commercial-buy/office-space-for-sale-dubai-sheikh-zayed-road-latifa-tower-16030184.html,1413.0,Only Freehold Office Overlooking SZR View
[],0,,,commercial_buy,AED,True,16009894,"[""https://static.shared.propertyfinder.ae/media/images/listing/0WF72ASZJGX42VY1FWZS42M4X0/f90c6262-794f-4327-b401-561481a59b25/416x272.jpg"", ""https://static.shared.propertyfinder.ae/media/images/listing/0WF72ASZJGX42VY1FWZS42M4X0/f90c6262-794f-4327-b401-561481a59b25/668x452.jpg""]",False,False,24.985824584960938,"Freezone North, Jebel Ali Freezone, Jebel Ali, Dubai",4,55.04335021972656,3,23000000.0,201.58286370369072,Warehouse,property,2026-02-12T17:46:14.863106+00:00,https://www.propertyfinder.ae/en/plp/commercial-buy/warehouse-for-sale-dubai-jebel-ali-jebel-ali-freezone-freezone-north-16009894.html,114097.0,"With 2,700kW Powered Warehouse Available for Sale"
[],0,,,commercial_buy,AED,True,15940419,"[""https://static.shared.propertyfinder.ae/media/images/listing/NKHTNCHS493N5XQPKVXFW4RBN4/26afe5fc-2a66-494c-a92c-4b1288badc4a/416x272.jpg"", ""https://static.shared.propertyfinder.ae/media/images/listing/NKHTNCHS493N5XQPKVXFW4RBN4/26afe5fc-2a66-494c-a92c-4b1288badc4a/668x452.jpg""]",False,False,25.39268684387207,"Ajman Global City, Al Alia, Ajman",3,55.56203079223633,3,7300000.0,415.8122579175211,Land,property,2026-02-12T17:46:14.863106+00:00,https://www.propertyfinder.ae/en/plp/commercial-buy/land-for-sale-ajman-al-alia-ajman-global-city-15940419.html,17556.0,"Land for sale in Al-Aliya, freehold.............."
[],0,,,commercial_buy,AED,True,51223094,"[""https://static.shared.propertyfinder.ae/media/images/listing/YYR6T88E3C8EA5ZJJJB0HNQYT8/fc4bbff8-1058-4ec3-bd51-98aacaaa7ffe/416x272.jpg"", ""https://static.shared.propertyfinder.ae/media/images/listing/YYR6T88E3C8EA5ZJJJB0HNQYT8/fc4bbff8-1058-4ec3-bd51-98aacaaa7ffe/668x452.jpg""]",False,False,24.985824584960938,"Freezone North, Jebel Ali Freezone, Jebel Ali, Dubai",4,55.04335021972656,3,12900000.0,332.08052309118057,Warehouse,property,2026-02-12T17:46:14.863106+00:00,https://www.propertyfinder.ae/en/plp/commercial-buy/warehouse-for-sale-dubai-jebel-ali-jebel-ali-freezone-freezone-south-2OncG2TVXai.html,38846.0,1500KW ELEC | INDUSTRIAL WAREHOUSE | JAFZA NORTH
[],0,,,commercial_buy,AED,True,16302819,"[""https://static.shared.propertyfinder.ae/media/images/listing/8HDXEFW1WN3PYD2DSJ99CF47GG/90adeb5e-606f-488c-8f28-4677f776060e/416x272.jpg"", ""https://static.shared.propertyfinder.ae/media/images/listing/8HDXEFW1WN3PYD2DSJ99CF47GG/90adeb5e-606f-488c-8f28-4677f776060e/668x452.jpg""]",False,False,25.205759048461914,"Al Belidah, Al Bataeh, Sharjah",3,55.64237594604492,3,890010.0,206.02083333333334,Land,property,2026-02-12T17:46:14.863106+00:00,https://www.propertyfinder.ae/en/plp/commercial-buy/land-for-sale-sharjah-al-bataeh-al-belidah-16302819.html,4320.0,Prime Investment Land in Al Blida1
[],0,,,commercial_buy,AED,True,16008970,"[""https://static.shared.propertyfinder.ae/media/images/listing/Z0PX5JVNHAJXWRRN6YSB27WGQM/5961f403-77f3-4f0e-8fd5-27fb1af2690a/416x272.jpg"", ""https://static.shared.propertyfinder.ae/media/images/listing/Z0PX5JVNHAJXWRRN6YSB27WGQM/5961f403-77f3-4f0e-8fd5-27fb1af2690a/668x452.jpg""]",False,False,25.205759048461914,"Al Belidah, Al Bataeh, Sharjah",3,55.64237594604492,4,810000.0,289.3890675241158,Land,property,2026-02-12T17:46:20.082717+00:00,https://www.propertyfinder.ae/en/plp/commercial-buy/land-for-sale-sharjah-al-bataeh-al-belidah-16008970.html,2799.0,Land Opportunity | Freehold G+2 Residential Plot
[],0,,,commercial_buy,AED,True,16295515,"[""https://static.shared.propertyfinder.ae/media/images/listing/NBJEQ8A73546ZXHH2PAG5TPB6W/52c1a469-947f-433a-9ed4-5bc743e3974a/416x272.jpg"", ""https://static.shared.propertyfinder.ae/media/images/listing/NBJEQ8A73546ZXHH2PAG5TPB6W/52c1a469-947f-433a-9ed4-5bc743e3974a/668x452.jpg""]",False,False,25.265644073486328,"Tilal City A, Tilal City, Sharjah",3,55.585567474365234,4,2099010.0,423.8711631663974,Land,property,2026-02-12T17:46:20.082717+00:00,https://www.propertyfinder.ae/en/plp/commercial-buy/land-for-sale-sharjah-tilal-city-tilal-city-a-16295515.html,4952.0,Build Smart Invest Smarter Today
[],0,,,commercial_buy,AED,True,14992000,"[""https://static.shared.propertyfinder.ae/media/images/listing/01K315JHNT5DC52QT0CVHFTG0Z/23d24e76-c091-4dec-8ed8-6ed3e579d1ad/416x272.jpg"", ""https://static.shared.propertyfinder.ae/media/images/listing/01K315JHNT5DC52QT0CVHFTG0Z/23d24e76-c091-4dec-8ed8-6ed3e579d1ad/668x452.jpg""]",False,False,25.548364639282227,"Umm Al Thuoob, Umm Al Quwain",2,55.700618743896484,4,5228400.0,120.0,Land,property,2026-02-12T17:46:20.082717+00:00,https://www.propertyfinder.ae/en/plp/commercial-buy/land-for-sale-umm-al-quwain-umm-al-thuoob-14992000.html,43570.0,High-Potential Commercial Land | UAQ
[],0,,,commercial_buy,AED,True,15596632,"[""https://static.shared.propertyfinder.ae/media/images/listing/01K9S9GDAYD9R1DND4DM9BE1R9/61ab2a15-c0d5-4fbf-a6e9-eab1cf44f85c/416x272.jpg"", ""https://static.shared.propertyfinder.ae/media/images/listing/01K9S9GDAYD9R1DND4DM9BE1R9/61ab2a15-c0d5-4fbf-a6e9-eab1cf44f85c/668x452.jpg""]",False,False,24.877687454223633,"Al Qasimiah City, Sharjah",2,55.70550537109375,4,1553242.0,130.00016739203213,Land,property,2026-02-12T17:46:20.082717+00:00,https://www.propertyfinder.ae/en/plp/commercial-buy/land-for-sale-sharjah-al-qasimiah-city-15596632.html,11948.0,"Industrial Land | Al Qasimiya | 11,948 sq. ft"
[],0,,,commercial_buy,AED,True,16158840,"[""https://static.shared.propertyfinder.ae/media/images/listing/MT17XWTRHVX2GENGZTJV4Z1PX4/84e8e0aa-1080-4e97-a0b9-15d4a47ddde2/416x272.jpg"", ""https://static.shared.propertyfinder.ae/media/images/listing/MT17XWTRHVX2GENGZTJV4Z1PX4/84e8e0aa-1080-4e97-a0b9-15d4a47ddde2/668x452.jpg""]",False,False,25.06402587890625,"HDS Business Centre, JLT Cluster M, Jumeirah Lake Towers, Dubai",4,55.13820266723633,4,28512000.0,2750.0,Office Space,property,2026-02-12T17:46:20.082717+00:00,https://www.propertyfinder.ae/en/plp/commercial-buy/office-space-for-sale-dubai-jumeirah-lake-towers-jlt-cluster-m-hds-business-centre-16158840.html,10368.0,Full Floor Office | Sea View | DMCC Uptown | JLT
[],0,7,7,commercial_buy,AED,True,16274644,"[""https://static.shared.propertyfinder.ae/media/images/listing/DAC71ZXGK3XQGAB8SGWEHNFBG4/6945641e-189c-4505-a3a6-5c0159192e7b/416x272.jpg"", ""https://static.shared.propertyfinder.ae/media/images/listing/DAC71ZXGK3XQGAB8SGWEHNFBG4/6945641e-189c-4505-a3a6-5c0159192e7b/668x452.jpg""]",False,False,25.405323028564453,"Al Azza Building, Al Rumaila, Ajman",3,55.434574127197266,4,2800000.0,504.0504050405041,Land,property,2026-02-12T17:46:20.083729+00:00,https://www.propertyfinder.ae/en/plp/commercial-buy/land-for-sale-ajman-al-rumaila-al-azza-building-16274644.html,5555.0,"Residential and commercial land in Al Rumaila 1, b"
[],0,,,commercial_buy,AED,True,16018887,"[""https://static.shared.propertyfinder.ae/media/images/listing/YD0N5DCD8VMZ786KRFSSJFJ9HM/3304a647-1b42-4433-a822-e383245c780f/416x272.jpg"", ""https://static.shared.propertyfinder.ae/media/images/listing/YD0N5DCD8VMZ786KRFSSJFJ9HM/3304a647-1b42-4433-a822-e383245c780f/668x452.jpg""]",False,False,25.3082218170166,"Al Sajaa Industrial, Al Sajaa, Sharjah",3,55.65555953979492,4,8000000.0,592.5925925925926,Warehouse,property,2026-02-12T17:46:20.083729+00:00,https://www.propertyfinder.ae/en/plp/commercial-buy/warehouse-for-sale-sharjah-al-sajaa-al-sajaa-industrial-16018887.html,13500.0,NO AGENTS | 25 KW POWER | PRIME PLOT | SPACIOUS
[],0,,,commercial_buy,AED,True,16007105,"[""https://static.shared.propertyfinder.ae/media/images/listing/QFHC62YA9D4KWWVRPQWE6AQB10/aa274ff8-6bba-45d5-91e8-9661953f3d77/416x272.jpg"", ""https://static.shared.propertyfinder.ae/media/images/listing/QFHC62YA9D4KWWVRPQWE6AQB10/aa274ff8-6bba-45d5-91e8-9661953f3d77/668x452.jpg""]",False,False,24.98343849182129,"Phase 1, Dubai Investment Park (DIP), Dubai",3,55.15414047241211,4,40000000.0,714.2857142857143,Warehouse,property,2026-02-12T17:46:20.083729+00:00,https://www.propertyfinder.ae/en/plp/commercial-buy/warehouse-for-sale-dubai-dubai-investment-park-dip-phase-1-16007105.html,56000.0,STANDALONE | VACANT FROM FEB | 500KW POWER
[],0,,,commercial_buy,AED,True,16150463,"[""https://static.shared.propertyfinder.ae/media/images/listing/6K0HMH7BCEZK7NKHRFJ037608M/83a599a8-3b0b-4e97-913b-26b036d3ca20/416x272.jpg"", ""https://static.shared.propertyfinder.ae/media/images/listing/6K0HMH7BCEZK7NKHRFJ037608M/83a599a8-3b0b-4e97-913b-26b036d3ca20/668x452.jpg""]",False,False,24.985824584960938,"Freezone North, Jebel Ali Freezone, Jebel Ali, Dubai",4,55.04335021972656,4,10500000.0,233.74888691006234,Warehouse,property,2026-02-12T17:46:20.083729+00:00,https://www.propertyfinder.ae/en/plp/commercial-buy/warehouse-for-sale-dubai-jebel-ali-jebel-ali-freezone-freezone-north-16150463.html,44920.0,Prime Location | Close to Port | VOT
[],0,,,commercial_buy,AED,True,15692320,"[""https://static.shared.propertyfinder.ae/media/images/listing/01KATM8D09GC2FKZFP8PN9188D/96549853-cc33-4124-ac46-9cfb2411a57c/416x272.jpg"", ""https://static.shared.propertyfinder.ae/media/images/listing/01KATM8D09GC2FKZFP8PN9188D/96549853-cc33-4124-ac46-9cfb2411a57c/668x452.jpg""]",False,False,24.985824584960938,"Freezone North, Jebel Ali Freezone, Jebel Ali, Dubai",4,55.04335021972656,4,14000000.0,722.5806451612904,Warehouse,property,2026-02-12T17:46:20.083729+00:00,https://www.propertyfinder.ae/en/plp/commercial-buy/warehouse-for-sale-dubai-jebel-ali-jebel-ali-freezone-freezone-north-15692320.html,19375.0,No Agents | Electricity 300KW | Height 10 Meter
[],0,,,commercial_buy,AED,True,16029866,"[""https://static.shared.propertyfinder.ae/media/images/listing/F6CC8S567NBQQJCTPF25VTECD4/6470fc05-dc7f-432b-9d8a-6ea6b2e78863/416x272.jpg"", ""https://static.shared.propertyfinder.ae/media/images/listing/F6CC8S567NBQQJCTPF25VTECD4/6470fc05-dc7f-432b-9d8a-6ea6b2e78863/668x452.jpg""]",False,False,25.011554718017578,"Jebel Ali Industrial 1, Jebel Ali Industrial, Jebel Ali, Dubai",4,55.11389923095703,4,40000000.0,408.16326530612247,Warehouse,property,2026-02-12T17:46:20.083729+00:00,https://www.propertyfinder.ae/en/plp/commercial-buy/warehouse-for-sale-dubai-jebel-ali-jebel-ali-industrial-jebel-ali-industrial-1-16029866.html,98000.0,"Grade A Industrial Factory | 98,282 Sq. Ft. BUA"
[],0,,,commercial_buy,AED,True,14845423,"[""https://static.shared.propertyfinder.ae/media/images/listing/01K1AY17DPGQE4MSFSK15BDZS7/11228604-799b-4ee3-998b-4db4f67cd3fc/416x272.jpg"", ""https://static.shared.propertyfinder.ae/media/images/listing/01K1AY17DPGQE4MSFSK15BDZS7/11228604-799b-4ee3-998b-4db4f67cd3fc/668x452.jpg""]",False,False,24.985824584960938,"Freezone North, Jebel Ali Freezone, Jebel Ali, Dubai",4,55.04335021972656,4,15000000.0,483.8709677419355,Warehouse,property,2026-02-12T17:46:20.083729+00:00,https://www.propertyfinder.ae/en/plp/commercial-buy/warehouse-for-sale-dubai-jebel-ali-jebel-ali-freezone-freezone-north-14845423.html,31000.0,BRAND NEW WAREHOUSE | 320KW | LOADING BAYS
[],0,,,commercial_buy,AED,True,16128081,"[""https://static.shared.propertyfinder.ae/media/images/listing/CZ4EMKKR8XKZMJJVBWJR61HAQM/2557c065-c6e5-4373-89b0-529e66f3646a/416x272.jpg"", ""https://static.shared.propertyfinder.ae/media/images/listing/CZ4EMKKR8XKZMJJVBWJR61HAQM/2557c065-c6e5-4373-89b0-529e66f3646a/668x452.jpg""]",False,False,25.391420364379883,"Al Rawda 2 Villas, Al Rawda 2, Al Rawda, Ajman",4,55.51118087768555,4,3600000.0,360.0,Land,property,2026-02-12T17:46:20.083729+00:00,https://www.propertyfinder.ae/en/plp/commercial-buy/land-for-sale-ajman-al-rawda-al-rawda-2-al-rawda-2-villas-16128081.html,10000.0,Corner villa with 5 residential and commercial roo
[],0,,,commercial_buy,AED,True,16056497,"[""https://static.shared.propertyfinder.ae/media/images/listing/AWGJ4AXVJNQV0ACKXHQBYBNAM8/dd9e8c01-188f-4e76-8c76-e9acc519ebfc/416x272.jpg"", ""https://static.shared.propertyfinder.ae/media/images/listing/AWGJ4AXVJNQV0ACKXHQBYBNAM8/dd9e8c01-188f-4e76-8c76-e9acc519ebfc/668x452.jpg""]",False,False,25.689943313598633,"Azure By Lapis, RAK Central, Ras Al Khaimah",3,55.79930877685547,4,8309054.0,2700.375040623984,Office Space,property,2026-02-12T17:46:20.083729+00:00,https://www.propertyfinder.ae/en/plp/commercial-buy/office-space-for-sale-ras-al-khaimah-rak-central-azure-by-lapis-16056497.html,3077.0,High-Footfall Retail Space in Azure by Lapis
"[""AN"", ""CP"", ""CR"", ""LB"", ""VC""]",5,2,,commercial_buy,AED,True,16194430,"[""https://static.shared.propertyfinder.ae/media/images/listing/QRXKMBY64RQMVMCYE1CDFS1R1R/887ea710-622f-4f05-ae31-666452c22e26/416x272.jpg"", ""https://static.shared.propertyfinder.ae/media/images/listing/QRXKMBY64RQMVMCYE1CDFS1R1R/887ea710-622f-4f05-ae31-666452c22e26/668x452.jpg""]",False,False,25.301149368286133,"Ali Mousa Building, Al Sajaa Industrial, Al Sajaa, Sharjah",4,55.630924224853516,4,4550000.0,300.3895160757906,Warehouse,property,2026-02-12T17:46:20.083729+00:00,https://www.propertyfinder.ae/en/plp/commercial-buy/warehouse-for-sale-sharjah-al-sajaa-industrial-al-sajaa-ali-mousa-building-16194430.html,15147.0,Warehouse for Sale in Al Suja Area – Free
[],0,,,commercial_buy,AED,True,16224441,"[""https://static.shared.propertyfinder.ae/media/images/listing/ZN287PQR3T7ZGCDSKS7DJT71C8/c7a2c4c5-08ff-4700-a7f3-4890d0b72580/416x272.jpg"", ""https://static.shared.propertyfinder.ae/media/images/listing/ZN287PQR3T7ZGCDSKS7DJT71C8/c7a2c4c5-08ff-4700-a7f3-4890d0b72580/668x452.jpg""]",False,False,25.127197265625,"Al Quoz Industrial Area 3, Al Quoz Industrial Area, Al Quoz, Dubai",4,55.21676254272461,4,33000000.0,1004.1382667964947,Warehouse,property,2026-02-12T17:46:20.083729+00:00,https://www.propertyfinder.ae/en/plp/commercial-buy/warehouse-for-sale-dubai-al-quoz-al-quoz-industrial-area-al-quoz-industrial-area-3-16224441.html,32864.0,Multi– Purpose Warehouse | Prime Location | 400 kW
[],0,,,commercial_buy,AED,True,16224384,"[""https://static.shared.propertyfinder.ae/media/images/listing/H353MZTXNMEVXG7YGPWBRH6TDM/5237c879-fa89-4493-84df-cb558bca59ab/416x272.jpg"", ""https://static.shared.propertyfinder.ae/media/images/listing/H353MZTXNMEVXG7YGPWBRH6TDM/5237c879-fa89-4493-84df-cb558bca59ab/668x452.jpg""]",False,False,25.14043426513672,"WAQ, Al Quoz Industrial Area, Al Quoz, Dubai",4,55.22730255126953,4,12500000.0,735.2941176470588,Warehouse,property,2026-02-12T17:46:20.083729+00:00,https://www.propertyfinder.ae/en/plp/commercial-buy/warehouse-for-sale-dubai-al-quoz-al-quoz-industrial-area-waq-16224384.html,17000.0,Fully Renovated | Air-conditioned | Column-less
"[""AN"", ""DN"", ""CR"", ""LB"", ""VC""]",5,7,,commercial_buy,AED,True,16098756,"[""https://static.shared.propertyfinder.ae/media/images/listing/V8WMR5SY69JN20Y32F06YJ5K9C/fa28ae3c-25b2-4108-97b2-8de3b8696160/416x272.jpg"", ""https://static.shared.propertyfinder.ae/media/images/listing/V8WMR5SY69JN20Y32F06YJ5K9C/fa28ae3c-25b2-4108-97b2-8de3b8696160/668x452.jpg""]",False,False,25.388668060302734,"Al Rawda 3 Villas, Al Rawda 3, Al Rawda, Ajman",4,55.49974060058594,4,6500000.0,650.0,Whole Building,property,2026-02-12T17:46:20.083729+00:00,https://www.propertyfinder.ae/en/plp/commercial-buy/whole-building-for-sale-ajman-al-rawda-al-rawda-3-al-rawda-3-villas-16098756.html,10000.0,A residential and commercial building with luxurio
[],0,1,,commercial_buy,AED,True,15997158,"[""https://static.shared.propertyfinder.ae/media/images/listing/GQJX20GA1G9EPFWY12BMTCC02G/517d90ab-e16e-442e-bb90-d77fd6c77ba2/416x272.jpg"", ""https://static.shared.propertyfinder.ae/media/images/listing/GQJX20GA1G9EPFWY12BMTCC02G/517d90ab-e16e-442e-bb90-d77fd6c77ba2/668x452.jpg""]",False,False,25.68566131591797,"Pacific Bora Bora, Pacific, Al Marjan Island, Ras Al Khaimah",4,55.73293685913086,4,3300000.0,3300.0,Office Space,property,2026-02-12T17:46:20.083729+00:00,https://www.propertyfinder.ae/en/plp/commercial-buy/office-space-for-sale-ras-al-khaimah-al-marjan-island-pacific-pacific-bora-bora-15997158.html,1000.0,Sea Front Retail For Sale in Pacific Al Marjan
[],0,,,commercial_buy,AED,True,15771412,"[""https://static.shared.propertyfinder.ae/media/images/listing/01KBPPQSKKTE8R18R58J0VX16W/47490502-f702-43bd-ad7c-252c0dd2d596/416x272.jpg"", ""https://static.shared.propertyfinder.ae/media/images/listing/01KBPPQSKKTE8R18R58J0VX16W/47490502-f702-43bd-ad7c-252c0dd2d596/668x452.jpg""]",False,False,24.985824584960938,"Freezone North, Jebel Ali Freezone, Jebel Ali, Dubai",4,55.04335021972656,4,18000000.0,527.8592375366569,Warehouse,property,2026-02-12T17:46:20.083729+00:00,https://www.propertyfinder.ae/en/plp/commercial-buy/warehouse-for-sale-dubai-jebel-ali-jebel-ali-freezone-freezone-north-15771412.html,34100.0,WAREHOUSE FOR SALE | MAR 2026 | NEAR JAFZA
[],0,,,commercial_buy,AED,True,15771425,"[""https://static.shared.propertyfinder.ae/media/images/listing/01KBPPTP966H53AEV3TYB2ZH2W/9abb5e04-806d-4399-aead-58aea7200ddd/416x272.jpg"", ""https://static.shared.propertyfinder.ae/media/images/listing/01KBPPTP966H53AEV3TYB2ZH2W/9abb5e04-806d-4399-aead-58aea7200ddd/668x452.jpg""]",False,False,24.971237182617188,"Freezone South, Jebel Ali Freezone, Jebel Ali, Dubai",4,55.053863525390625,4,35000000.0,457.51633986928107,Warehouse,property,2026-02-12T17:46:20.083729+00:00,https://www.propertyfinder.ae/en/plp/commercial-buy/warehouse-for-sale-dubai-jebel-ali-jebel-ali-freezone-freezone-south-15771425.html,76500.0,UPCOMING NEW WAREHOUSE I COMPLETION Q1 2026
[],0,,,commercial_buy,AED,True,16236248,"[""https://static.shared.propertyfinder.ae/media/images/listing/ZY9AZM3ZMD4J7BK2PHAS6ZG550/3d72d052-72dd-4769-a64b-dfbc1a3f1819/416x272.jpg"", ""https://static.shared.propertyfinder.ae/media/images/listing/ZY9AZM3ZMD4J7BK2PHAS6ZG550/3d72d052-72dd-4769-a64b-dfbc1a3f1819/668x452.jpg""]",False,False,25.385202407836914,"Al Aamra Tower, Al Amerah, Ajman",3,55.577613830566406,4,1200000.0,435.5716878402904,Land,property,2026-02-12T17:46:20.083729+00:00,https://www.propertyfinder.ae/en/plp/commercial-buy/land-for-sale-ajman-al-amerah-al-aamra-tower-16236248.html,2755.0,"plots of land in Al Alia, residential/commercial"
[],0,,,commercial_buy,AED,True,15897481,"[""https://static.shared.propertyfinder.ae/media/images/listing/01KD2KDN8809T6AKWMKQQGSTV0/07cc7ab8-38c0-498d-acd7-9e48aa547e0a/416x272.jpg"", ""https://static.shared.propertyfinder.ae/media/images/listing/01KD2KDN8809T6AKWMKQQGSTV0/07cc7ab8-38c0-498d-acd7-9e48aa547e0a/668x452.jpg""]",False,False,25.115951538085938,"Al Quoz Industrial Area 4, Al Quoz Industrial Area, Al Quoz, Dubai",4,55.23420715332031,4,32500000.0,325.0,Warehouse,property,2026-02-12T17:46:20.083729+00:00,https://www.propertyfinder.ae/en/plp/commercial-buy/warehouse-for-sale-dubai-al-quoz-al-quoz-industrial-area-al-quoz-industrial-area-4-15897481.html,100000.0,RARE FIND | 100K SQFT PLOT | 19% GROSS ROI
[],0,4,,commercial_buy,AED,True,16219347,"[""https://static.shared.propertyfinder.ae/media/images/listing/SHH43JXPQYXEGTZGK6EJ36HC7W/2f143bfb-e3c4-49e7-870c-b49def51ef73/416x272.jpg"", ""https://static.shared.propertyfinder.ae/media/images/listing/SHH43JXPQYXEGTZGK6EJ36HC7W/2f143bfb-e3c4-49e7-870c-b49def51ef73/668x452.jpg""]",False,False,24.978975296020508,"Dubai Investment Park 2 (DIP 2), Dubai Investment Park (DIP), Dubai",3,55.19889450073242,4,13000000.0,731.2408594892564,Warehouse,property,2026-02-12T17:46:20.083729+00:00,https://www.propertyfinder.ae/en/plp/commercial-buy/warehouse-for-sale-dubai-dubai-investment-park-dip-dubai-investment-park-2-dip-2-16219347.html,17778.0,Standalone Warehouse | Prime Location | Rented
[],0,,,commercial_buy,AED,True,14900114,"[""https://static.shared.propertyfinder.ae/media/images/listing/01K8Z28F93V0R1GZ913VKFTBPQ/705854ce-fca2-451a-a606-3501df7d6bba/416x272.jpg"", ""https://static.shared.propertyfinder.ae/media/images/listing/01K8Z28F93V0R1GZ913VKFTBPQ/705854ce-fca2-451a-a606-3501df7d6bba/668x452.jpg""]",False,False,24.98343849182129,"Phase 1, Dubai Investment Park (DIP), Dubai",3,55.15414047241211,4,30000000.0,1019.367991845056,Warehouse,property,2026-02-12T17:46:20.083729+00:00,https://www.propertyfinder.ae/en/plp/commercial-buy/warehouse-for-sale-dubai-dubai-investment-park-dip-phase-1-14900114.html,29430.0,BRAND NEW WAREHOUSE IN DIP 1 | FACING MAIN ROAD
[],0,,,commercial_buy,AED,True,16095757,"[""https://static.shared.propertyfinder.ae/media/images/listing/SNNMXYKC2TYEX638EYBR9PSN94/88640951-74cb-45e2-9971-45425644c9d3/416x272.jpg"", ""https://static.shared.propertyfinder.ae/media/images/listing/SNNMXYKC2TYEX638EYBR9PSN94/88640951-74cb-45e2-9971-45425644c9d3/668x452.jpg""]",False,False,24.877687454223633,"Al Qasimiah City, Sharjah",2,55.70550537109375,5,1345000.0,167.72664920813068,Land,property,2026-02-12T17:46:25.725816+00:00,https://www.propertyfinder.ae/en/plp/commercial-buy/land-for-sale-sharjah-al-qasimiah-city-16095757.html,8019.0,Zero Percent Down Payment with 12 Months Installme
[],0,,,commercial_buy,AED,True,16243311,"[""https://static.shared.propertyfinder.ae/media/images/listing/Q81D5ZPYQTJYDKMWYPTVEW0J38/594f90c0-0f3a-4a84-8386-8ab6ce3d9464/416x272.jpg"", ""https://static.shared.propertyfinder.ae/media/images/listing/Q81D5ZPYQTJYDKMWYPTVEW0J38/594f90c0-0f3a-4a84-8386-8ab6ce3d9464/668x452.jpg""]",False,False,25.205759048461914,"Al Belidah, Al Bataeh, Sharjah",3,55.64237594604492,5,2599010.0,299.56316274781005,Land,property,2026-02-12T17:46:25.725816+00:00,https://www.propertyfinder.ae/en/plp/commercial-buy/land-for-sale-sharjah-al-bataeh-al-belidah-16243311.html,8676.0,prime location on Maliha road Balida3
"[""CP""]",1,,,commercial_buy,AED,True,15820603,"[""https://static.shared.propertyfinder.ae/media/images/listing/01KC68E0RD8RKW5ZKXSNVZ52EG/556785a4-0002-4df3-9423-72fe146dd7d5/416x272.jpg"", ""https://static.shared.propertyfinder.ae/media/images/listing/01KC68E0RD8RKW5ZKXSNVZ52EG/556785a4-0002-4df3-9423-72fe146dd7d5/668x452.jpg""]",False,False,25.069196701049805,"Gold Tower (Au Tower), JLT Cluster I, Jumeirah Lake Towers, Dubai",4,55.143245697021484,5,1811200.0,3200.0,Office Space,property,2026-02-12T17:46:25.725816+00:00,https://www.propertyfinder.ae/en/plp/commercial-buy/office-space-for-sale-dubai-jumeirah-lake-towers-jlt-cluster-i-gold-tower-au-tower-15820603.html,566.0,Grade A Tower | Negotiable | Fitted Office
[],0,,,commercial_buy,AED,True,16023762,"[""https://static.shared.propertyfinder.ae/media/images/listing/9H9JM3MX5KXJ8A5REYWM0Z5W6W/3d9d2ede-3a0b-424d-be70-6eafe00722ae/416x272.jpg"", ""https://static.shared.propertyfinder.ae/media/images/listing/9H9JM3MX5KXJ8A5REYWM0Z5W6W/3d9d2ede-3a0b-424d-be70-6eafe00722ae/668x452.jpg""]",False,False,24.877687454223633,"Al Qasimiah City, Sharjah",2,55.70550537109375,5,1218696.0,102.0,Land,property,2026-02-12T17:46:25.725816+00:00,https://www.propertyfinder.ae/en/plp/commercial-buy/land-for-sale-sharjah-al-qasimiah-city-16023762.html,11948.0,Phase 4 Industrial Plot Invest Today sqft 102offer
[],0,,,commercial_buy,AED,True,16104207,"[""https://static.shared.propertyfinder.ae/media/images/listing/3W25H9ZSSW1FQBF79CY662VGNG/0033a1fc-29b8-43ed-af40-9caf4805e058/416x272.jpg"", ""https://static.shared.propertyfinder.ae/media/images/listing/3W25H9ZSSW1FQBF79CY662VGNG/0033a1fc-29b8-43ed-af40-9caf4805e058/668x452.jpg""]",False,False,25.06511116027832,"Dubai Star, JLT Cluster L, Jumeirah Lake Towers, Dubai",4,55.137657165527344,5,3048041.0,3000.040354330709,Shop,property,2026-02-12T17:46:25.725816+00:00,https://www.propertyfinder.ae/en/plp/commercial-buy/shop-for-sale-dubai-jumeirah-lake-towers-jlt-cluster-l-dubai-star-16104207.html,1016.0,Decent ROI | Rented Shop | Lake level
"[""AN"", ""CP"", ""SP"", ""DN"", ""CR"", ""LB""]",6,2,,commercial_buy,AED,True,16235545,"[""https://static.shared.propertyfinder.ae/media/images/listing/QNFY0CT673PEJR39SJB8QQ16HW/fae0df96-3da5-4e46-9fbf-4cebc541f6de/416x272.jpg"", ""https://static.shared.propertyfinder.ae/media/images/listing/QNFY0CT673PEJR39SJB8QQ16HW/fae0df96-3da5-4e46-9fbf-4cebc541f6de/668x452.jpg""]",False,False,25.79157066345215,"Julphar Commercial Tower, Julphar Towers, Al Nakheel, Ras Al Khaimah",4,55.9593620300293,5,380000.0,520.5479452054794,Office Space,property,2026-02-12T17:46:25.725816+00:00,https://www.propertyfinder.ae/en/plp/commercial-buy/office-space-for-sale-ras-al-khaimah-al-nakheel-julphar-towers-julphar-commercial-tower-16235545.html,730.0,Office Space for Sale Julphar Tower RAK
"[""AN"", ""LB"", ""VC""]",3,,,commercial_buy,AED,True,15753485,"[""https://static.shared.propertyfinder.ae/media/images/listing/01KBHQSJ2DKM1WKG8KAVCRK3DZ/8eb72823-f1bb-463c-a5d2-9673ad1ff209/416x272.jpg"", ""https://static.shared.propertyfinder.ae/media/images/listing/01KBHQSJ2DKM1WKG8KAVCRK3DZ/8eb72823-f1bb-463c-a5d2-9673ad1ff209/668x452.jpg""]",False,False,25.390947341918945,"Al Helio 2, Al Helio, Ajman",3,55.599796295166016,5,1350000.0,836.4312267657992,Retail,property,2026-02-12T17:46:25.725816+00:00,https://www.propertyfinder.ae/en/plp/commercial-buy/retail-for-sale-ajman-al-helio-al-helio-2-15753485.html,1614.0,Commercial shops for sale | Al Helio 2 Ajman | Fre
"[""AN"", ""LB""]",2,7,,commercial_buy,AED,True,15698148,"[""https://static.shared.propertyfinder.ae/media/images/listing/01KAV6HSKWK5J7VPEGR0F1AP6W/851d16e9-300d-48c3-89c1-86db437d2052/416x272.jpg"", ""https://static.shared.propertyfinder.ae/media/images/listing/01KAV6HSKWK5J7VPEGR0F1AP6W/851d16e9-300d-48c3-89c1-86db437d2052/668x452.jpg""]",False,False,25.433551788330078,"Al Jurf Industrial 1, Al Jurf Industrial, Ajman",3,55.520530700683594,5,16000000.0,1777.382803821373,Whole Building,property,2026-02-12T17:46:25.725816+00:00,https://www.propertyfinder.ae/en/plp/commercial-buy/whole-building-for-sale-ajman-al-jurf-industrial-al-jurf-industrial-1-15698148.html,9002.0,"Building for sale | Al Jurf Industrial Area 1, Ajm"
[],0,,,commercial_buy,AED,True,16239937,"[""https://static.shared.propertyfinder.ae/media/images/listing/6ATNE5XCREX1A7DJ7JMGR44S04/2b61e42a-339d-4e6e-9370-36ff81d203ba/416x272.jpg"", ""https://static.shared.propertyfinder.ae/media/images/listing/6ATNE5XCREX1A7DJ7JMGR44S04/2b61e42a-339d-4e6e-9370-36ff81d203ba/668x452.jpg""]",False,False,25.384429931640625,"Al Aamra Gardens, Al Amerah, Ajman",3,55.573890686035156,5,3900000.0,537.9310344827586,Land,property,2026-02-12T17:46:25.725816+00:00,https://www.propertyfinder.ae/en/plp/commercial-buy/land-for-sale-ajman-al-amerah-al-aamra-gardens-16239937.html,7250.0,"Residential/commercial land for sale in Al-Amirah,"
[],0,,,commercial_buy,AED,True,15606902,"[""https://static.shared.propertyfinder.ae/media/images/listing/01K9VZT7EPYSZWAHQWB04CQ0GB/6b6d4dbe-5db2-46c0-b7e9-2b7c8c3e9e3f/416x272.jpg"", ""https://static.shared.propertyfinder.ae/media/images/listing/01K9VZT7EPYSZWAHQWB04CQ0GB/6b6d4dbe-5db2-46c0-b7e9-2b7c8c3e9e3f/668x452.jpg""]",False,False,24.971237182617188,"Freezone South, Jebel Ali Freezone, Jebel Ali, Dubai",4,55.053863525390625,5,21000000.0,381.8181818181818,Warehouse,property,2026-02-12T17:46:25.725816+00:00,https://www.propertyfinder.ae/en/plp/commercial-buy/warehouse-for-sale-dubai-jebel-ali-jebel-ali-freezone-freezone-south-15606902.html,55000.0,INDUSTRIAL WH | JAFZA | 1883 KW ELECTRICITY
"[""CP"", ""LB"", ""AN"", ""DN""]",4,,,commercial_buy,AED,True,16139841,"[""https://static.shared.propertyfinder.ae/media/images/listing/XBHHZCEHRVZETV4X1P4CPEBYMW/5233eb60-c067-4f46-a68a-76595d44cd93/416x272.jpg"", ""https://static.shared.propertyfinder.ae/media/images/listing/XBHHZCEHRVZETV4X1P4CPEBYMW/5233eb60-c067-4f46-a68a-76595d44cd93/668x452.jpg""]",False,False,25.068777084350586,"Almas Tower, Jumeirah Lake Towers, Dubai",3,55.14121627807617,5,14500000.0,4355.6623610693905,Office Space,property,2026-02-12T17:46:25.725816+00:00,https://www.propertyfinder.ae/en/plp/commercial-buy/office-space-for-sale-dubai-jumeirah-lake-towers-almas-tower-16139841.html,3329.0,Fully Upgraded | Prestigious Tower | Stunning View
[],0,,,commercial_buy,AED,True,16066205,"[""https://static.shared.propertyfinder.ae/media/images/listing/YWC09MS05YC1Y4GM79VECC7AFC/a253a20c-d86f-40d2-a89f-cfdbe90793ca/416x272.jpg"", ""https://static.shared.propertyfinder.ae/media/images/listing/YWC09MS05YC1Y4GM79VECC7AFC/a253a20c-d86f-40d2-a89f-cfdbe90793ca/668x452.jpg""]",False,False,25.176782608032227,"Ras Al Khor Industrial, Ras Al Khor, Dubai",3,55.37519454956055,5,5000000.0,250.0,Land,property,2026-02-12T17:46:25.725816+00:00,https://www.propertyfinder.ae/en/plp/commercial-buy/land-for-sale-dubai-ras-al-khor-ras-al-khor-industrial-16066205.html,20000.0,Interlocked Yard | Tenanted | Prime Location
[],0,,,commercial_buy,AED,True,16006983,"[""https://static.shared.propertyfinder.ae/media/images/listing/EPTEQGJWHYYTPE03KYXEC1EZY8/3606f409-5455-49b2-bb89-9c087299c49f/416x272.jpg"", ""https://static.shared.propertyfinder.ae/media/images/listing/EPTEQGJWHYYTPE03KYXEC1EZY8/3606f409-5455-49b2-bb89-9c087299c49f/668x452.jpg""]",False,False,25.288057327270508,"Al Qusais Industrial Area, Al Qusais, Dubai",3,55.39456558227539,5,13000000.0,1733.3333333333333,Warehouse,property,2026-02-12T17:46:25.725816+00:00,https://www.propertyfinder.ae/en/plp/commercial-buy/warehouse-for-sale-dubai-al-qusais-al-qusais-industrial-area-16006983.html,7500.0,CAR GARAGE | OPEN FOR ALL ACTIVITIES | AL QUSAIS 1
[],0,,,commercial_buy,AED,True,16194755,"[""https://static.shared.propertyfinder.ae/media/images/listing/CN03F8VTKMD089MTB1Y23BYVKM/7675bc08-e905-4090-b588-e904df270a32/416x272.jpg"", ""https://static.shared.propertyfinder.ae/media/images/listing/CN03F8VTKMD089MTB1Y23BYVKM/7675bc08-e905-4090-b588-e904df270a32/668x452.jpg""]",False,False,25.43027114868164,"Al Jurf 3, Al Jurf, Ajman Downtown, Ajman",4,55.548606872558594,5,2850000.0,344.0782325244477,Land,property,2026-02-12T17:46:25.725816+00:00,https://www.propertyfinder.ae/en/plp/commercial-buy/land-for-sale-ajman-ajman-downtown-al-jurf-al-jurf-3-16194755.html,8283.0,Freehold Corner Residential Commercial Land
[],0,,,commercial_buy,AED,True,16088115,"[""https://static.shared.propertyfinder.ae/media/images/listing/97C9TMDJ69Y7GC4TT9A276Y3R4/57efdd9c-f51b-4c32-be25-724223ebeb41/416x272.jpg"", ""https://static.shared.propertyfinder.ae/media/images/listing/97C9TMDJ69Y7GC4TT9A276Y3R4/57efdd9c-f51b-4c32-be25-724223ebeb41/668x452.jpg""]",False,False,25.227275848388672,"Jumeirah Garden City, Al Satwa, Dubai",3,55.2792854309082,5,35000000.0,2348.993288590604,Land,property,2026-02-12T17:46:25.725816+00:00,https://www.propertyfinder.ae/en/plp/commercial-buy/land-for-sale-dubai-al-satwa-jumeirah-garden-city-16088115.html,14900.0,Call Satwa Plot specialist | Genuine Options
[],0,2,,commercial_buy,AED,True,51138022,"[""https://static.shared.propertyfinder.ae/media/images/listing/K4NAE3N5JSDD786HBC0XK89TY8/5b10a925-977c-4d82-a4ce-7e75575565bf/416x272.jpg"", ""https://static.shared.propertyfinder.ae/media/images/listing/K4NAE3N5JSDD786HBC0XK89TY8/5b10a925-977c-4d82-a4ce-7e75575565bf/668x452.jpg""]",False,False,25.152637481689453,"Al Warsan 2, Al Warsan, Dubai",3,55.419124603271484,5,18700000.0,1747.6635514018692,Warehouse,property,2026-02-12T17:46:25.725816+00:00,https://www.propertyfinder.ae/en/plp/commercial-buy/warehouse-for-sale-dubai-al-warsan-al-warsan-2-2OvSnjI639s.html,10700.0,Independent Brand New Freehold Cold Storage
[],0,,,commercial_buy,AED,True,16111056,"[""https://static.shared.propertyfinder.ae/media/images/listing/MRPMKB05A5GCESZSFM41HVVPKW/04f3ab3a-617d-455e-85c5-53eb48c6f972/416x272.jpg"", ""https://static.shared.propertyfinder.ae/media/images/listing/MRPMKB05A5GCESZSFM41HVVPKW/04f3ab3a-617d-455e-85c5-53eb48c6f972/668x452.jpg""]",False,False,25.400943756103516,"Tiger Downtown Ajman, Al Alia, Ajman",3,55.57014846801758,5,5100000.0,472.6598702502317,Land,property,2026-02-12T17:46:25.725816+00:00,https://www.propertyfinder.ae/en/plp/commercial-buy/land-for-sale-ajman-al-alia-tiger-downtown-ajman-16111056.html,10790.0,"For Sale – Mixed-Use Land Plot in Al Alia, Ajman"
"[""AN"", ""CP"", ""CR"", ""LB""]",4,,1,commercial_buy,AED,True,16058993,"[""https://static.shared.propertyfinder.ae/media/images/listing/WG23K9KRVNZAVTAEMHWDGN1R04/1aa1f69d-9a67-4587-9df2-4d9350397493/416x272.jpg"", ""https://static.shared.propertyfinder.ae/media/images/listing/WG23K9KRVNZAVTAEMHWDGN1R04/1aa1f69d-9a67-4587-9df2-4d9350397493/668x452.jpg""]",False,False,25.79157066345215,"Julphar Commercial Tower, Julphar Towers, Al Nakheel, Ras Al Khaimah",4,55.9593620300293,5,410000.0,644.6540880503145,Office Space,property,2026-02-12T17:46:25.725816+00:00,https://www.propertyfinder.ae/en/plp/commercial-buy/office-space-for-sale-ras-al-khaimah-al-nakheel-julphar-towers-julphar-commercial-tower-16058993.html,636.0,High Floor-Water View-Fully fitted and rented
[],0,,,commercial_buy,AED,True,15375282,"[""https://static.shared.propertyfinder.ae/media/images/listing/01K7EWC5736N72FRYGQKKD5D70/8ec6e895-eb5c-494f-b446-81bf83a346be/416x272.jpg"", ""https://static.shared.propertyfinder.ae/media/images/listing/01K7EWC5736N72FRYGQKKD5D70/8ec6e895-eb5c-494f-b446-81bf83a346be/668x452.jpg""]",False,False,25.176782608032227,"Ras Al Khor Industrial, Ras Al Khor, Dubai",3,55.37519454956055,5,9000000.0,236.15848858567304,Land,property,2026-02-12T17:46:25.725816+00:00,https://www.propertyfinder.ae/en/plp/commercial-buy/land-for-sale-dubai-ras-al-khor-ras-al-khor-industrial-15375282.html,38110.0,OPEN SPACE | FULLY FITTED | GREAT PRICE
"[""CP"", ""SP"", ""SY"", ""LB""]",4,1,,commercial_buy,AED,True,16302407,"[""https://static.shared.propertyfinder.ae/media/images/listing/RVE3ZN0CJR5E4QJMPP6SR3J5SC/17543009-7b09-4376-99b6-65b2625dbfeb/416x272.jpg"", ""https://static.shared.propertyfinder.ae/media/images/listing/RVE3ZN0CJR5E4QJMPP6SR3J5SC/17543009-7b09-4376-99b6-65b2625dbfeb/668x452.jpg""]",False,False,25.042980194091797,"Aspirz by Danube, Dubai Sports City, Dubai",3,55.204532623291016,5,816000.0,2487.8048780487807,Office Space,property,2026-02-12T17:46:25.725816+00:00,https://www.propertyfinder.ae/en/plp/commercial-buy/office-space-for-sale-dubai-dubai-sports-city-aspirz-by-danube-16302407.html,328.0,High-Demand Area | Investment-Ready | Book Today
[],0,,,commercial_buy,AED,True,16273392,"[""https://static.shared.propertyfinder.ae/media/images/listing/B7MDKJBQT9484KMA5P78S2FJHR/ff980807-d48f-42a9-921e-111324a3ca1f/416x272.jpg"", ""https://static.shared.propertyfinder.ae/media/images/listing/B7MDKJBQT9484KMA5P78S2FJHR/ff980807-d48f-42a9-921e-111324a3ca1f/668x452.jpg""]",False,False,25.31917953491211,"Al Arqoub, Sharjah Industrial Area, Sharjah",3,55.39204406738281,5,7575000.0,130.03175693073555,Land,property,2026-02-12T17:46:25.725816+00:00,https://www.propertyfinder.ae/en/plp/commercial-buy/land-for-sale-sharjah-sharjah-industrial-area-al-arqoub-16273392.html,58255.0,Industrial Land in Al Arqoub Industrial Area
[],0,,,commercial_buy,AED,True,16299973,"[""https://static.shared.propertyfinder.ae/media/images/listing/2KSC0RWF4Q1GQ3854RRJW6SJGM/60f5a656-61d5-40a1-b162-1bac87bbe1c9/416x272.jpg"", ""https://static.shared.propertyfinder.ae/media/images/listing/2KSC0RWF4Q1GQ3854RRJW6SJGM/60f5a656-61d5-40a1-b162-1bac87bbe1c9/668x452.jpg""]",False,False,25.199970245361328,"Nadd Al Hammar, Dubai",2,55.384830474853516,5,30000000.0,728.1553398058253,Land,property,2026-02-12T17:46:25.725816+00:00,https://www.propertyfinder.ae/en/plp/commercial-buy/land-for-sale-dubai-nadd-al-hammar-16299973.html,41200.0,Showroom + Office / Multiple plot for Sale
[],0,1,,commercial_buy,AED,True,15478798,"[""https://static.shared.propertyfinder.ae/media/images/listing/01K8JH4WKCE03RBAZVW9T0EQ8M/3c5c87e0-24cc-44f3-9a4e-340d9884861d/416x272.jpg"", ""https://static.shared.propertyfinder.ae/media/images/listing/01K8JH4WKCE03RBAZVW9T0EQ8M/3c5c87e0-24cc-44f3-9a4e-340d9884861d/668x452.jpg""]",False,False,25.79157066345215,"Julphar Commercial Tower, Julphar Towers, Al Nakheel, Ras Al Khaimah",4,55.9593620300293,5,600000.0,648.6486486486486,Office Space,property,2026-02-12T17:46:25.725816+00:00,https://www.propertyfinder.ae/en/plp/commercial-buy/office-space-for-sale-ras-al-khaimah-al-nakheel-julphar-towers-julphar-commercial-tower-15478798.html,925.0,Spacious Office | Panoramic Sea View | Ideal Area
"[""CP"", ""DN"", ""LB""]",3,1,,commercial_buy,AED,True,15948661,"[""https://static.shared.propertyfinder.ae/media/images/listing/W094PBGHW5Q289NT6DF27P2YJ0/974c1cbc-d26f-4cda-a2a9-06988b9cc717/416x272.jpg"", ""https://static.shared.propertyfinder.ae/media/images/listing/W094PBGHW5Q289NT6DF27P2YJ0/974c1cbc-d26f-4cda-a2a9-06988b9cc717/668x452.jpg""]",False,False,25.064252853393555,"The LX by Mulk, Arjan, Dubai",3,55.24394989013672,5,3906000.0,1964.7887323943662,Office Space,property,2026-02-12T17:46:25.725816+00:00,https://www.propertyfinder.ae/en/plp/commercial-buy/office-space-for-sale-dubai-arjan-the-lx-by-mulk-15948661.html,1988.0,10% Booking | Grade A Offices | With Balcony
"[""SY""]",1,1,,commercial_buy,AED,True,16201570,"[""https://static.shared.propertyfinder.ae/media/images/listing/QMCRX7PZVJGYC48ZM1JFSGXSWC/4c3f4beb-585d-4984-a308-ef2b226e49d7/416x272.jpg"", ""https://static.shared.propertyfinder.ae/media/images/listing/QMCRX7PZVJGYC48ZM1JFSGXSWC/4c3f4beb-585d-4984-a308-ef2b226e49d7/668x452.jpg""]",False,False,25.183883666992188,"The Citadel Tower, Business Bay, Dubai",3,55.260929107666016,5,2100000.0,1953.4883720930231,Office Space,property,2026-02-12T17:46:25.725816+00:00,https://www.propertyfinder.ae/en/plp/commercial-buy/office-space-for-sale-dubai-business-bay-the-citadel-tower-16201570.html,1075.0,Canal View Office | Prime Business Hub | ROI
[],0,,,commercial_buy,AED,True,15387818,"[""https://static.shared.propertyfinder.ae/media/images/listing/01K7K97YM1K7A5GSJQA5DC6C7M/bfabccfe-b12c-4e0f-93a4-9f2295642d12/416x272.jpg"", ""https://static.shared.propertyfinder.ae/media/images/listing/01K7K97YM1K7A5GSJQA5DC6C7M/bfabccfe-b12c-4e0f-93a4-9f2295642d12/668x452.jpg""]",False,False,25.363222122192383,"Al Jlail, Al Sajaa, Sharjah",3,55.63841247558594,6,17000000.0,524.8209434428254,Warehouse,property,2026-02-12T17:46:29.659820+00:00,https://www.propertyfinder.ae/en/plp/commercial-buy/warehouse-for-sale-sharjah-al-sajaa-al-jlail-15387818.html,32392.0,Factory with Warehouse | High Power Load
[],0,,,commercial_buy,AED,True,15387590,"[""https://static.shared.propertyfinder.ae/media/images/listing/01K7K883NHR94C7AJHFXRE3MQP/a22bc34d-2e3b-4bac-817d-c069b0d1d9e8/416x272.jpg"", ""https://static.shared.propertyfinder.ae/media/images/listing/01K7K883NHR94C7AJHFXRE3MQP/a22bc34d-2e3b-4bac-817d-c069b0d1d9e8/668x452.jpg""]",False,False,25.302555084228516,"Al Mansour Tower, Al Nahda, Sharjah",3,55.374229431152344,6,5209534.0,475.01905717151453,Land,property,2026-02-12T17:46:29.659820+00:00,https://www.propertyfinder.ae/en/plp/commercial-buy/land-for-sale-sharjah-al-nahda-al-mansour-tower-15387590.html,10967.0,Prime Development Site | Land Commercial
[],0,,,commercial_buy,AED,True,15387292,"[""https://static.shared.propertyfinder.ae/media/images/listing/01K7K6PZDWAGEMNHZTR7J59JF1/efc75d01-f0e0-47a9-89f4-8900ac76cf4b/416x272.jpg"", ""https://static.shared.propertyfinder.ae/media/images/listing/01K7K6PZDWAGEMNHZTR7J59JF1/efc75d01-f0e0-47a9-89f4-8900ac76cf4b/668x452.jpg""]",False,False,25.302555084228516,"Al Mansour Tower, Al Nahda, Sharjah",3,55.374229431152344,6,4749884.0,474.9884,Land,property,2026-02-12T17:46:29.659820+00:00,https://www.propertyfinder.ae/en/plp/commercial-buy/land-for-sale-sharjah-al-nahda-al-mansour-tower-15387292.html,10000.0,Prime Development Site | Land Commercial
[],0,,,commercial_buy,AED,True,16148272,"[""https://static.shared.propertyfinder.ae/media/images/listing/2YS1EMQHWFVBWFZR05DBR3NQJG/be5fb2ac-0fcc-48cd-aaed-8d7bcca4c8ec/416x272.jpg"", ""https://static.shared.propertyfinder.ae/media/images/listing/2YS1EMQHWFVBWFZR05DBR3NQJG/be5fb2ac-0fcc-48cd-aaed-8d7bcca4c8ec/668x452.jpg""]",False,False,25.331071853637695,"Manama, Ajman",2,56.028106689453125,6,330000.0,57.84399649430324,Land,property,2026-02-12T17:46:29.659820+00:00,https://www.propertyfinder.ae/en/plp/commercial-buy/land-for-sale-ajman-manama-16148272.html,5705.0,residential-commercial plot for sale
"[""AN"", ""CP"", ""DN"", ""LB""]",4,4,,commercial_buy,AED,True,16005208,"[""https://static.shared.propertyfinder.ae/media/images/listing/R78TSR829RM692NCEA0WXD9VA4/ae4d9c09-c1ff-418b-a0fd-c4e1a5fe087f/416x272.jpg"", ""https://static.shared.propertyfinder.ae/media/images/listing/R78TSR829RM692NCEA0WXD9VA4/ae4d9c09-c1ff-418b-a0fd-c4e1a5fe087f/668x452.jpg""]",False,False,25.109193801879883,"Hyde Residences, Dubai Hills Estate, Dubai",3,55.249855041503906,6,20979000.0,9000.0,Shop,property,2026-02-12T17:46:29.659820+00:00,https://www.propertyfinder.ae/en/plp/commercial-buy/shop-for-sale-dubai-dubai-hills-estate-hyde-residences-16005208.html,2331.0,EXEPTIONAL EXPOSURE | PRIME FRONTAGE
[],0,,,commercial_buy,AED,True,15659097,"[""https://static.shared.propertyfinder.ae/media/images/listing/01KADV8ZWQN436Y7WHQZK0F2Z8/7ac4d41a-7366-4da4-a335-fd8c861dbf1d/416x272.jpg"", ""https://static.shared.propertyfinder.ae/media/images/listing/01KADV8ZWQN436Y7WHQZK0F2Z8/7ac4d41a-7366-4da4-a335-fd8c861dbf1d/668x452.jpg""]",False,False,25.134414672851562,"Al Quoz Industrial Area 2, Al Quoz Industrial Area, Al Quoz, Dubai",4,55.24525833129883,6,13500000.0,1125.0,Warehouse,property,2026-02-12T17:46:29.659820+00:00,https://www.propertyfinder.ae/en/plp/commercial-buy/warehouse-for-sale-dubai-al-quoz-al-quoz-industrial-area-al-quoz-industrial-area-2-15659097.html,12000.0,Premium Cold Storage Warehouse in Al Quoz For Sale
"[""AN"", ""CP"", ""DN"", ""LB""]",4,4,,commercial_buy,AED,True,15990921,"[""https://static.shared.propertyfinder.ae/media/images/listing/NG9SHFS2473E87M9H5ENWG7C4G/6c24594f-58d2-48e3-ae27-a37bf33288e3/416x272.jpg"", ""https://static.shared.propertyfinder.ae/media/images/listing/NG9SHFS2473E87M9H5ENWG7C4G/6c24594f-58d2-48e3-ae27-a37bf33288e3/668x452.jpg""]",False,False,25.109193801879883,"Hyde Residences, Dubai Hills Estate, Dubai",3,55.249855041503906,6,20581200.0,9003.149606299212,Shop,property,2026-02-12T17:46:29.659820+00:00,https://www.propertyfinder.ae/en/plp/commercial-buy/shop-for-sale-dubai-dubai-hills-estate-hyde-residences-15990921.html,2286.0,PRIME FRONTAGE | EXEPTIONAL EXPOSURE
[],0,,,commercial_buy,AED,True,16121832,"[""https://static.shared.propertyfinder.ae/media/images/listing/04D8954TBH0W54AZ7GCDTCMW9R/11f4e3a8-481a-44b3-80ce-246a014f3364/416x272.jpg"", ""https://static.shared.propertyfinder.ae/media/images/listing/04D8954TBH0W54AZ7GCDTCMW9R/11f4e3a8-481a-44b3-80ce-246a014f3364/668x452.jpg""]",False,False,25.39268684387207,"Ajman Global City, Al Alia, Ajman",3,55.56203079223633,6,1300000.0,471.8693284936479,Land,property,2026-02-12T17:46:29.659820+00:00,https://www.propertyfinder.ae/en/plp/commercial-buy/land-for-sale-ajman-al-alia-ajman-global-city-16121832.html,2755.0,PLOT FOR SALE | Opposite Project Tiger | G + 3 |
"[""CP"", ""CR"", ""LB""]",3,,,commercial_buy,AED,True,16083642,"[""https://static.shared.propertyfinder.ae/media/images/listing/64Q6EZ5M5STJX1H0T8BNRAAFGG/92120889-d355-48ae-947a-93c3359aaeca/416x272.jpg"", ""https://static.shared.propertyfinder.ae/media/images/listing/64Q6EZ5M5STJX1H0T8BNRAAFGG/92120889-d355-48ae-947a-93c3359aaeca/668x452.jpg""]",False,False,25.18868064880371,"The Opus, Business Bay, Dubai",3,55.26709747314453,6,24999999.0,8573.387860082305,Office Space,property,2026-02-12T17:46:29.659820+00:00,https://www.propertyfinder.ae/en/plp/commercial-buy/office-space-for-sale-dubai-business-bay-the-opus-16083642.html,2916.0,FULLY FITTED OFFICE | HIGHEST FLOOR| PREMIER TOWER
"[""CP"", ""SP"", ""SY"", ""LB""]",4,1,,commercial_buy,AED,True,16105739,"[""https://static.shared.propertyfinder.ae/media/images/listing/27ED6M00979SG5D9HYMCC72S2M/7ab73e3f-b865-4a26-9903-ff9478de363f/416x272.jpg"", ""https://static.shared.propertyfinder.ae/media/images/listing/27ED6M00979SG5D9HYMCC72S2M/7ab73e3f-b865-4a26-9903-ff9478de363f/668x452.jpg""]",False,False,25.21341323852539,"Skyline Residence, Sheikh Zayed Road, Dubai",3,55.275596618652344,6,2072070.0,2201.9872476089267,Office Space,property,2026-02-12T17:46:29.659820+00:00,https://www.propertyfinder.ae/en/plp/commercial-buy/office-space-for-sale-dubai-sheikh-zayed-road-skyline-residence-16105739.html,941.0,Premium Office | 0% Commission | Investor Deal
"[""CP"", ""SP"", ""SY"", ""LB""]",4,1,,commercial_buy,AED,True,16105558,"[""https://static.shared.propertyfinder.ae/media/images/listing/2PFQ31T9MQPB6DVEDM1PBKW5K4/3ed3e2af-ae88-4504-b8c1-e08027901419/416x272.jpg"", ""https://static.shared.propertyfinder.ae/media/images/listing/2PFQ31T9MQPB6DVEDM1PBKW5K4/3ed3e2af-ae88-4504-b8c1-e08027901419/668x452.jpg""]",False,False,25.21341323852539,"Skyline Residence, Sheikh Zayed Road, Dubai",3,55.275596618652344,6,1455168.0,2201.464447806354,Office Space,property,2026-02-12T17:46:29.659820+00:00,https://www.propertyfinder.ae/en/plp/commercial-buy/office-space-for-sale-dubai-sheikh-zayed-road-skyline-residence-16105558.html,661.0,Own Today | Strong ROI | Capital Growth Deal
[],0,,,commercial_buy,AED,True,15182684,"[""https://static.shared.propertyfinder.ae/media/images/listing/01K59HM97YW83JZR2V6EVWW8KK/61e153f6-dfe0-4ff2-8361-9bce67bc70bc/416x272.jpg"", ""https://static.shared.propertyfinder.ae/media/images/listing/01K59HM97YW83JZR2V6EVWW8KK/61e153f6-dfe0-4ff2-8361-9bce67bc70bc/668x452.jpg""]",False,False,25.331071853637695,"Manama, Ajman",2,56.028106689453125,6,1100000.0,95.65217391304348,Land,property,2026-02-12T17:46:29.659820+00:00,https://www.propertyfinder.ae/en/plp/commercial-buy/land-for-sale-ajman-manama-15182684.html,11500.0,Residential commercial plot on the corner 3 street
"[""CP"", ""SY"", ""SP""]",3,,,commercial_buy,AED,True,16171685,"[""https://static.shared.propertyfinder.ae/media/images/listing/MKGHRQ8AANWM1NM5JG1YCW0Q5M/9bd39788-aac3-45cb-a55c-0b7ca1cec6c0/416x272.jpg"", ""https://static.shared.propertyfinder.ae/media/images/listing/MKGHRQ8AANWM1NM5JG1YCW0Q5M/9bd39788-aac3-45cb-a55c-0b7ca1cec6c0/668x452.jpg""]",False,False,25.122371673583984,"Le Solarium, Dubai Silicon Oasis, Dubai",3,55.39765548706055,6,3800000.0,3869.6537678207737,Shop,property,2026-02-12T17:46:29.659820+00:00,https://www.propertyfinder.ae/en/plp/commercial-buy/office-space-for-sale-dubai-bluewaters-bluewaters-bay-bluewaters-bay-building-1-16171685.html,982.0,Prime Location | Fitted| Best Deal
"[""AN"", ""SP"", ""SY"", ""CP"", ""CR""]",5,,1,commercial_buy,AED,True,15583786,"[""https://static.shared.propertyfinder.ae/media/images/listing/01K9P9NNE8WDSTYWPQDG51Q1AF/08f53d78-51c8-4cf4-87e7-197e1e688f9f/416x272.jpg"", ""https://static.shared.propertyfinder.ae/media/images/listing/01K9P9NNE8WDSTYWPQDG51Q1AF/08f53d78-51c8-4cf4-87e7-197e1e688f9f/668x452.jpg""]",False,False,25.111967086791992,"Apricot, Dubai Silicon Oasis, Dubai",3,55.384273529052734,6,600000.0,1474.2014742014742,Office Space,property,2026-02-12T17:46:29.659820+00:00,https://www.propertyfinder.ae/en/plp/commercial-buy/office-space-for-sale-dubai-dubai-silicon-oasis-apricot-15583786.html,407.0,Spacious | Prime Location | High ROI
[],0,,,commercial_buy,AED,True,16190714,"[""https://static.shared.propertyfinder.ae/media/images/listing/W5TA97BCDPJES9PRHPA2NHYKJW/bb139400-b9ea-41da-90a9-0ead62c0412f/416x272.jpg"", ""https://static.shared.propertyfinder.ae/media/images/listing/W5TA97BCDPJES9PRHPA2NHYKJW/bb139400-b9ea-41da-90a9-0ead62c0412f/668x452.jpg""]",False,False,25.06743621826172,"Mazaya Business Avenue AA1, Mazaya Business Avenue, Jumeirah Lake Towers, Dubai",4,55.144325256347656,6,8600000.0,2492.0312952767313,Office Space,property,2026-02-12T17:46:29.659820+00:00,https://www.propertyfinder.ae/en/plp/commercial-buy/office-space-for-sale-dubai-jumeirah-lake-towers-mazaya-business-avenue-mazaya-business-avenue-aa1-16190714.html,3451.0,Investor Deal | Fully Furnished Office | DMCC
"[""CP"", ""LB""]",2,,,commercial_buy,AED,True,16298298,"[""https://static.shared.propertyfinder.ae/media/images/listing/2A7JCJ3S8RKB5PC3739RWP23WR/d3fe87ff-bb57-4a6a-b2d3-1229a99db55f/416x272.jpg"", ""https://static.shared.propertyfinder.ae/media/images/listing/2A7JCJ3S8RKB5PC3739RWP23WR/d3fe87ff-bb57-4a6a-b2d3-1229a99db55f/668x452.jpg""]",False,False,25.19191551208496,"Empire Heights 1, Empire Heights, Business Bay, Dubai",4,55.28461837768555,6,3321200.0,2500.9036144578313,Office Space,property,2026-02-12T17:46:29.659820+00:00,https://www.propertyfinder.ae/en/plp/commercial-buy/office-space-for-sale-dubai-business-bay-empire-heights-empire-heights-1-16298298.html,1328.0,Fitted Office | Prime Location | Well Maintained
"[""AN"", ""CP"", ""CR"", ""LB"", ""VC""]",5,7,,commercial_buy,AED,True,16315804,"[""https://static.shared.propertyfinder.ae/media/images/listing/HFWN2DV4QQCX355D586X64XNCW/a3d4949a-f44b-4f2c-9732-8c8b9831516f/416x272.jpg"", ""https://static.shared.propertyfinder.ae/media/images/listing/HFWN2DV4QQCX355D586X64XNCW/a3d4949a-f44b-4f2c-9732-8c8b9831516f/668x452.jpg""]",False,False,25.411436080932617,"Al Zaheya Gardens, Al Zahya, Ajman",3,55.587493896484375,6,9000000.0,1168.8311688311687,Bulk Sale Unit,property,2026-02-12T17:46:29.659820+00:00,https://www.propertyfinder.ae/en/plp/commercial-buy/bulk-sale-unit-for-sale-ajman-al-zahya-al-zaheya-gardens-16315804.html,7700.0,Building for sale in Al Zahia with GOOD incom
"[""CP"", ""SY"", ""LB"", ""SP""]",4,1,1,commercial_buy,AED,True,15864074,"[""https://static.shared.propertyfinder.ae/media/images/listing/01KCNJBC6DPNRGRFFEFJ0H8A81/3bebe90c-6bbf-47d6-8071-6ca0d4d39597/416x272.jpg"", ""https://static.shared.propertyfinder.ae/media/images/listing/01KCNJBC6DPNRGRFFEFJ0H8A81/3bebe90c-6bbf-47d6-8071-6ca0d4d39597/668x452.jpg""]",False,False,25.79157066345215,"Julphar Commercial Tower, Julphar Towers, Al Nakheel, Ras Al Khaimah",4,55.9593620300293,6,550000.0,597.8260869565217,Office Space,property,2026-02-12T17:46:29.659820+00:00,https://www.propertyfinder.ae/en/plp/commercial-buy/office-space-for-sale-ras-al-khaimah-al-nakheel-julphar-towers-julphar-commercial-tower-15864074.html,920.0,Spacious Office | High floor | Sea View
"[""CP""]",1,1,,commercial_buy,AED,True,16104887,"[""https://static.shared.propertyfinder.ae/media/images/listing/652AWWT5934EPWMA6KV1H49SK0/cb19e7f2-7e85-48dc-a641-78d1269490c8/416x272.jpg"", ""https://static.shared.propertyfinder.ae/media/images/listing/652AWWT5934EPWMA6KV1H49SK0/cb19e7f2-7e85-48dc-a641-78d1269490c8/668x452.jpg""]",False,False,25.21341323852539,"Skyline Residence, Sheikh Zayed Road, Dubai",3,55.275596618652344,6,6003316.0,3801.973400886637,Shop,property,2026-02-12T17:46:29.659820+00:00,https://www.propertyfinder.ae/en/plp/commercial-buy/shop-for-sale-dubai-sheikh-zayed-road-skyline-residence-16104887.html,1579.0,High ROI | Investor Choice | Prime Investment
[],0,,,commercial_buy,AED,True,12439214,"[""https://static.shared.propertyfinder.ae/media/images/listing/01JSBQ2HTRE9YC6NKE747VS87C/322b7b10-4aa4-4bfb-88bd-493f32dca078/416x272.jpg"", ""https://static.shared.propertyfinder.ae/media/images/listing/01JSBQ2HTRE9YC6NKE747VS87C/322b7b10-4aa4-4bfb-88bd-493f32dca078/668x452.jpg""]",False,False,25.31917953491211,"Al Arqoub, Sharjah Industrial Area, Sharjah",3,55.39204406738281,6,4550000.0,161.17034465658318,Land,property,2026-02-12T17:46:29.659820+00:00,https://www.propertyfinder.ae/en/plp/commercial-buy/land-for-sale-sharjah-sharjah-industrial-area-al-arqoub-12439214.html,28231.0,Industrial Land | Al Arqoub | Sharjah
"[""CP"", ""DN"", ""CR"", ""LB""]",4,,5,commercial_buy,AED,True,15601514,"[""https://static.shared.propertyfinder.ae/media/images/listing/01K9VAVS2EQ6PJ7SXWBGM8PJRE/3750b9b0-d38e-4aaa-aa9f-46ad7fc5c4eb/416x272.jpg"", ""https://static.shared.propertyfinder.ae/media/images/listing/01K9VAVS2EQ6PJ7SXWBGM8PJRE/3750b9b0-d38e-4aaa-aa9f-46ad7fc5c4eb/668x452.jpg""]",False,False,25.208513259887695,"South Tower, Emirates Financial Towers, DIFC, Dubai",4,55.276187896728516,6,12768000.0,7000.0,Office Space,property,2026-02-12T17:46:29.659820+00:00,https://www.propertyfinder.ae/en/plp/commercial-buy/office-space-for-sale-dubai-difc-emirates-financial-towers-south-tower-15601514.html,1824.0,"Office for Sale | Emirates Financial Towers, DIFC"
[],0,1,,commercial_buy,AED,True,15199452,"[""https://static.shared.propertyfinder.ae/media/images/listing/01K5EHDYT4Y06KCAW0BA53AE55/9df62f1a-dc74-4570-aa74-4e768e9bc911/416x272.jpg"", ""https://static.shared.propertyfinder.ae/media/images/listing/01K5EHDYT4Y06KCAW0BA53AE55/9df62f1a-dc74-4570-aa74-4e768e9bc911/668x452.jpg""]",False,False,25.314794540405273,"Uptown Al Zahia, Al Zahia, Muwaileh Commercial, Sharjah",4,55.458248138427734,6,2753796.0,1700.9240271772699,Office Space,property,2026-02-12T17:46:29.659820+00:00,https://www.propertyfinder.ae/en/plp/commercial-buy/office-space-for-sale-sharjah-muwaileh-commercial-al-zahia-uptown-al-zahia-15199452.html,1619.0,Upcoming Commercial Hub | Secure Your Space Now
"[""AN"", ""CP"", ""DN"", ""LB""]",4,,,commercial_buy,AED,True,16296998,"[""https://static.shared.propertyfinder.ae/media/images/listing/4D3TZA8DCQNNQ6MFHY1E45F1RC/95441788-ab1e-4785-9fdb-d388495b1d1a/416x272.jpg"", ""https://static.shared.propertyfinder.ae/media/images/listing/4D3TZA8DCQNNQ6MFHY1E45F1RC/95441788-ab1e-4785-9fdb-d388495b1d1a/668x452.jpg""]",False,False,24.98508644104004,"Schon Business Park, Dubai Investment Park (DIP), Dubai",3,55.17544174194336,6,9700000.0,4625.655698617072,Shop,property,2026-02-12T17:46:29.659820+00:00,https://www.propertyfinder.ae/en/plp/commercial-buy/shop-for-sale-dubai-dubai-investment-park-dip-schon-business-park-16296998.html,2097.0,Fully Fitted | Two Retail Shops Combined
[],0,,,commercial_buy,AED,True,16159962,"[""https://static.shared.propertyfinder.ae/media/images/listing/Q2T43PR8ZD5T3KVRBA49SH19YG/e0404037-4717-4a31-ae3a-6b61afd7cc9e/416x272.jpg"", ""https://static.shared.propertyfinder.ae/media/images/listing/Q2T43PR8ZD5T3KVRBA49SH19YG/e0404037-4717-4a31-ae3a-6b61afd7cc9e/668x452.jpg""]",True,False,25.318735122680664,"Dubai Islands, Dubai",2,55.30294418334961,6,85000000.0,1415.6992721640213,Land,property,2026-02-12T17:46:29.659820+00:00,https://www.propertyfinder.ae/en/plp/commercial-buy/land-for-sale-dubai-dubai-islands-16159962.html,60041.0,Exclusive Plot for Sale |Water Front | For Hotel
[],0,,,commercial_buy,AED,True,16206476,"[""https://static.shared.propertyfinder.ae/media/images/listing/RJTFYZMRGF5PJZ2W2E3WGA6BDM/8b051546-c9e5-44c6-892a-f5e4a76ee8c4/416x272.jpg"", ""https://static.shared.propertyfinder.ae/media/images/listing/RJTFYZMRGF5PJZ2W2E3WGA6BDM/8b051546-c9e5-44c6-892a-f5e4a76ee8c4/668x452.jpg""]",True,False,25.548364639282227,"Umm Al Thuoob, Umm Al Quwain",2,55.700618743896484,6,65625000.0,125.0,Land,property,2026-02-12T17:46:29.659820+00:00,https://www.propertyfinder.ae/en/plp/commercial-buy/land-for-sale-umm-al-quwain-umm-al-thuoob-16206476.html,525000.0,Industrial Land for Sale – A Rare Investment Oppor
[],0,,,commercial_buy,AED,True,16220767,"[""https://static.shared.propertyfinder.ae/media/images/listing/DAYE620JJJY3NYTPY9V64TXABG/584527e2-5af2-43c5-9e4a-c5ecf7748a50/416x272.jpg"", ""https://static.shared.propertyfinder.ae/media/images/listing/DAYE620JJJY3NYTPY9V64TXABG/584527e2-5af2-43c5-9e4a-c5ecf7748a50/668x452.jpg""]",False,False,25.39268684387207,"Ajman Global City, Al Alia, Ajman",3,55.56203079223633,7,1850000.0,430.2325581395349,Land,property,2026-02-12T17:46:34.052520+00:00,https://www.propertyfinder.ae/en/plp/commercial-buy/land-for-sale-ajman-al-alia-ajman-global-city-16220767.html,4300.0,"Commerci Land for Sale: Freehold,Ajman Global City"
[],0,,,commercial_buy,AED,True,16228923,"[""https://static.shared.propertyfinder.ae/media/images/listing/A58QPZCXJM077QGPXCVDWCCF2C/895b6475-a92a-46ac-952a-4f3ff2312cc1/416x272.jpg"", ""https://static.shared.propertyfinder.ae/media/images/listing/A58QPZCXJM077QGPXCVDWCCF2C/895b6475-a92a-46ac-952a-4f3ff2312cc1/668x452.jpg""]",False,False,25.28455352783203,"Athaib, Al Rowdat Suburb, Sharjah",3,55.59099197387695,7,4910000.0,439.4915861081275,Land,property,2026-02-12T17:46:34.052520+00:00,https://www.propertyfinder.ae/en/plp/commercial-buy/land-for-sale-sharjah-al-rowdat-suburb-athaib-16228923.html,11172.0,"Spacious 11,172 SqFt Commercial Land in Athaib"
"[""CP"", ""DN"", ""LB""]",3,7,,commercial_buy,AED,True,16243078,"[""https://static.shared.propertyfinder.ae/media/images/listing/P0GPYTYFQM9EGB2F13AAACH63M/c75bac6a-6a42-4fae-9e77-9a353ce58087/416x272.jpg"", ""https://static.shared.propertyfinder.ae/media/images/listing/P0GPYTYFQM9EGB2F13AAACH63M/c75bac6a-6a42-4fae-9e77-9a353ce58087/668x452.jpg""]",True,False,25.378442764282227,"Al Mowaihat 2, Al Mowaihat, Ajman",3,55.50048065185547,7,50000000.0,813.643168651956,Business Centre,property,2026-02-12T17:46:34.052520+00:00,https://www.propertyfinder.ae/en/plp/commercial-buy/business-center-for-sale-ajman-al-mowaihat-al-mowaihat-2-16243078.html,61452.0,G+M+2-floor Mall | Amazing Deal | Prime Location
"[""CP"", ""DN"", ""LB""]",3,7,,commercial_buy,AED,True,16243048,"[""https://static.shared.propertyfinder.ae/media/images/listing/4ARPDHTD21G1X7KCA47PVZBQ6G/9785a0f6-728a-4a5a-a30d-17574a8e4d15/416x272.jpg"", ""https://static.shared.propertyfinder.ae/media/images/listing/4ARPDHTD21G1X7KCA47PVZBQ6G/9785a0f6-728a-4a5a-a30d-17574a8e4d15/668x452.jpg""]",True,False,25.378442764282227,"Al Mowaihat 2, Al Mowaihat, Ajman",3,55.50048065185547,7,50000000.0,813.643168651956,Business Centre,property,2026-02-12T17:46:34.053808+00:00,https://www.propertyfinder.ae/en/plp/commercial-buy/business-center-for-sale-ajman-al-mowaihat-al-mowaihat-2-16243048.html,61452.0,Commercial Mall for Sale | High ROI Investment
[],0,,,commercial_buy,AED,True,16230520,"[""https://static.shared.propertyfinder.ae/media/images/listing/NCD5QJN4AERXXCWJJ6TGDNW4V8/4a0ed849-0a53-4906-a6e8-0e4525683576/416x272.jpg"", ""https://static.shared.propertyfinder.ae/media/images/listing/NCD5QJN4AERXXCWJJ6TGDNW4V8/4a0ed849-0a53-4906-a6e8-0e4525683576/668x452.jpg""]",False,False,24.877687454223633,"Al Qasimiah City, Sharjah",2,55.70550537109375,7,1455000.0,173.5034581445266,Land,property,2026-02-12T17:46:34.053808+00:00,https://www.propertyfinder.ae/en/plp/commercial-buy/land-for-sale-sharjah-al-qasimiah-city-16230520.html,8386.0,Industrial Land for Operation & Investment
[],0,,,commercial_buy,AED,True,16242985,"[""https://static.shared.propertyfinder.ae/media/images/listing/5DS0C9XBDNM6PVBYQVN286Z7Y4/d16535c8-36c1-4fe0-a0f7-02361acb229b/416x272.jpg"", ""https://static.shared.propertyfinder.ae/media/images/listing/5DS0C9XBDNM6PVBYQVN286Z7Y4/d16535c8-36c1-4fe0-a0f7-02361acb229b/668x452.jpg""]",False,False,25.442867279052734,"Al Jurf Industrial 2, Al Jurf Industrial, Ajman",3,55.5271110534668,7,2500000.0,371.6366879738368,Land,property,2026-02-12T17:46:34.053808+00:00,https://www.propertyfinder.ae/en/plp/commercial-buy/land-for-sale-ajman-al-jurf-industrial-al-jurf-industrial-2-16242985.html,6727.0,Industrial land for sale in Al Jurf Industrial Are
[],0,,,commercial_buy,AED,True,16242755,"[""https://static.shared.propertyfinder.ae/media/images/listing/PYTRVHE4BQVX55CQH53TDDN7MC/7d607955-f599-4794-9049-91e439db7318/416x272.jpg"", ""https://static.shared.propertyfinder.ae/media/images/listing/PYTRVHE4BQVX55CQH53TDDN7MC/7d607955-f599-4794-9049-91e439db7318/668x452.jpg""]",False,False,25.39268684387207,"Ajman Global City, Al Alia, Ajman",3,55.56203079223633,7,1750000.0,406.5040650406504,Land,property,2026-02-12T17:46:34.053808+00:00,https://www.propertyfinder.ae/en/plp/commercial-buy/land-for-sale-ajman-al-alia-ajman-global-city-16242755.html,4305.0,Spacious Land for Sale in Ajman Global City
[],0,,,commercial_buy,AED,True,51069600,"[""https://static.shared.propertyfinder.ae/media/images/listing/9J42FE151NRD9B6A5VMGN4YAX0/26ff5a8d-bad3-40f3-b29f-988958eed084/416x272.jpg"", ""https://static.shared.propertyfinder.ae/media/images/listing/9J42FE151NRD9B6A5VMGN4YAX0/26ff5a8d-bad3-40f3-b29f-988958eed084/668x452.jpg""]",False,False,25.270164489746094,"Rawdat Al Sidr, Al Rowdat Suburb, Sharjah",3,55.66243362426758,7,3580000.0,307.9569892473118,Land,property,2026-02-12T17:46:34.053808+00:00,https://www.propertyfinder.ae/en/plp/commercial-buy/land-for-sale-sharjah-al-rowdat-suburb-rawdat-al-sidr-2P5TSwOWwHw.html,11625.0,Business Land | Prime Location | Commission Free
[],0,,,commercial_buy,AED,True,10206183,"[""https://static.shared.propertyfinder.ae/media/images/listing/01JP8XCXHCNEW53FCZNKFC9E7H/f2e77d2d-8c68-11ef-ae03-0acc211d3ef1-ea5e2a8d-b5e8-47bc-9cb7-0268f5a39b2d/416x272.jpg"", ""https://static.shared.propertyfinder.ae/media/images/listing/01JP8XCXHCNEW53FCZNKFC9E7H/f2e77d2d-8c68-11ef-ae03-0acc211d3ef1-ea5e2a8d-b5e8-47bc-9cb7-0268f5a39b2d/668x452.jpg""]",False,False,25.31031608581543,"Industrial Area 2, Sharjah Industrial Area, Sharjah",3,55.40034484863281,7,15000000.0,375.0,Land,property,2026-02-12T17:46:34.053808+00:00,https://www.propertyfinder.ae/en/plp/commercial-buy/land-for-sale-sharjah-sharjah-industrial-area-industrial-area-2-10206183.html,40000.0,40000sqft land with shed + accommodation - I.A 2
[],0,,,commercial_buy,AED,True,16194701,"[""https://static.shared.propertyfinder.ae/media/images/listing/60J1QVY02S1T44GKBDM7KCGSXM/736dc4af-159d-4825-8f3f-941aa94d8002/416x272.jpg"", ""https://static.shared.propertyfinder.ae/media/images/listing/60J1QVY02S1T44GKBDM7KCGSXM/736dc4af-159d-4825-8f3f-941aa94d8002/668x452.jpg""]",False,False,25.42698097229004,"Al Jurf Industrial 3, Al Jurf Industrial, Ajman",3,55.55347442626953,7,2500000.0,371.5814506539834,Land,property,2026-02-12T17:46:34.053808+00:00,https://www.propertyfinder.ae/en/plp/commercial-buy/land-for-sale-ajman-al-jurf-industrial-al-jurf-industrial-3-16194701.html,6728.0,"Prime location, opposite services"
[],0,,,commercial_buy,AED,True,16210732,"[""https://static.shared.propertyfinder.ae/media/images/listing/JRGHQ5DAFJZAK0T8M8T2THXC90/e03ea611-745a-4dfd-86a0-dd19eec6dce7/416x272.jpg"", ""https://static.shared.propertyfinder.ae/media/images/listing/JRGHQ5DAFJZAK0T8M8T2THXC90/e03ea611-745a-4dfd-86a0-dd19eec6dce7/668x452.jpg""]",False,False,25.270164489746094,"Rawdat Al Sidr, Al Rowdat Suburb, Sharjah",3,55.66243362426758,7,1440000.0,247.72062618269396,Land,property,2026-02-12T17:46:34.053808+00:00,https://www.propertyfinder.ae/en/plp/commercial-buy/land-for-sale-sharjah-al-rowdat-suburb-rawdat-al-sidr-16210732.html,5813.0,Land in a prime location with high future value
[],0,,,commercial_buy,AED,True,16210592,"[""https://static.shared.propertyfinder.ae/media/images/listing/6AJP0RWH4H1KSKZ50HQEYV1CE0/6ac6119f-50c9-4792-83ae-a36d2a17d000/416x272.jpg"", ""https://static.shared.propertyfinder.ae/media/images/listing/6AJP0RWH4H1KSKZ50HQEYV1CE0/6ac6119f-50c9-4792-83ae-a36d2a17d000/668x452.jpg""]",False,False,25.270164489746094,"Rawdat Al Sidr, Al Rowdat Suburb, Sharjah",3,55.66243362426758,7,3070000.0,286.35388489879676,Land,property,2026-02-12T17:46:34.053808+00:00,https://www.propertyfinder.ae/en/plp/commercial-buy/land-for-sale-sharjah-al-rowdat-suburb-rawdat-al-sidr-16210592.html,10721.0,Golden Opportunity – Spacious multi-use land
[],0,,,commercial_buy,AED,True,15564645,"[""https://static.shared.propertyfinder.ae/media/images/listing/01K9D450SSZ5ESZE9WDQGJC5Z6/b133e5ca-369a-4ebc-9a20-32b3891a1225/416x272.jpg"", ""https://static.shared.propertyfinder.ae/media/images/listing/01K9D450SSZ5ESZE9WDQGJC5Z6/b133e5ca-369a-4ebc-9a20-32b3891a1225/668x452.jpg""]",False,False,25.31917953491211,"Al Arqoub, Sharjah Industrial Area, Sharjah",3,55.39204406738281,7,900000.0,90.0,Land,property,2026-02-12T17:46:34.053808+00:00,https://www.propertyfinder.ae/en/plp/commercial-buy/land-for-sale-sharjah-sharjah-industrial-area-al-arqoub-15564645.html,10000.0,INDUSTRIAL PLOT PRIME LOCATION OWN GCC
[],0,,,commercial_buy,AED,True,15564543,"[""https://static.shared.propertyfinder.ae/media/images/listing/01K9D1EY5SNN8F59RRWNBFPQWQ/38b14047-3856-4702-8465-034185b76fcd/416x272.jpg"", ""https://static.shared.propertyfinder.ae/media/images/listing/01K9D1EY5SNN8F59RRWNBFPQWQ/38b14047-3856-4702-8465-034185b76fcd/668x452.jpg""]",False,False,25.29115104675293,"Al Malha, Al Rahmaniya, Sharjah",3,55.60575485229492,7,700000.0,233.33333333333334,Land,property,2026-02-12T17:46:34.053808+00:00,https://www.propertyfinder.ae/en/plp/commercial-buy/land-for-sale-sharjah-al-rahmaniya-al-malha-15564543.html,3000.0,RESIDENTIAL COMMERCIAL PLOT PRIME LOCATION OWN GCC
"[""AN"", ""LB""]",2,,1,commercial_buy,AED,True,16231723,"[""https://static.shared.propertyfinder.ae/media/images/listing/R0A8K465VE12XKN0BZB5SAM7AM/a63ef691-b1d6-4787-85d1-39d89435f0c0/416x272.jpg"", ""https://static.shared.propertyfinder.ae/media/images/listing/R0A8K465VE12XKN0BZB5SAM7AM/a63ef691-b1d6-4787-85d1-39d89435f0c0/668x452.jpg""]",False,False,25.317428588867188,"Sarab 2, Aljada, Sharjah",3,55.46986770629883,7,120000.0,263.1578947368421,Shop,property,2026-02-12T17:46:34.053808+00:00,https://www.propertyfinder.ae/en/plp/commercial-buy/shop-for-sale-sharjah-aljada-sarab-2-16231723.html,456.0,Lavish Saloon For Sale in Sarab Open Area
[],0,,,commercial_buy,AED,True,16207930,"[""https://static.shared.propertyfinder.ae/media/images/listing/2XVTPJX9F9VFFKTWG3FEDH9DKC/81891ffa-6f0c-4132-a0e0-f4b2908191e9/416x272.jpg"", ""https://static.shared.propertyfinder.ae/media/images/listing/2XVTPJX9F9VFFKTWG3FEDH9DKC/81891ffa-6f0c-4132-a0e0-f4b2908191e9/668x452.jpg""]",False,False,24.877687454223633,"Al Qasimiah City, Sharjah",2,55.70550537109375,7,1500000.0,125.0,Land,property,2026-02-12T17:46:34.053808+00:00,https://www.propertyfinder.ae/en/plp/commercial-buy/land-for-sale-sharjah-al-qasimiah-city-16207930.html,12000.0,Prime Industrial Land in Al Qasimiah City
"[""VC""]",1,,,commercial_buy,AED,True,16208086,"[""https://static.shared.propertyfinder.ae/media/images/listing/2BR9W5SY46RWJDYQS7A1DKN4G8/c2c7899d-d8ab-427f-ad48-6eb7b45ba313/416x272.jpg"", ""https://static.shared.propertyfinder.ae/media/images/listing/2BR9W5SY46RWJDYQS7A1DKN4G8/c2c7899d-d8ab-427f-ad48-6eb7b45ba313/668x452.jpg""]",True,False,25.33238983154297,"Industrial Area 4, Sharjah Industrial Area, Sharjah",3,55.40541458129883,7,79000000.0,541.0958904109589,Whole Building,property,2026-02-12T17:46:34.053808+00:00,https://www.propertyfinder.ae/en/plp/commercial-buy/whole-building-for-sale-sharjah-sharjah-industrial-area-industrial-area-4-16208086.html,146000.0,فرصة للشراء لكبار المستثمرين في صناعية الشارقة
[],0,,,commercial_buy,AED,True,14535122,"[""https://static.shared.propertyfinder.ae/media/images/listing/01JY22H620ADFVMFCM98399BW0/05a72d66-d0ee-4bbf-b8b3-9714204ccc91/416x272.jpg"", ""https://static.shared.propertyfinder.ae/media/images/listing/01JY22H620ADFVMFCM98399BW0/05a72d66-d0ee-4bbf-b8b3-9714204ccc91/668x452.jpg""]",False,False,25.17327117919922,"AZIZI Riviera 15, AZIZI Riviera, Meydan One, Meydan, Dubai",5,55.31199264526367,7,4500000.0,4854.368932038835,Retail,property,2026-02-12T17:46:34.053808+00:00,https://www.propertyfinder.ae/en/plp/commercial-buy/retail-for-sale-dubai-meydan-meydan-one-azizi-riviera-azizi-riviera-15-14535122.html,927.0,Vacant | Ideal for Investors | High Visibility
[],0,,,commercial_buy,AED,True,16229346,"[""https://static.shared.propertyfinder.ae/media/images/listing/8H096207BRWDY6R50PNAS7N0NG/4700ce21-7ad6-47fa-9d55-ec557eaadd30/416x272.jpg"", ""https://static.shared.propertyfinder.ae/media/images/listing/8H096207BRWDY6R50PNAS7N0NG/4700ce21-7ad6-47fa-9d55-ec557eaadd30/668x452.jpg""]",False,False,25.3082218170166,"Al Sajaa Industrial, Al Sajaa, Sharjah",3,55.65555953979492,7,5135000.0,300.3802281368821,Land,property,2026-02-12T17:46:34.053808+00:00,https://www.propertyfinder.ae/en/plp/commercial-buy/land-for-sale-sharjah-al-sajaa-al-sajaa-industrial-16229346.html,17095.0,Industrial Land with Excellent Access
[],0,,,commercial_buy,AED,True,16225467,"[""https://static.shared.propertyfinder.ae/media/images/listing/WMSNPWVFQYC44B3EBHN7QAPH6G/de85ceb6-b29d-4e9f-9d28-212738fd3cd9/416x272.jpg"", ""https://static.shared.propertyfinder.ae/media/images/listing/WMSNPWVFQYC44B3EBHN7QAPH6G/de85ceb6-b29d-4e9f-9d28-212738fd3cd9/668x452.jpg""]",False,False,25.3082218170166,"Al Sajaa Industrial, Al Sajaa, Sharjah",3,55.65555953979492,7,4840000.0,300.34129692832767,Land,property,2026-02-12T17:46:34.053808+00:00,https://www.propertyfinder.ae/en/plp/commercial-buy/land-for-sale-sharjah-al-sajaa-al-sajaa-industrial-16225467.html,16115.0,Industrial Plot with Excellent Highway Access
[],0,,,commercial_buy,AED,True,16215526,"[""https://static.shared.propertyfinder.ae/media/images/listing/Y58CBT50YN1M13A7611SDZKEZ8/a7aa3e1e-2520-41cd-baf5-36ba985a8e35/416x272.jpg"", ""https://static.shared.propertyfinder.ae/media/images/listing/Y58CBT50YN1M13A7611SDZKEZ8/a7aa3e1e-2520-41cd-baf5-36ba985a8e35/668x452.jpg""]",False,False,25.3082218170166,"Al Sajaa Industrial, Al Sajaa, Sharjah",3,55.65555953979492,7,1790000.0,205.27522935779817,Land,property,2026-02-12T17:46:34.053808+00:00,https://www.propertyfinder.ae/en/plp/commercial-buy/land-for-sale-sharjah-al-sajaa-al-sajaa-industrial-16215526.html,8720.0,Industrial Land Investment Opportunity | Prime Loc
[],0,,,commercial_buy,AED,True,14589074,"[""https://static.shared.propertyfinder.ae/media/images/listing/01JYKCAN7CK6YKP76NVCR0D0QN/0416733a-a96b-4747-9da2-c2c2fa24f0a9/416x272.jpg"", ""https://static.shared.propertyfinder.ae/media/images/listing/01JYKCAN7CK6YKP76NVCR0D0QN/0416733a-a96b-4747-9da2-c2c2fa24f0a9/668x452.jpg""]",False,False,24.877687454223633,"Al Qasimiah City, Sharjah",2,55.70550537109375,7,1314280.0,110.0,Land,property,2026-02-12T17:46:34.053808+00:00,https://www.propertyfinder.ae/en/plp/commercial-buy/land-for-sale-sharjah-al-qasimiah-city-14589074.html,11948.0,Resale I Free Hold I Hot Location
[],0,,,commercial_buy,AED,True,14879932,"[""https://static.shared.propertyfinder.ae/media/images/listing/01K1SCNCKDG431Q0MMDR3RZMMK/30cada64-8386-4ac3-a321-1ee1c2b69bf5/416x272.jpg"", ""https://static.shared.propertyfinder.ae/media/images/listing/01K1SCNCKDG431Q0MMDR3RZMMK/30cada64-8386-4ac3-a321-1ee1c2b69bf5/668x452.jpg""]",False,False,25.403545379638672,"Ajman Hills, Al Alia, Ajman",3,55.571998596191406,7,1500000.0,348.83720930232556,Land,property,2026-02-12T17:46:34.053808+00:00,https://www.propertyfinder.ae/en/plp/commercial-buy/land-for-sale-ajman-al-alia-ajman-hills-14879932.html,4300.0,A golden opportunity not to be missed at Al-Alya
"[""AN"", ""VC"", ""LB""]",3,2,,commercial_buy,AED,True,16270634,"[""https://static.shared.propertyfinder.ae/media/images/listing/DC9Y5EKNXDVPJ0B2HMMAYERVYM/eaf4d828-8bf5-48f5-8507-e598664bbbd6/416x272.jpg"", ""https://static.shared.propertyfinder.ae/media/images/listing/DC9Y5EKNXDVPJ0B2HMMAYERVYM/eaf4d828-8bf5-48f5-8507-e598664bbbd6/668x452.jpg""]",False,False,25.394712448120117,"Al Khor Tower A0, Al Khor Towers, Ajman Downtown, Ajman",4,55.45880126953125,7,160000.0,110.11699931176875,Retail,property,2026-02-12T17:46:34.053808+00:00,https://www.propertyfinder.ae/en/plp/commercial-buy/retail-for-sale-ajman-ajman-downtown-al-khor-towers-al-khor-tower-a0-16270634.html,1453.0,Best Restaurant Location in Ajman - Best!
[],0,,,commercial_buy,AED,True,15307826,"[""https://static.shared.propertyfinder.ae/media/images/listing/01K6Q9JJPKSCVW1CJJG8HPWN3C/c5f9d2ae-4ba6-486b-b759-7468fb45d0c0/416x272.jpg"", ""https://static.shared.propertyfinder.ae/media/images/listing/01K6Q9JJPKSCVW1CJJG8HPWN3C/c5f9d2ae-4ba6-486b-b759-7468fb45d0c0/668x452.jpg""]",False,False,25.26177406311035,"Industrial Area 18, Sharjah Industrial Area, Sharjah",3,55.49519348144531,7,8800000.0,220.0,Land,property,2026-02-12T17:46:34.053808+00:00,https://www.propertyfinder.ae/en/plp/commercial-buy/land-for-sale-sharjah-sharjah-industrial-area-industrial-area-18-15307826.html,40000.0,commercial plot for sale in industrial 13 sharjah
