amenity_count,category,has_coordinates,id,images,is_price_outlier,is_size_outlier,latitude,location_depth,longitude,page,price_per_sqft,record_type,scraped_at_utc,title
0,new_projects,True,313d42a8-67e4-43fd-9331-4414a2bdabd6,"[""https://new-projects-media.propertyfinder.com/project/313d42a8-67e4-43fd-9331-4414a2bdabd6/gallery/image/cEN4v1JPQZxuVHIjNJDA7m1u8MMS4PLJ1fnyZ6-HY9U=/medium.webp"", ""https://new-projects-media.propertyfinder.com/project/313d42a8-67e4-43fd-9331-4414a2bdabd6/gallery/image/ApC8V3Dv5VIJ8jyRYeM_GfC5zAzBEeQHnGXelCn1Jr8=/medium.webp"", ""https://new-projects-media.propertyfinder.com/project/313d42a8-67e4-43fd-9331-4414a2bdabd6/gallery/image/c4HPW9j2Sq9lEZw_lEF-so-9hwluGoFtpGoVtw8dlr8=/medium.webp"", ""https://new-projects-media.propertyfinder.com/project/313d42a8-67e4-43fd-9331-4414a2bdabd6/gallery/image/92JFNePzlFNFTJ6rI8MJM2GDMjszv0QvrGwWWxEDYDk=/medium.webp"", ""https://new-projects-media.propertyfinder.com/project/313d42a8-67e4-43fd-9331-4414a2bdabd6/gallery/image/mYRDh5UmJvgKqljAgy5IWkmdHuPuq3An9_w5MyCvojQ=/medium.webp"", ""https://new-projects-media.propertyfinder.com/project/313d42a8-67e4-43fd-9331-4414a2bdabd6/gallery/image/DCYNTCjZspCfqtwnUwWbfkuF3QuedczgwICE6tpZvUk=/medium.webp"", ""https://new-projects-media.propertyfinder.com/project/313d42a8-67e4-43fd-9331-4414a2bdabd6/gallery/image/pP6sK9H6Dy6IkDOWMqi81Nl0WZP-FDBUX1CqXJo8JAE=/medium.webp"", ""https://new-projects-media.propertyfinder.com/project/313d42a8-67e4-43fd-9331-4414a2bdabd6/gallery/image/N2V3MFo3c3uRUgCHWoDImv1P0K8j_XtjDT2O29sTfsc=/medium.webp"", ""https://new-projects-media.propertyfinder.com/project/313d42a8-67e4-43fd-9331-4414a2bdabd6/gallery/image/O2Hgg6jw2SLtI6ZxJBkloSvoQzjtn4PS20VGw9FBORg=/medium.webp"", ""https://new-projects-media.propertyfinder.com/project/313d42a8-67e4-43fd-9331-4414a2bdabd6/gallery/image/48DbRg6q3Z7pfYn97ZJMIoy81cki8M7rB5sl-lwDMPk=/medium.webp"", ""https://new-projects-media.propertyfinder.com/project/313d42a8-67e4-43fd-9331-4414a2bdabd6/gallery/image/tia4hC56gFbq1YVU36-m_L9eHAfDr7xQN-8r-cqHnVY=/medium.webp""]",False,False,25.6834100846,0,55.7376857267,1,,project,2026-02-12T17:05:22.373716+00:00,Miraggio Phase 2 by Source Of Fate
0,new_projects,True,527446d1-80a9-4078-bfdd-e65cc0f028f3,"[""https://new-projects-media.propertyfinder.com/project/527446d1-80a9-4078-bfdd-e65cc0f028f3/gallery/image/1yBySFJwmtUFBrUCRdoeY6jUaSecfcCs140T_U30tCk=/medium.webp""]",False,False,24.9614779247,0,55.2508551224,1,,project,2026-02-12T17:05:22.373716+00:00,Serro 2 at The Heights
0,new_projects,True,18b29243-11b6-43ed-b106-efb7dd855565,"[""https://new-projects-media.propertyfinder.com/project/18b29243-11b6-43ed-b106-efb7dd855565/gallery/image/1yBySFJwmtUFBrUCRdoeY6jUaSecfcCs140T_U30tCk=/medium.webp""]",False,False,24.9565755951,0,55.2557474599,1,,project,2026-02-12T17:05:22.373716+00:00,Serro The Heights
0,new_projects,True,60e3ba68-ddcb-4e89-be87-7dd8cf03bdf8,"[""https://new-projects-media.propertyfinder.com/project/60e3ba68-ddcb-4e89-be87-7dd8cf03bdf8/gallery/image/7EZBPBB0vLv7ac36VACdK-1LuAr_8mPrxSuhCSM8JzE=/medium.webp"", ""https://new-projects-media.propertyfinder.com/project/60e3ba68-ddcb-4e89-be87-7dd8cf03bdf8/gallery/image/0mMz43IdF-Gk7cU52nDtfHVsVajstgWykiJuvOi-ziY=/medium.webp"", ""https://new-projects-media.propertyfinder.com/project/60e3ba68-ddcb-4e89-be87-7dd8cf03bdf8/gallery/image/-EXeyWoZBD7gAVYbjkowCwrucqbk61eJReP6N5wdsVA=/medium.webp"", ""https://new-projects-media.propertyfinder.com/project/60e3ba68-ddcb-4e89-be87-7dd8cf03bdf8/gallery/image/Imo8j0vj77B9ImF7CEmfDS3x8aTpnU3UQUc1m-TDZOE=/medium.webp"", ""https://new-projects-media.propertyfinder.com/project/60e3ba68-ddcb-4e89-be87-7dd8cf03bdf8/gallery/image/epyGJR9Xe6xff5DNknjR79tf3XJU7M7DbxJWFePeyqY=/medium.webp""]",False,False,24.970452,0,55.143938,1,,project,2026-02-12T17:05:22.373716+00:00,Terra Gardens
0,new_projects,True,4b93ef5b-25a3-448c-b6a7-63e36301166e,"[""https://new-projects-media.propertyfinder.com/project/4b93ef5b-25a3-448c-b6a7-63e36301166e/gallery/image/QoTEnWyO4lYdadxkl4wdY4jAuBtKSNbkweOM_2sQCWw=/medium.webp"", ""https://new-projects-media.propertyfinder.com/project/4b93ef5b-25a3-448c-b6a7-63e36301166e/gallery/image/Ih20kYd09oIoMioj8mNZNQjbiauwBiEgMpQdTSylgyU=/medium.webp"", ""https://new-projects-media.propertyfinder.com/project/4b93ef5b-25a3-448c-b6a7-63e36301166e/gallery/image/aNhSsaG-gF6jA2NBjcZnYr6vBNM3tt2Qgy2K_b7fpJ4=/medium.webp"", ""https://new-projects-media.propertyfinder.com/project/4b93ef5b-25a3-448c-b6a7-63e36301166e/gallery/image/AZ81N0TpTTRV72DqV2QWmQ1eJ-AsJrAnvEwYi-xIy2A=/medium.webp"", ""https://new-projects-media.propertyfinder.com/project/4b93ef5b-25a3-448c-b6a7-63e36301166e/gallery/image/J8CORfsjUatfpxO9Mgo1DJEuNZXP2ZK_2YtTnMNLutA=/medium.webp"", ""https://new-projects-media.propertyfinder.com/project/4b93ef5b-25a3-448c-b6a7-63e36301166e/gallery/image/HNuUUudaGxto6m6GxoDTbG508VNXa1Wub7s4q8VuYHg=/medium.webp"", ""https://new-projects-media.propertyfinder.com/project/4b93ef5b-25a3-448c-b6a7-63e36301166e/gallery/image/xRtNu1v9Mx5QcCPsVWYKrBDw0fA5e1KYSBqUBdLy248=/medium.webp""]",False,False,25.1897422987,0,55.2612988476,1,,project,2026-02-12T17:05:22.373716+00:00,Avarra by Palace
0,new_projects,True,7d0e9013-b01e-4a5f-a541-b62c6b5dd378,"[""https://new-projects-media.propertyfinder.com/project/7d0e9013-b01e-4a5f-a541-b62c6b5dd378/gallery/image/1wkSOfBOqUNIT-Ye36Rkuk_Nv63xZFsrs8rEydpy4ho=/medium.webp""]",False,False,25.273713,0,55.284211,1,,project,2026-02-12T17:05:22.373716+00:00,Fior 2
0,new_projects,True,a2ce2496-91cb-4ad4-bc4a-c7e3cb01d834,"[""https://new-projects-media.propertyfinder.com/project/a2ce2496-91cb-4ad4-bc4a-c7e3cb01d834/gallery/image/I2HkAYY2kt5v2dUwgLeS0RliNQ_TGUWxanKF6prpv1M=/medium.webp""]",False,False,25.1295955935,0,55.2693137212,1,,project,2026-02-12T17:05:22.373716+00:00,Greencrest
0,new_projects,True,f8726940-b6b9-4988-8a67-2accac1db98d,"[""https://new-projects-media.propertyfinder.com/project/f8726940-b6b9-4988-8a67-2accac1db98d/gallery/image/wX9y8Em2PdGK8tp9-uMAv_mLyEFqCTzNfQq-2w2Qwc8=/medium.webp"", ""https://new-projects-media.propertyfinder.com/project/f8726940-b6b9-4988-8a67-2accac1db98d/gallery/image/DFaF3E3QROUdWexZXbdncHFi1VjPYLFPFbobPOMqfLM=/medium.webp"", ""https://new-projects-media.propertyfinder.com/project/f8726940-b6b9-4988-8a67-2accac1db98d/gallery/image/FW0rtla9ixqs4Qy5gQ3Y1Ynb33zP90MbUTD50FgA_t0=/medium.webp"", ""https://new-projects-media.propertyfinder.com/project/f8726940-b6b9-4988-8a67-2accac1db98d/gallery/image/j4NXRLuuftQz6rGSpjXrsHsKd6fI4ohkDeaCoK7Y2lw=/medium.webp"", ""https://new-projects-media.propertyfinder.com/project/f8726940-b6b9-4988-8a67-2accac1db98d/gallery/image/geV4ftqYTkxbr21PPNWJFJEyBIOLFvNzcXjCa-RHbmY=/medium.webp"", ""https://new-projects-media.propertyfinder.com/project/f8726940-b6b9-4988-8a67-2accac1db98d/gallery/image/8FlUX7QAlQe-gfUYYC2LeFjPAfWJ1-cJyOlKkKbGTIg=/medium.webp"", ""https://new-projects-media.propertyfinder.com/project/f8726940-b6b9-4988-8a67-2accac1db98d/gallery/image/4_IzsrzNaBAKiGRGonl71OZbJedgTG5dYOSMxrmB7j8=/medium.webp""]",False,False,25.275315,0,55.289468,1,,project,2026-02-12T17:05:22.373716+00:00,Aurea
0,new_projects,True,840269d9-4674-4217-8259-0c2e7213c645,"[""https://new-projects-media.propertyfinder.com/project/840269d9-4674-4217-8259-0c2e7213c645/gallery/image/fROQDM2CDWGmZPVLT2GUUKQ1tI6DL7SP8GYTCXyE8No=/medium.webp"", ""https://new-projects-media.propertyfinder.com/project/840269d9-4674-4217-8259-0c2e7213c645/gallery/image/MrCj7CqOwAMVorsLzIu2FsK-2WMWwIfajNvKAINyETQ=/medium.webp"", ""https://new-projects-media.propertyfinder.com/project/840269d9-4674-4217-8259-0c2e7213c645/gallery/image/qtRJxesRKGZZd90FdX24p6KON79OUc8pIFYRVrsimMc=/medium.webp"", ""https://new-projects-media.propertyfinder.com/project/840269d9-4674-4217-8259-0c2e7213c645/gallery/image/aSLgIL5Lm5fNLxkifnMWNgkGmkKvQa3__OjCYlTbge0=/medium.webp"", ""https://new-projects-media.propertyfinder.com/project/840269d9-4674-4217-8259-0c2e7213c645/gallery/image/CR6kju2vPachxLBB2rsGDbmR4DOrdasaIxoAfJupRXE=/medium.webp""]",False,False,24.41701281115,0,54.36357545057,1,,project,2026-02-12T17:05:22.373716+00:00,Nawayef West B
0,new_projects,True,f2158231-1981-43cb-bd04-45c79910e004,"[""https://new-projects-media.propertyfinder.com/project/f2158231-1981-43cb-bd04-45c79910e004/gallery/image/is_uB6V4rx713Mwn3uWDQka-expNjDBohxwXq7XP9Kk=/medium.webp"", ""https://new-projects-media.propertyfinder.com/project/f2158231-1981-43cb-bd04-45c79910e004/gallery/image/aq4Eu180Laqb_05ezYB0FZuHcLIVMK21EuJlIiPG6Y4=/medium.webp"", ""https://new-projects-media.propertyfinder.com/project/f2158231-1981-43cb-bd04-45c79910e004/gallery/image/rdE39e8uDH5aLFP-uS5mNwVJqa168rnCoYTlUhQwNO8=/medium.webp"", ""https://new-projects-media.propertyfinder.com/project/f2158231-1981-43cb-bd04-45c79910e004/gallery/image/OPpVC8mHptDMRXTYoVoHB3BIFfVKOkT6ZrDFyQtYaSA=/medium.webp"", ""https://new-projects-media.propertyfinder.com/project/f2158231-1981-43cb-bd04-45c79910e004/gallery/image/izThmMFG3aMsDi9tSXvYHI9LF16TfL5s7qAJ3Br9-Vs=/medium.webp"", ""https://new-projects-media.propertyfinder.com/project/f2158231-1981-43cb-bd04-45c79910e004/gallery/image/lkj0QyBkeyqvUcsOfCru4HVuDdmpB9R5dZ9-swXyKzE=/medium.webp"", ""https://new-projects-media.propertyfinder.com/project/f2158231-1981-43cb-bd04-45c79910e004/gallery/image/bxFxi0etk--k3tc0sXTZWms2eiOCMD4-fEkdyhwQcF4=/medium.webp"", ""https://new-projects-media.propertyfinder.com/project/f2158231-1981-43cb-bd04-45c79910e004/gallery/image/MmDnlZ-w7CU5q64lTUuEKZ8qkMdxr-wRI8ACgB9wm5U=/medium.webp"", ""https://new-projects-media.propertyfinder.com/project/f2158231-1981-43cb-bd04-45c79910e004/gallery/image/Fql6UmYTPHsid5o0SFBEXUy55ka7eTNk8gm1f9xUMkI=/medium.webp""]",False,False,25.11386386751,0,55.25142854233,1,,project,2026-02-12T17:05:22.373716+00:00,Vida Residences Hillside
0,new_projects,True,044af08b-3bdd-433f-8dd0-9e691d047a22,"[""https://new-projects-media.propertyfinder.com/project/044af08b-3bdd-433f-8dd0-9e691d047a22/gallery/image/qEeLH3x1BpUOYKcSzkbg5DaRtGouJ3gp30OjzK2M92Y=/medium.webp"", ""https://new-projects-media.propertyfinder.com/project/044af08b-3bdd-433f-8dd0-9e691d047a22/gallery/image/EtSMieGQSyvvCxdylBzdd2NTxgf8aLbCtDohn0nztpk=/medium.webp"", ""https://new-projects-media.propertyfinder.com/project/044af08b-3bdd-433f-8dd0-9e691d047a22/gallery/image/1Rel1oAfY2cIf9Xf0Ztv2GCFQAT8pAU1TmFpEeyRRDc=/medium.webp"", ""https://new-projects-media.propertyfinder.com/project/044af08b-3bdd-433f-8dd0-9e691d047a22/gallery/image/3J9l-TYDvQwVYAMJGX9oeKQERLXHi4oAEtkYiySYBm8=/medium.webp""]",False,False,24.9741618482,0,55.2208812851,1,,project,2026-02-12T17:05:22.373716+00:00,Selvara Phase 2 By Emaar
0,new_projects,True,226c7bcb-0b1b-4546-b56f-463cf23444a2,"[""https://new-projects-media.propertyfinder.com/project/226c7bcb-0b1b-4546-b56f-463cf23444a2/gallery/image/1yBySFJwmtUFBrUCRdoeY6jUaSecfcCs140T_U30tCk=/medium.webp""]",False,False,24.9634232394,0,55.2427441419,1,,project,2026-02-12T17:05:22.373716+00:00,Salva The Heights
0,new_projects,True,a4962042-e705-4082-a5b1-5cd27c6a4b8e,"[""https://new-projects-media.propertyfinder.com/project/a4962042-e705-4082-a5b1-5cd27c6a4b8e/gallery/image/eNBzQzbw3j0t3cnUBu_KpNLhq49wsBEgnw72cMDldXU=/medium.webp"", ""https://new-projects-media.propertyfinder.com/project/a4962042-e705-4082-a5b1-5cd27c6a4b8e/gallery/image/unrXsuC3p7hdYFm2gH0l5PYdP1-zZDhcLqLdiBZhb2o=/medium.webp"", ""https://new-projects-media.propertyfinder.com/project/a4962042-e705-4082-a5b1-5cd27c6a4b8e/gallery/image/VoPpxYuq-4ncztb8b1ObS0fM5zNPYfAdRqpTQwko17A=/medium.webp"", ""https://new-projects-media.propertyfinder.com/project/a4962042-e705-4082-a5b1-5cd27c6a4b8e/gallery/image/Elxa22_J5PP9sERtsXhwp5b4RtQFEIER3A33z46IMUE=/medium.webp""]",False,False,25.1992605206,0,55.3474927078,1,,project,2026-02-12T17:05:22.373716+00:00,Creek Haven
0,new_projects,True,235149ff-1491-4d13-a8f3-64cff5c6e3c8,"[""https://new-projects-media.propertyfinder.com/project/235149ff-1491-4d13-a8f3-64cff5c6e3c8/gallery/image/jFCh_TvT84badbkZxUybu1ZV0boA9E1r34RwoFkAfMk=/medium.webp"", ""https://new-projects-media.propertyfinder.com/project/235149ff-1491-4d13-a8f3-64cff5c6e3c8/gallery/image/FyzaOimOP8Pgyk4SGs7rQd6g7qxvYpw7xRq4KzDB4CU=/medium.webp"", ""https://new-projects-media.propertyfinder.com/project/235149ff-1491-4d13-a8f3-64cff5c6e3c8/gallery/image/c8axrQ-w9PByWq4u3XGno7BHs3we6sSxfWsVRz5KPmo=/medium.webp"", ""https://new-projects-media.propertyfinder.com/project/235149ff-1491-4d13-a8f3-64cff5c6e3c8/gallery/image/G-4RH0am50Q3vFdDNkrBH37i134i3BbAMP9JSG1MIyg=/medium.webp"", ""https://new-projects-media.propertyfinder.com/project/235149ff-1491-4d13-a8f3-64cff5c6e3c8/gallery/image/mYUDUS5I_d8qSXeFrqsz-Cta0vPmM1Zz7Wlj0ku2d28=/medium.webp""]",False,False,25.205369,0,55.359555,1,,project,2026-02-12T17:05:22.373716+00:00,Lyvia by Palace
0,new_projects,True,adcbaaf5-ee64-49cd-ab0a-f3b1f65262aa,"[""https://new-projects-media.propertyfinder.com/project/adcbaaf5-ee64-49cd-ab0a-f3b1f65262aa/gallery/image/jJn7sDfe8PPXpGYDtVWWqD0Fe559XrEt9UG8jEZ2sxs=/medium.webp"", ""https://new-projects-media.propertyfinder.com/project/adcbaaf5-ee64-49cd-ab0a-f3b1f65262aa/gallery/image/Ipf2BlNaVWzs7YOp6rSXIkRI0KrMJhjH6OZhUVZi6IM=/medium.webp"", ""https://new-projects-media.propertyfinder.com/project/adcbaaf5-ee64-49cd-ab0a-f3b1f65262aa/gallery/image/tdXGXpFdGX5p72ccIvhDWjwYND0zieLRiQmU_brLEVA=/medium.webp""]",False,False,25.0089173863,0,55.4554082914,1,,project,2026-02-12T17:05:22.373716+00:00,Ovelle
0,new_projects,True,3f4413e3-1f81-40ee-aad2-430b05adc312,"[""https://new-projects-media.propertyfinder.com/project/3f4413e3-1f81-40ee-aad2-430b05adc312/gallery/image/cMunPCjn4NnfydiUdF0NpphvIWIWP2ej33XYh4KqXXQ=/medium.webp""]",False,False,25.0053291,0,55.2081073,1,,project,2026-02-12T17:05:22.373716+00:00,Palmiera Collective
0,new_projects,True,90e25abd-f2b0-40af-90ef-a6040c31d675,"[""https://new-projects-media.propertyfinder.com/project/90e25abd-f2b0-40af-90ef-a6040c31d675/gallery/image/LPR0ih2M4Xj-skNKiEbKliyf5lgaU5JFuE4Rwj3sUa4=/medium.webp"", ""https://new-projects-media.propertyfinder.com/project/90e25abd-f2b0-40af-90ef-a6040c31d675/gallery/image/hQN5-NSx47wa7G5ia114ha4Dooq9L4J083om6aZwE9g=/medium.webp"", ""https://new-projects-media.propertyfinder.com/project/90e25abd-f2b0-40af-90ef-a6040c31d675/gallery/image/sh8SpgTky_tcXtjDNLxtL4KtbMuK3De0Aands22aAf8=/medium.webp""]",False,False,24.8558994,0,54.851121,1,,project,2026-02-12T17:05:22.373716+00:00,Bayn Waterway
0,new_projects,True,fb18f493-fbec-4844-8491-aa0809af82a8,"[""https://new-projects-media.propertyfinder.com/project/fb18f493-fbec-4844-8491-aa0809af82a8/gallery/image/LPR0ih2M4Xj-skNKiEbKliyf5lgaU5JFuE4Rwj3sUa4=/medium.webp"", ""https://new-projects-media.propertyfinder.com/project/fb18f493-fbec-4844-8491-aa0809af82a8/gallery/image/sh8SpgTky_tcXtjDNLxtL4KtbMuK3De0Aands22aAf8=/medium.webp"", ""https://new-projects-media.propertyfinder.com/project/fb18f493-fbec-4844-8491-aa0809af82a8/gallery/image/hQN5-NSx47wa7G5ia114ha4Dooq9L4J083om6aZwE9g=/medium.webp""]",False,False,24.8558994,0,54.851121,1,,project,2026-02-12T17:05:22.373716+00:00,Bayn Lagoon
0,new_projects,True,e0eb05b9-bebc-4884-b66d-f9e41e921cd3,"[""https://new-projects-media.propertyfinder.com/project/e0eb05b9-bebc-4884-b66d-f9e41e921cd3/gallery/image/bUSv7GG2AVD5Be4WEAQBOguQM90pgBSUjXKzkYYsuFY=/medium.webp"", ""https://new-projects-media.propertyfinder.com/project/e0eb05b9-bebc-4884-b66d-f9e41e921cd3/gallery/image/qPh-6KM1G7jtle1kadqMf3WrjJYlgC01Hl0qNXVPgbo=/medium.webp"", ""https://new-projects-media.propertyfinder.com/project/e0eb05b9-bebc-4884-b66d-f9e41e921cd3/gallery/image/bQ4es_HgFxuRZuyh2oj-bqNHu6mR-YJwjoKU08glsUI=/medium.webp"", ""https://new-projects-media.propertyfinder.com/project/e0eb05b9-bebc-4884-b66d-f9e41e921cd3/gallery/image/MYRDcVQPE1Qc6SxCmRKdhnVP7YsHlAJJEKUImNh5Fvk=/medium.webp"", ""https://new-projects-media.propertyfinder.com/project/e0eb05b9-bebc-4884-b66d-f9e41e921cd3/gallery/image/NCbJnMMJO-42p4DbwFZ2fa_KOJIkbEUviFjwTEzr-Qg=/medium.webp"", ""https://new-projects-media.propertyfinder.com/project/e0eb05b9-bebc-4884-b66d-f9e41e921cd3/gallery/image/GG9eijA_YfC76U18swyPm0p3XB_MDIJpxI-OcQl47Jw=/medium.webp"", ""https://new-projects-media.propertyfinder.com/project/e0eb05b9-bebc-4884-b66d-f9e41e921cd3/gallery/image/-XsIyPk-J7ouCVvJCDLDubrsk9rxTuWPdQHBDG2oqrk=/medium.webp"", ""https://new-projects-media.propertyfinder.com/project/e0eb05b9-bebc-4884-b66d-f9e41e921cd3/gallery/image/IDvUnd_Bu1sod2KG7NMyamcbkACHr_715RsQMPe6cM0=/medium.webp"", ""https://new-projects-media.propertyfinder.com/project/e0eb05b9-bebc-4884-b66d-f9e41e921cd3/gallery/image/c9Ye_Ue0CD8ZRkMldpox4bdw26deZ4YBDtiC-2bxYUQ=/medium.webp""]",False,False,25.717181,0,55.833061,1,,project,2026-02-12T17:05:22.373716+00:00,Solera Downtown Mina
0,new_projects,True,7d7822c9-71f1-425c-80c2-b332205ed58c,"[""https://new-projects-media.propertyfinder.com/project/7d7822c9-71f1-425c-80c2-b332205ed58c/gallery/image/Bgfik9ASMV1Kz_7OegfXhbKKzYE8FI6vwUQ-FwUcZCU=/medium.webp"", ""https://new-projects-media.propertyfinder.com/project/7d7822c9-71f1-425c-80c2-b332205ed58c/gallery/image/8Sm93wv8aw-wtdqviDY1ZdJ17r0yOv6kVT-4OSSKBfc=/medium.webp"", ""https://new-projects-media.propertyfinder.com/project/7d7822c9-71f1-425c-80c2-b332205ed58c/gallery/image/4_m1KxrzXv67ULthRNbSk3Tm8a2C2JMZBl9Hq1kd6zE=/medium.webp"", ""https://new-projects-media.propertyfinder.com/project/7d7822c9-71f1-425c-80c2-b332205ed58c/gallery/image/4euzhsxhapQovPQteiQHUzMoHx-cXmSXRcP4Z2lllc8=/medium.webp"", ""https://new-projects-media.propertyfinder.com/project/7d7822c9-71f1-425c-80c2-b332205ed58c/gallery/image/quVLoKrWtEhBpWVAkrZr1PZLFNxVjYL9YZkMEm3rji4=/medium.webp"", ""https://new-projects-media.propertyfinder.com/project/7d7822c9-71f1-425c-80c2-b332205ed58c/gallery/image/yuogYLGzR4pdZVn3EtqwJ5Qnn-_rmU5EgtOUmuUGxbU=/medium.webp"", ""https://new-projects-media.propertyfinder.com/project/7d7822c9-71f1-425c-80c2-b332205ed58c/gallery/image/EBdw2WwqifhihNNa5BCQE7pWupmzAjQlxGJ6fZ-zeVc=/medium.webp"", ""https://new-projects-media.propertyfinder.com/project/7d7822c9-71f1-425c-80c2-b332205ed58c/gallery/image/HyFr-8ec3i6SNHydXY5yYEd6bNF0_tnysLXUkJX4_EE=/medium.webp"", ""https://new-projects-media.propertyfinder.com/project/7d7822c9-71f1-425c-80c2-b332205ed58c/gallery/image/Y3cHmfhvCj_SjGNyI4WvRD_K3R8mzsuDR9DgI53VbUI=/medium.webp"", ""https://new-projects-media.propertyfinder.com/project/7d7822c9-71f1-425c-80c2-b332205ed58c/gallery/image/Rx1UEpzYCV-nPomGEtjZxSHAsaOaXrAClNt_mMzIG3Q=/medium.webp"", ""https://new-projects-media.propertyfinder.com/project/7d7822c9-71f1-425c-80c2-b332205ed58c/gallery/image/QmVxQQNZBe5zhK1ts5wMHZ7D8tbhwuKhM43QXp_sKAM=/medium.webp"", ""https://new-projects-media.propertyfinder.com/project/7d7822c9-71f1-425c-80c2-b332205ed58c/gallery/image/-hGQL-sIUO6_6HwDY0NApWe5OLh99gKAJc1DapLawQE=/medium.webp"", ""https://new-projects-media.propertyfinder.com/project/7d7822c9-71f1-425c-80c2-b332205ed58c/gallery/image/J3OlC_lYanj-kM5wHh_qirSirVLezql8VoKiE3mpYGU=/medium.webp"", ""https://new-projects-media.propertyfinder.com/project/7d7822c9-71f1-425c-80c2-b332205ed58c/gallery/image/63u97u8-cE2eqGZyrwlW9EdM2BXOpZbDxubeuvvRGms=/medium.webp"", ""https://new-projects-media.propertyfinder.com/project/7d7822c9-71f1-425c-80c2-b332205ed58c/gallery/image/f_lRm6vddSUOjdQmRXuCqK8GD_xoYW-SAbih0HMit6o=/medium.webp"", ""https://new-projects-media.propertyfinder.com/project/7d7822c9-71f1-425c-80c2-b332205ed58c/gallery/image/QzA-GFMrOmsotLySkl-bZ-vVQjG7TXQ4NR1HuwRhEs0=/medium.webp"", ""https://new-projects-media.propertyfinder.com/project/7d7822c9-71f1-425c-80c2-b332205ed58c/gallery/image/_DZhoQPJ-qDivX84NbASOTQJd9LPddwp2Dq4HFlgYWA=/medium.webp""]",False,False,25.2761750147,0,55.2652136798,1,,project,2026-02-12T17:05:22.373716+00:00,Soulever
0,new_projects,True,f206ae5b-1310-4b17-825f-b6ec3e69f36f,"[""https://new-projects-media.propertyfinder.com/project/f206ae5b-1310-4b17-825f-b6ec3e69f36f/gallery/image/IAqfFsMXxHf8X_h4XRS4QvEWJd5ydtlpmkW27qfKALs=/medium.webp"", ""https://new-projects-media.propertyfinder.com/project/f206ae5b-1310-4b17-825f-b6ec3e69f36f/gallery/image/2Q8r_-tRQA2Paskg-_85Tcmzpx7lxVbIcaobe8UnPlM=/medium.webp"", ""https://new-projects-media.propertyfinder.com/project/f206ae5b-1310-4b17-825f-b6ec3e69f36f/gallery/image/Do-yGz4d27W_g2ZdQSo_3GfmgTIl_a6boun2v4IPzXQ=/medium.webp"", ""https://new-projects-media.propertyfinder.com/project/f206ae5b-1310-4b17-825f-b6ec3e69f36f/gallery/image/0q3A1-aEXv3v3vTNk-EBvv5XbPIuExQq_N59BkwPRzs=/medium.webp"", ""https://new-projects-media.propertyfinder.com/project/f206ae5b-1310-4b17-825f-b6ec3e69f36f/gallery/image/QNNaESJJUHkYLbP75ySx98Z-IFx3FVbnffOSxw69kSA=/medium.webp"", ""https://new-projects-media.propertyfinder.com/project/f206ae5b-1310-4b17-825f-b6ec3e69f36f/gallery/image/h9mrxMoAdxP6IigAfrzXCgMhpdo8TXJBVQ2Msz2PH6E=/medium.webp"", ""https://new-projects-media.propertyfinder.com/project/f206ae5b-1310-4b17-825f-b6ec3e69f36f/gallery/image/o7Z_jJRsWmmpvLt6kgMEpdUS1ZGqUnFRA4fLeRww6K0=/medium.webp"", ""https://new-projects-media.propertyfinder.com/project/f206ae5b-1310-4b17-825f-b6ec3e69f36f/gallery/image/w8CGau1YPLe6jrtLseFuMJSDOh7_5KLokspgnqan-pc=/medium.webp"", ""https://new-projects-media.propertyfinder.com/project/f206ae5b-1310-4b17-825f-b6ec3e69f36f/gallery/image/XtGuTgYhY64W6SD1Grt4AVQu4jD_w_X7OwLhrd5Q1TM=/medium.webp"", ""https://new-projects-media.propertyfinder.com/project/f206ae5b-1310-4b17-825f-b6ec3e69f36f/gallery/image/d1hNR6OLEp4uqE8GiP4l4smsI5_RoesD0yNJgENV6NE=/medium.webp"", ""https://new-projects-media.propertyfinder.com/project/f206ae5b-1310-4b17-825f-b6ec3e69f36f/gallery/image/cWNaJFpkl0wxnouPO8gyAFLMmYOefy06eSqWGcC5yho=/medium.webp""]",False,False,25.06331166293,0,55.32144007669,1,,project,2026-02-12T17:05:22.373716+00:00,The Brooks at Sobha Sanctuary
0,new_projects,True,e3d2776c-0712-4b51-95e3-3849919cd6ea,"[""https://new-projects-media.propertyfinder.com/project/e3d2776c-0712-4b51-95e3-3849919cd6ea/gallery/image/qs2w4MbAVwDwVW1I_9GkTANyY1fNfKklWvUr7BMeoE4=/medium.webp"", ""https://new-projects-media.propertyfinder.com/project/e3d2776c-0712-4b51-95e3-3849919cd6ea/gallery/image/WdGDajBz2tjXJckRTUbR7_gyh7LG0bqOgWEQcUDwkDs=/medium.webp"", ""https://new-projects-media.propertyfinder.com/project/e3d2776c-0712-4b51-95e3-3849919cd6ea/gallery/image/BqkyJRNTWaYlU0Ry4aziNeaomEMTggfeEiAd8_vvxJw=/medium.webp"", ""https://new-projects-media.propertyfinder.com/project/e3d2776c-0712-4b51-95e3-3849919cd6ea/gallery/image/Fo0Gp6Om3eKXwRTq3lYIOM7PszbF92xwk4dREUEJ52Y=/medium.webp"", ""https://new-projects-media.propertyfinder.com/project/e3d2776c-0712-4b51-95e3-3849919cd6ea/gallery/image/P901Vve-vq5LV7_-W0oOGHW2koXyodsnGsUPVmq7sm8=/medium.webp"", ""https://new-projects-media.propertyfinder.com/project/e3d2776c-0712-4b51-95e3-3849919cd6ea/gallery/image/tWmwn6tqh31q_vJN89ZlSQAEnWzeXUgVFbjckJutkU8=/medium.webp"", ""https://new-projects-media.propertyfinder.com/project/e3d2776c-0712-4b51-95e3-3849919cd6ea/gallery/image/jiaLYDfeHn8jf8h9_4nrFKpCM6-zvW2weogOTKiAFi4=/medium.webp"", ""https://new-projects-media.propertyfinder.com/project/e3d2776c-0712-4b51-95e3-3849919cd6ea/gallery/image/p9eGfqduIVHu9ijqRT5U9W2rXMURPJHNi2HmlqqxqdI=/medium.webp"", ""https://new-projects-media.propertyfinder.com/project/e3d2776c-0712-4b51-95e3-3849919cd6ea/gallery/image/EaAn3LipAGwK_uLpuYFC7sotTptmBVI9RjvNDY2JX6k=/medium.webp"", ""https://new-projects-media.propertyfinder.com/project/e3d2776c-0712-4b51-95e3-3849919cd6ea/gallery/image/p27erfwppowUKD5BUuewWlvhF5vmWVXOKWD9ISnleww=/medium.webp""]",False,False,25.17595793932,0,55.32548847608,1,,project,2026-02-12T17:05:22.373716+00:00,Skyvue Spectra
0,new_projects,True,9a373288-6b15-4d9a-833c-670c779cc97a,"[""https://new-projects-media.propertyfinder.com/project/9a373288-6b15-4d9a-833c-670c779cc97a/gallery/image/pRjmWB9BGNxDhsqgnW200qrtEU-NQyCfWn7MsCw-sa8=/medium.webp"", ""https://new-projects-media.propertyfinder.com/project/9a373288-6b15-4d9a-833c-670c779cc97a/gallery/image/5iglkzvLmDMaT72Hkh5pji-NvcnlGf4M4QPc_npwl2I=/medium.webp"", ""https://new-projects-media.propertyfinder.com/project/9a373288-6b15-4d9a-833c-670c779cc97a/gallery/image/AjQ6Z8787IMxOjRbBmG75QUFWc3CXHeyJSrHQlw-c9c=/medium.webp"", ""https://new-projects-media.propertyfinder.com/project/9a373288-6b15-4d9a-833c-670c779cc97a/gallery/image/4uYBZedkrqBs1qnHmYRO4ldY9w13yrIqI85NO1GFBfU=/medium.webp"", ""https://new-projects-media.propertyfinder.com/project/9a373288-6b15-4d9a-833c-670c779cc97a/gallery/image/viLfXLlg_Q_nR939BS46UX9ARpXHzJ0gL5SLncrzqiU=/medium.webp"", ""https://new-projects-media.propertyfinder.com/project/9a373288-6b15-4d9a-833c-670c779cc97a/gallery/image/jjrRq365sQZGYpL0jctpMDBIE0dAiEDwmHtftOtiexA=/medium.webp"", ""https://new-projects-media.propertyfinder.com/project/9a373288-6b15-4d9a-833c-670c779cc97a/gallery/image/Onkcgng3FuX1SMYxujs6rTmPeLYJ3Da6SNRYkvFoZtw=/medium.webp"", ""https://new-projects-media.propertyfinder.com/project/9a373288-6b15-4d9a-833c-670c779cc97a/gallery/image/RKhOqgNCD_DJXA1Cx-p_VE0G4Cxo13aF4SAViLc5_Bw=/medium.webp"", ""https://new-projects-media.propertyfinder.com/project/9a373288-6b15-4d9a-833c-670c779cc97a/gallery/image/jpJ1fsaRyAy976oHMPd8ESZCI66u818NNkLoPekA2sM=/medium.webp"", ""https://new-projects-media.propertyfinder.com/project/9a373288-6b15-4d9a-833c-670c779cc97a/gallery/image/g_0mtpUwOi_Go3m-EzTfrQP_5rektG_Swx2XQncQM3s=/medium.webp""]",False,False,24.4908186,0,54.3687862,1,,project,2026-02-12T17:05:22.373716+00:00,Fay Gardens at Fay Hills
0,new_projects,True,2550decc-51d5-49ca-8f6a-f51166b99c7c,"[""https://new-projects-media.propertyfinder.com/project/2550decc-51d5-49ca-8f6a-f51166b99c7c/gallery/image/hgvS5qQQX_NSb00bvDB0EuWAkhENkTwgY-QCFlOncts=/medium.webp""]",False,False,24.4942437,0,54.4068603,1,,project,2026-02-12T17:05:22.373716+00:00,Radiant Wave
0,new_projects,True,58485960-14c7-4fb3-9575-2e5a91193801,"[""https://new-projects-media.propertyfinder.com/project/58485960-14c7-4fb3-9575-2e5a91193801/gallery/image/s7S7qWlZdjvQbLmmaOyHiHHitZJurbh6z8pWC4hsuJg=/medium.webp"", ""https://new-projects-media.propertyfinder.com/project/58485960-14c7-4fb3-9575-2e5a91193801/gallery/image/948nprwzgtAlfvddsu-049QPvQMP-W-T3rPkwB-Y48k=/medium.webp"", ""https://new-projects-media.propertyfinder.com/project/58485960-14c7-4fb3-9575-2e5a91193801/gallery/image/GgSyalKIxAoosKmxFgJYagZZjtqQQsvymeO-d73DeEo=/medium.webp"", ""https://new-projects-media.propertyfinder.com/project/58485960-14c7-4fb3-9575-2e5a91193801/gallery/image/lAIe2dbrykfTwWDaQ9u6Wc7Xd4QPb1OqndQjbj9Koqk=/medium.webp"", ""https://new-projects-media.propertyfinder.com/project/58485960-14c7-4fb3-9575-2e5a91193801/gallery/image/bBks62gIHQXi29vhCTLfXHIqrVj5IK7l4bLrYh8jq-w=/medium.webp"", ""https://new-projects-media.propertyfinder.com/project/58485960-14c7-4fb3-9575-2e5a91193801/gallery/image/Yg2NU6uIZID1mhvuE5MPO0f9BhFE1iw1b4_IkgVHLbw=/medium.webp"", ""https://new-projects-media.propertyfinder.com/project/58485960-14c7-4fb3-9575-2e5a91193801/gallery/image/z1YClW0iR0kz8A42vn_d3yQ76JDGp5Qx5Aaz6j9I7IE=/medium.webp"", ""https://new-projects-media.propertyfinder.com/project/58485960-14c7-4fb3-9575-2e5a91193801/gallery/image/B8xMJ_2FAkDbWAy2CkqxZ-xaDAq-O-cbQ6wJOW5QdNM=/medium.webp"", ""https://new-projects-media.propertyfinder.com/project/58485960-14c7-4fb3-9575-2e5a91193801/gallery/image/eultP2Gyp80ORSoQ4AhBEXcSJeqrRXhe07VmusYV0Xw=/medium.webp"", ""https://new-projects-media.propertyfinder.com/project/58485960-14c7-4fb3-9575-2e5a91193801/gallery/image/q-dIHeqe8l-7xkk6W5rkGi_bxKTEvvIeWE1mWDFcHYE=/medium.webp"", ""https://new-projects-media.propertyfinder.com/project/58485960-14c7-4fb3-9575-2e5a91193801/gallery/image/VzKETCF1iTeXQog-YlAY6MYBo_pKvO6B17FMflq-5e8=/medium.webp"", ""https://new-projects-media.propertyfinder.com/project/58485960-14c7-4fb3-9575-2e5a91193801/gallery/image/Y6LE-zSGwjDzQIrMj-WvdvEAJaZJ6XBnh89SCTJzZOk=/medium.webp"", ""https://new-projects-media.propertyfinder.com/project/58485960-14c7-4fb3-9575-2e5a91193801/gallery/image/2I0hh_za53YkGLDsm2YdZUkJIlCR46ktfvaV8512TG4=/medium.webp""]",False,False,25.311219,0,55.319198,2,,project,2026-02-12T17:05:25.618608+00:00,Hado by Beyond
0,new_projects,True,8eabbf00-8df8-4716-ae08-33777f1b4445,"[""https://new-projects-media.propertyfinder.com/project/8eabbf00-8df8-4716-ae08-33777f1b4445/gallery/image/AY90AuYZdxElb-QjnpeYGC6kFYu6I8IOoT58iikbth4=/medium.webp"", ""https://new-projects-media.propertyfinder.com/project/8eabbf00-8df8-4716-ae08-33777f1b4445/gallery/image/OAGJDCqenSrRNrGN5sRrp_OByzpLN5L2rex3NADAeo4=/medium.webp"", ""https://new-projects-media.propertyfinder.com/project/8eabbf00-8df8-4716-ae08-33777f1b4445/gallery/image/s5LyKCEWFENbnjkwacA4F_g-86MfjfGtMBokqNAbaHo=/medium.webp"", ""https://new-projects-media.propertyfinder.com/project/8eabbf00-8df8-4716-ae08-33777f1b4445/gallery/image/-TJWNAz8mOjicX__boLL919K2WRhSwYKGsOoSU45e2o=/medium.webp"", ""https://new-projects-media.propertyfinder.com/project/8eabbf00-8df8-4716-ae08-33777f1b4445/gallery/image/GKbk-BxMG9dfBGYFi4zkhljQcjmzsAc0MT3FSdxsCE0=/medium.webp"", ""https://new-projects-media.propertyfinder.com/project/8eabbf00-8df8-4716-ae08-33777f1b4445/gallery/image/YvSie5RtcdXzbc3-r5yacYwkB-pdBT5zkmKxP3Jk9TA=/medium.webp"", ""https://new-projects-media.propertyfinder.com/project/8eabbf00-8df8-4716-ae08-33777f1b4445/gallery/image/wQwvtH5EssOP3VnLz8BZ-HuImEJKnVqReGP29nN-AUI=/medium.webp"", ""https://new-projects-media.propertyfinder.com/project/8eabbf00-8df8-4716-ae08-33777f1b4445/gallery/image/8KQizN7uNIFEqEil7dD8XUptw-MPADrL5QBvEzJ52oY=/medium.webp"", ""https://new-projects-media.propertyfinder.com/project/8eabbf00-8df8-4716-ae08-33777f1b4445/gallery/image/DdM4x9W64qKB18G7aTzyxoDnliq4wYL1jtRGJfjnd38=/medium.webp"", ""https://new-projects-media.propertyfinder.com/project/8eabbf00-8df8-4716-ae08-33777f1b4445/gallery/image/nYoR-ZgOfLzij2k2534hn6Xa1yfgvTLrEwwBiB1qurc=/medium.webp"", ""https://new-projects-media.propertyfinder.com/project/8eabbf00-8df8-4716-ae08-33777f1b4445/gallery/image/j8druPdiM2L72v_a-662LGg8A6D2uXAqEuWutH-CyOI=/medium.webp""]",False,False,24.502189,0,54.629517,2,,project,2026-02-12T17:05:25.618608+00:00,Yas Living
0,new_projects,True,d7356e52-a954-4ba1-8343-722be388feb7,"[""https://new-projects-media.propertyfinder.com/project/d7356e52-a954-4ba1-8343-722be388feb7/gallery/image/aYB_etCJyr7pX-7qmpUv5nurwArnoklSxbR2twSNBJA=/medium.webp"", ""https://new-projects-media.propertyfinder.com/project/d7356e52-a954-4ba1-8343-722be388feb7/gallery/image/V38Ga4OApCPC_dGZawiePU-Sjaymirp5hy3WNb15_SE=/medium.webp"", ""https://new-projects-media.propertyfinder.com/project/d7356e52-a954-4ba1-8343-722be388feb7/gallery/image/A2KMZb1c5EkDlC4V0fK5DX4Hdb_L44FmoXaoKscUZZ4=/medium.webp"", ""https://new-projects-media.propertyfinder.com/project/d7356e52-a954-4ba1-8343-722be388feb7/gallery/image/ggTtLIWoNjY098PC_62s3ZxItfhgnv1-BtUwkSC6nOc=/medium.webp"", ""https://new-projects-media.propertyfinder.com/project/d7356e52-a954-4ba1-8343-722be388feb7/gallery/image/6Fbh97t5C9fZ9qtaeZNuL-y2o9eKFGrLUB2lVieMab0=/medium.webp"", ""https://new-projects-media.propertyfinder.com/project/d7356e52-a954-4ba1-8343-722be388feb7/gallery/image/zWAcvZKXtrtBVoqMiYyIZJyMTC2Prga6dncMogfK6zE=/medium.webp"", ""https://new-projects-media.propertyfinder.com/project/d7356e52-a954-4ba1-8343-722be388feb7/gallery/image/hwQ0zeZXQXIcb-GvEzJclXog8_sljN1YwTBwKYalbs8=/medium.webp"", ""https://new-projects-media.propertyfinder.com/project/d7356e52-a954-4ba1-8343-722be388feb7/gallery/image/sFp2xNvE8SQTLPeo7fLPJRryHDrcn5b7hINkIl3bAqc=/medium.webp"", ""https://new-projects-media.propertyfinder.com/project/d7356e52-a954-4ba1-8343-722be388feb7/gallery/image/nhPcgvleEjf2oRMbZ76XPvBslkV8OHFTO1Q3nWLp2p4=/medium.webp"", ""https://new-projects-media.propertyfinder.com/project/d7356e52-a954-4ba1-8343-722be388feb7/gallery/image/4pPjLEdo3eupoIA3-IMhSMVvkkDdU8N7YrFHyI_refk=/medium.webp""]",False,False,25.20822280956,0,55.25702407116,2,,project,2026-02-12T17:05:25.618608+00:00,City Walk Crestlane Phase 5
0,new_projects,True,e57c8538-d93d-4cf5-a27a-f19bf42682c7,"[""https://new-projects-media.propertyfinder.com/project/e57c8538-d93d-4cf5-a27a-f19bf42682c7/gallery/image/g_yd-gPAd_AWLLn7mBNIdhgGoq4-7ndJOuAe7BGA6cg=/medium.webp"", ""https://new-projects-media.propertyfinder.com/project/e57c8538-d93d-4cf5-a27a-f19bf42682c7/gallery/image/hWmzbO2znoi8kz_kicepeo_wA3Q9tRW06J4gP5gvxUs=/medium.webp"", ""https://new-projects-media.propertyfinder.com/project/e57c8538-d93d-4cf5-a27a-f19bf42682c7/gallery/image/Pa8PV05u8Gknvc4If9I21AhQuxuJ13I0Nvwr8O-cpt0=/medium.webp"", ""https://new-projects-media.propertyfinder.com/project/e57c8538-d93d-4cf5-a27a-f19bf42682c7/gallery/image/SZMh4DHHB7Fsh5lW1SionZ3_IvlxgWH3vhj-wErRJGc=/medium.webp"", ""https://new-projects-media.propertyfinder.com/project/e57c8538-d93d-4cf5-a27a-f19bf42682c7/gallery/image/kKbHN8MTh3NOmj2aFFQfnjAtnkKCNrc2-d2sCuGTukM=/medium.webp"", ""https://new-projects-media.propertyfinder.com/project/e57c8538-d93d-4cf5-a27a-f19bf42682c7/gallery/image/Gq241VSNF7TvFgXQzYdpRYB1WLg-vvfX68LeG15rxLA=/medium.webp"", ""https://new-projects-media.propertyfinder.com/project/e57c8538-d93d-4cf5-a27a-f19bf42682c7/gallery/image/vadYflM3FBRf9xMJtKdsqg97Sqefc4MDblpcagiPCFc=/medium.webp""]",False,False,25.199966,0,55.3465556822,2,,project,2026-02-12T17:05:25.618608+00:00,Creek Bay
0,new_projects,True,da4fc570-a784-4e77-a645-72ddf7ef4f18,"[""https://new-projects-media.propertyfinder.com/project/da4fc570-a784-4e77-a645-72ddf7ef4f18/gallery/image/7MCmKpeNY14DcZwYcGFvQNJc6W-jicgPdFqFdbv2ltE=/medium.webp"", ""https://new-projects-media.propertyfinder.com/project/da4fc570-a784-4e77-a645-72ddf7ef4f18/gallery/image/GsVfH7KWoMf0nHzIDoVXvVYxS07V5_0n22cvLVgGTBY=/medium.webp"", ""https://new-projects-media.propertyfinder.com/project/da4fc570-a784-4e77-a645-72ddf7ef4f18/gallery/image/FOdJ--Z1dMbvhtNUDCdXa63fg6WIevH_c-L4DOcGso0=/medium.webp"", ""https://new-projects-media.propertyfinder.com/project/da4fc570-a784-4e77-a645-72ddf7ef4f18/gallery/image/3oleYNrFJrSzwMdtDXI4nUXUcOaIPMNbk-bEYKZLx9k=/medium.webp"", ""https://new-projects-media.propertyfinder.com/project/da4fc570-a784-4e77-a645-72ddf7ef4f18/gallery/image/mV92unhKbA_wgGdczo-7fhw_sl2GX15hpNSYFG8yqvE=/medium.webp""]",False,False,24.535759,0,54.410057,2,,project,2026-02-12T17:05:25.618608+00:00,The Row Saadiyat
0,new_projects,True,daa6b40f-cc91-4613-9fd9-e9e844c6a08c,"[""https://new-projects-media.propertyfinder.com/project/daa6b40f-cc91-4613-9fd9-e9e844c6a08c/gallery/image/8uxMK-zhLTQCfIGRG4FkhCFrX6XHJBbpRdmNS0uOtIo=/medium.webp"", ""https://new-projects-media.propertyfinder.com/project/daa6b40f-cc91-4613-9fd9-e9e844c6a08c/gallery/image/9mMt9UviMs9dxiwJVF2zr0BYOvzgyAy3NABysYaM_hA=/medium.webp"", ""https://new-projects-media.propertyfinder.com/project/daa6b40f-cc91-4613-9fd9-e9e844c6a08c/gallery/image/I_hM5fZ4WFpxxEWaKoLMdqfdICti2zHO8IcmeuSg3pk=/medium.webp"", ""https://new-projects-media.propertyfinder.com/project/daa6b40f-cc91-4613-9fd9-e9e844c6a08c/gallery/image/kVbUq7frSxvEIrvGDseEJylnePLdT63wyWGZCUjLKuk=/medium.webp"", ""https://new-projects-media.propertyfinder.com/project/daa6b40f-cc91-4613-9fd9-e9e844c6a08c/gallery/image/iLOGSJiVijdPALERvvv0o-jWGNAFlNKZRkOZ3r0QSmk=/medium.webp"", ""https://new-projects-media.propertyfinder.com/project/daa6b40f-cc91-4613-9fd9-e9e844c6a08c/gallery/image/VzF8_1-oCiWqmSGrO3AbvDVYXf-p4z2gKJEcCeahGfo=/medium.webp""]",False,False,24.875227,0,55.050623,2,,project,2026-02-12T17:05:25.618608+00:00,Samana Hills South Phase 3
0,new_projects,True,e37f76d3-e513-4509-9b20-3fc91d566467,"[""https://new-projects-media.propertyfinder.com/project/e37f76d3-e513-4509-9b20-3fc91d566467/gallery/image/enyAvXGi4sThY8AJUWGK1VXL0nJ_2ck2k95uiemhWyQ=/medium.webp"", ""https://new-projects-media.propertyfinder.com/project/e37f76d3-e513-4509-9b20-3fc91d566467/gallery/image/xjgnt_mdloByu_9YJw3nCIoR0dGN8YGPeDB8ObEDzlc=/medium.webp"", ""https://new-projects-media.propertyfinder.com/project/e37f76d3-e513-4509-9b20-3fc91d566467/gallery/image/rXim2_gedzeCeQB9ZSLZWkh479JUGfLThYeTQZNz2NY=/medium.webp"", ""https://new-projects-media.propertyfinder.com/project/e37f76d3-e513-4509-9b20-3fc91d566467/gallery/image/NoRZbogv95IcCvTrzUCOiH_dxih2aqNsCrNhblQtHG4=/medium.webp""]",False,False,25.6885490186,0,55.7351699302,2,,project,2026-02-12T17:05:25.618608+00:00,Jacob & Co Residences
0,new_projects,True,95b2c926-61cd-4d05-93fc-b21071762d9b,"[""https://new-projects-media.propertyfinder.com/project/95b2c926-61cd-4d05-93fc-b21071762d9b/gallery/image/H0aj4WhnEBrEH2RdUo8HYrPoiJd_BBjaOg5mWnsErFQ=/medium.webp"", ""https://new-projects-media.propertyfinder.com/project/95b2c926-61cd-4d05-93fc-b21071762d9b/gallery/image/6C0S4RnvXPCvEgmqeBYI42Xdy-NG2GmP_BXMY0Y0d5g=/medium.webp"", ""https://new-projects-media.propertyfinder.com/project/95b2c926-61cd-4d05-93fc-b21071762d9b/gallery/image/jAWDHByTpORx1-bRwijPtqPnB4Shu3r46lrKCNMxF80=/medium.webp"", ""https://new-projects-media.propertyfinder.com/project/95b2c926-61cd-4d05-93fc-b21071762d9b/gallery/image/KogqSXqWicGNl2TlN5xyJa8p2zAhI7RRb4MBdiur2YI=/medium.webp"", ""https://new-projects-media.propertyfinder.com/project/95b2c926-61cd-4d05-93fc-b21071762d9b/gallery/image/lvq1TAG5Uqs_pzk-bbeT5RW6e4svj8ehL6VKovqtXWM=/medium.webp"", ""https://new-projects-media.propertyfinder.com/project/95b2c926-61cd-4d05-93fc-b21071762d9b/gallery/image/bCjIcJVqIkhvMJMy3uGPlKWvKUpkyxXChzfQFOoi_MQ=/medium.webp"", ""https://new-projects-media.propertyfinder.com/project/95b2c926-61cd-4d05-93fc-b21071762d9b/gallery/image/oNn1IHmxJ8SADjqnFrmkDnWz9t55D6MFNLnTNTySOTo=/medium.webp"", ""https://new-projects-media.propertyfinder.com/project/95b2c926-61cd-4d05-93fc-b21071762d9b/gallery/image/Bgjpzgvbbcvpn1HvVmSyE1fD20z9ze7VTSIEzBvkkEI=/medium.webp""]",False,False,25.12880516225,0,55.26144199416,2,,project,2026-02-12T17:05:25.618608+00:00,Golf Hillside
0,new_projects,True,9319046b-7d84-43b5-9f33-d6f5b8ff9199,"[""https://new-projects-media.propertyfinder.com/project/9319046b-7d84-43b5-9f33-d6f5b8ff9199/gallery/image/UfyCwsTRt349GSqztIMAA2raTlc4OWiz2gFjp3LEyRg=/medium.webp"", ""https://new-projects-media.propertyfinder.com/project/9319046b-7d84-43b5-9f33-d6f5b8ff9199/gallery/image/WdA5wWINOu6RC51mVyc04Xe5w_Gm0JJpWCzud2kQqSk=/medium.webp"", ""https://new-projects-media.propertyfinder.com/project/9319046b-7d84-43b5-9f33-d6f5b8ff9199/gallery/image/ZjcO8VKhUbRMDQF3YoCAnzPOiTmey-FKYIg2GTRr7V4=/medium.webp"", ""https://new-projects-media.propertyfinder.com/project/9319046b-7d84-43b5-9f33-d6f5b8ff9199/gallery/image/pvv8B7RELinNPe-YS5Cw39mqBUfbpRMQIbtXUKeEPQU=/medium.webp"", ""https://new-projects-media.propertyfinder.com/project/9319046b-7d84-43b5-9f33-d6f5b8ff9199/gallery/image/cA3BKjfcpruBo0bdu2gdpwO47KIbd6m3hki_EFMQhNM=/medium.webp"", ""https://new-projects-media.propertyfinder.com/project/9319046b-7d84-43b5-9f33-d6f5b8ff9199/gallery/image/Pf4RWCSKs87AVnRZRp8czuSo6uW0QCmrKg1iWLfU5GY=/medium.webp"", ""https://new-projects-media.propertyfinder.com/project/9319046b-7d84-43b5-9f33-d6f5b8ff9199/gallery/image/89NRoE4yeSAH_OetZu3Ji8Cp1m43JaQqiKvi4ZvgAnU=/medium.webp"", ""https://new-projects-media.propertyfinder.com/project/9319046b-7d84-43b5-9f33-d6f5b8ff9199/gallery/image/DVCBIGbNpuNCkJhD77eIiyclxKk9aTgGC7pfYVl3uEU=/medium.webp"", ""https://new-projects-media.propertyfinder.com/project/9319046b-7d84-43b5-9f33-d6f5b8ff9199/gallery/image/fw1c_d9Jlwtaokak_MLn3ym4LTtT8JLp_Db4XanlUzc=/medium.webp""]",False,False,25.1895788472,0,55.3017512066,2,,project,2026-02-12T17:05:25.618608+00:00,The edit at D3
0,new_projects,True,473cce9c-15e9-4382-a5e6-93e6267452bb,"[""https://new-projects-media.propertyfinder.com/project/473cce9c-15e9-4382-a5e6-93e6267452bb/gallery/image/SEvR-u4i-DQZz7jwS3vk3zuZupQuS-V4GhzgLXXrH_U=/medium.webp""]",False,False,24.972467,0,55.234744,2,,project,2026-02-12T17:05:25.618608+00:00,Damac Riverside - Olive
0,new_projects,True,b813b92c-80f8-4e33-8016-a6d0759e8534,"[""https://new-projects-media.propertyfinder.com/project/b813b92c-80f8-4e33-8016-a6d0759e8534/gallery/image/v2C2AHifM-9NV8VIRtiici-Exh3fTjBtLGVb6DAoRRQ=/medium.webp"", ""https://new-projects-media.propertyfinder.com/project/b813b92c-80f8-4e33-8016-a6d0759e8534/gallery/image/nJyPsUMlzGM29NT3lVUIfdphReHyPz9LCpBQxLTJ8Ts=/medium.webp"", ""https://new-projects-media.propertyfinder.com/project/b813b92c-80f8-4e33-8016-a6d0759e8534/gallery/image/taNrRx6tdqxnlHow_LsKu4EwdlE8VgUrNvKj4QiV3Xw=/medium.webp"", ""https://new-projects-media.propertyfinder.com/project/b813b92c-80f8-4e33-8016-a6d0759e8534/gallery/image/MQAnwxcSgHoURLrlei6Woksy14meEtBUCswxDYEZlNo=/medium.webp"", ""https://new-projects-media.propertyfinder.com/project/b813b92c-80f8-4e33-8016-a6d0759e8534/gallery/image/CXGZCCrXjlH1IolGa3Oak3m6o4BsrBE8z4VZk_jza9I=/medium.webp"", ""https://new-projects-media.propertyfinder.com/project/b813b92c-80f8-4e33-8016-a6d0759e8534/gallery/image/qEVkAe5cx2BxSuFVoYfUfDaqz8qnqY3DPas-WS1GyHY=/medium.webp"", ""https://new-projects-media.propertyfinder.com/project/b813b92c-80f8-4e33-8016-a6d0759e8534/gallery/image/Zg4sGwW04MkJbxqhYIaJKuot8ovrnX1kR1igj4ni75o=/medium.webp""]",False,False,25.273713,0,55.284211,2,,project,2026-02-12T17:05:25.618608+00:00,Sera by Emaar
0,new_projects,True,10ec2273-3797-4f8a-8447-6ddd045ed62b,"[""https://new-projects-media.propertyfinder.com/project/10ec2273-3797-4f8a-8447-6ddd045ed62b/gallery/image/VPFxXSa2jjtc5-F8v_dDwPdojy-9K0b05LBLHYH2Lpo=/medium.webp"", ""https://new-projects-media.propertyfinder.com/project/10ec2273-3797-4f8a-8447-6ddd045ed62b/gallery/image/jZyoMn5kzCg-tdAEbEsgTfFWTNRnpL9vpa0OiEEs138=/medium.webp"", ""https://new-projects-media.propertyfinder.com/project/10ec2273-3797-4f8a-8447-6ddd045ed62b/gallery/image/8FYUCQzmAyx1hcLOBsqW-9b42eLyF6OvlgJ-fHEtNFk=/medium.webp"", ""https://new-projects-media.propertyfinder.com/project/10ec2273-3797-4f8a-8447-6ddd045ed62b/gallery/image/Ofu0owkrig2cL-l3f2XhCZVAYx0DjDfwbmYvU6NQX7c=/medium.webp"", ""https://new-projects-media.propertyfinder.com/project/10ec2273-3797-4f8a-8447-6ddd045ed62b/gallery/image/NpukNYXdVQMCg2ygUyK6FE5JtmZyr96PsRuKS6qbbnc=/medium.webp"", ""https://new-projects-media.propertyfinder.com/project/10ec2273-3797-4f8a-8447-6ddd045ed62b/gallery/image/67xJ0OyYlGeu5TAJDyvVfpwVvKrfAKjASgVKsAUhsQs=/medium.webp""]",False,False,25.233842,0,55.259599,2,,project,2026-02-12T17:05:25.618608+00:00,Solaya 4 and 6
0,new_projects,True,1719d912-0e4a-4137-b018-4a1051705184,"[""https://new-projects-media.propertyfinder.com/project/1719d912-0e4a-4137-b018-4a1051705184/gallery/image/zeuTnh3O7eSY8suOc9rgb-nR8Vyc4yOJ7imrLkhwoIc=/medium.webp"", ""https://new-projects-media.propertyfinder.com/project/1719d912-0e4a-4137-b018-4a1051705184/gallery/image/iUfub3Y9BIe_DIcUg9-rVH8Q5Hcr-JmMIIOPIlccFQQ=/medium.webp"", ""https://new-projects-media.propertyfinder.com/project/1719d912-0e4a-4137-b018-4a1051705184/gallery/image/CX6jHF55CLONFv3YoqElcGCCmOsgYYc2T-oqy4-EH70=/medium.webp"", ""https://new-projects-media.propertyfinder.com/project/1719d912-0e4a-4137-b018-4a1051705184/gallery/image/lfULLWSt8alfdvr5AnNtQ5tVUH_u0Cst2UrEmAcsCHw=/medium.webp"", ""https://new-projects-media.propertyfinder.com/project/1719d912-0e4a-4137-b018-4a1051705184/gallery/image/_GXefRHKuBAmbFDJdZbfYnw4feu0ImBArcH4QXd8fz4=/medium.webp"", ""https://new-projects-media.propertyfinder.com/project/1719d912-0e4a-4137-b018-4a1051705184/gallery/image/PquxIHqxcWUUv2ILKmaI96FxV7DbakQ-FbcjQhdlrXY=/medium.webp"", ""https://new-projects-media.propertyfinder.com/project/1719d912-0e4a-4137-b018-4a1051705184/gallery/image/FJsD6xmXsX-39nkPkZCw1TdvurQfjjPfy17N9X1tIDc=/medium.webp""]",False,False,24.860796,0,55.144935,2,,project,2026-02-12T17:05:25.618608+00:00,Golf Meadow
0,new_projects,True,bfb56d16-81df-4586-bafc-310fb35b771a,"[""https://new-projects-media.propertyfinder.com/project/bfb56d16-81df-4586-bafc-310fb35b771a/gallery/image/0rHS-wOJGk4nByFUfwP9gpGL1Oxk_K-uWrHVbDCjegA=/medium.webp"", ""https://new-projects-media.propertyfinder.com/project/bfb56d16-81df-4586-bafc-310fb35b771a/gallery/image/ZeUwZBurnvQN0aUnG_iVnPdtc34cAevNB01exER1CNM=/medium.webp"", ""https://new-projects-media.propertyfinder.com/project/bfb56d16-81df-4586-bafc-310fb35b771a/gallery/image/FL8LpwV4EmGnMmMgELwMacqlC7eGIatQm3ATeWF3tfI=/medium.webp"", ""https://new-projects-media.propertyfinder.com/project/bfb56d16-81df-4586-bafc-310fb35b771a/gallery/image/E9z-9rc7B_LLiBEooaDRRo_U8GnYEeAgas9CBaWR-CA=/medium.webp"", ""https://new-projects-media.propertyfinder.com/project/bfb56d16-81df-4586-bafc-310fb35b771a/gallery/image/PlzMrriCh78Vm514i_GdTMpslye2UeanPINRfz_OQkI=/medium.webp"", ""https://new-projects-media.propertyfinder.com/project/bfb56d16-81df-4586-bafc-310fb35b771a/gallery/image/F-z_etjJoxsjNWSu-IFlgrG2XsbJ5KKOP9U-gnebmuA=/medium.webp"", ""https://new-projects-media.propertyfinder.com/project/bfb56d16-81df-4586-bafc-310fb35b771a/gallery/image/SBEIjnko0ftxOIKe5WGQbcYwLAj0GoIFgkoayo0WDiU=/medium.webp""]",False,False,25.2703152,0,55.287501,2,,project,2026-02-12T17:05:25.618608+00:00,Baystar by Vida
0,new_projects,True,cada5ad5-605b-4bf9-8192-e26f20ee41d8,"[""https://new-projects-media.propertyfinder.com/project/cada5ad5-605b-4bf9-8192-e26f20ee41d8/gallery/image/4qkuRoZlkMKdE9C_tgTSBJD0huPqDQTMTbfGItLmbL4=/medium.webp"", ""https://new-projects-media.propertyfinder.com/project/cada5ad5-605b-4bf9-8192-e26f20ee41d8/gallery/image/VlXiPZnok5KZ4OWlzSqn29k3i0kSE1DoUJ7MulqHydo=/medium.webp"", ""https://new-projects-media.propertyfinder.com/project/cada5ad5-605b-4bf9-8192-e26f20ee41d8/gallery/image/_mPqNvYLO8icLEMsTHENT07Clh-7A4FyKSIoAZUcQWc=/medium.webp"", ""https://new-projects-media.propertyfinder.com/project/cada5ad5-605b-4bf9-8192-e26f20ee41d8/gallery/image/pmS8XtUZBk8O-1dVmvHe_H2Zv177oSR6vRzNDJVMkGw=/medium.webp"", ""https://new-projects-media.propertyfinder.com/project/cada5ad5-605b-4bf9-8192-e26f20ee41d8/gallery/image/5AOeZ7VbRQsFz8j_ZwsSplq787H3h8xQKyKNYkonrj4=/medium.webp"", ""https://new-projects-media.propertyfinder.com/project/cada5ad5-605b-4bf9-8192-e26f20ee41d8/gallery/image/m7zx-7GIzzf9grFluAsjBd_gGLrqlNfcyiwZTI2hIKI=/medium.webp"", ""https://new-projects-media.propertyfinder.com/project/cada5ad5-605b-4bf9-8192-e26f20ee41d8/gallery/image/FEqgBoVabmkYzSM_1xitYRAJNLy_af6ZEBwQc92t9Wg=/medium.webp"", ""https://new-projects-media.propertyfinder.com/project/cada5ad5-605b-4bf9-8192-e26f20ee41d8/gallery/image/ZkcDvrh6awRT_LkhtJsHrv1NLOkX_mCtnEYhJ79Wfj0=/medium.webp"", ""https://new-projects-media.propertyfinder.com/project/cada5ad5-605b-4bf9-8192-e26f20ee41d8/gallery/image/Q01tCZJwfdzkjuqgTu9JhEjH11IKCrpKYhIqhhi22-k=/medium.webp"", ""https://new-projects-media.propertyfinder.com/project/cada5ad5-605b-4bf9-8192-e26f20ee41d8/gallery/image/qMdEnnFUB24nDkyHnodt9oMRk8CD1ps6EQe8LH1c-Wo=/medium.webp""]",False,False,24.457059,0,54.592955,2,,project,2026-02-12T17:05:25.618608+00:00,Stellar by Elie Saab
0,new_projects,True,585612d1-7ed7-4ca8-87ad-0367af284730,"[""https://new-projects-media.propertyfinder.com/project/585612d1-7ed7-4ca8-87ad-0367af284730/gallery/image/hcn5XEEBQLrK9hXcV7j08Y_6e0ni__QXxypV4Q3l_EM=/medium.webp""]",False,False,25.61589956422,0,55.6212221999,2,,project,2026-02-12T17:05:25.618608+00:00,Coral Beach Villas Phase 2
0,new_projects,True,30eb1b09-18ce-4fd0-95ab-b8f08406df8b,"[""https://new-projects-media.propertyfinder.com/project/30eb1b09-18ce-4fd0-95ab-b8f08406df8b/gallery/image/JMY08yO32Yomt1weiLE4wx12QJDYJJ46v7B3RLIPWjk=/medium.webp"", ""https://new-projects-media.propertyfinder.com/project/30eb1b09-18ce-4fd0-95ab-b8f08406df8b/gallery/image/zlLxzuLM9XWq1-oLGcRV9r8Pi4riXTxwLSHzutueFL0=/medium.webp""]",False,False,25.009684,0,55.451619,2,,project,2026-02-12T17:05:25.618608+00:00,The Valley West
0,new_projects,True,aca4cfc4-aebc-454d-8441-e00e44fbce83,"[""https://new-projects-media.propertyfinder.com/project/aca4cfc4-aebc-454d-8441-e00e44fbce83/gallery/image/jHX01MrW5UCRdgPPDbmFRS1dSaMMdfYqF0BU3IbXIds=/medium.webp"", ""https://new-projects-media.propertyfinder.com/project/aca4cfc4-aebc-454d-8441-e00e44fbce83/gallery/image/srVFtUkzMn2rLJPyUgFGdVcXIx1mdMSsOwMgx8_UXmM=/medium.webp"", ""https://new-projects-media.propertyfinder.com/project/aca4cfc4-aebc-454d-8441-e00e44fbce83/gallery/image/rzHOu3blJ0HKhzLtuxNXNEr_FHnKbMDy9aUzWmikIa8=/medium.webp"", ""https://new-projects-media.propertyfinder.com/project/aca4cfc4-aebc-454d-8441-e00e44fbce83/gallery/image/2Fuyv7f21ZVu3j7lupbHJmPotNbcyU5B_5J_Y84IaAQ=/medium.webp"", ""https://new-projects-media.propertyfinder.com/project/aca4cfc4-aebc-454d-8441-e00e44fbce83/gallery/image/O-g2kChPdIxDX__pvlAuX6jqCMNl1YIfCFUIN8g1qT0=/medium.webp"", ""https://new-projects-media.propertyfinder.com/project/aca4cfc4-aebc-454d-8441-e00e44fbce83/gallery/image/Rmh0Cw7m1Jjyuu9lqR-ieweSXiJ3QkAvGxJaBG7leOQ=/medium.webp"", ""https://new-projects-media.propertyfinder.com/project/aca4cfc4-aebc-454d-8441-e00e44fbce83/gallery/image/NQAkYwTqBcnaNULu6juPqTRTipnkxIOrWoMkKQYboUw=/medium.webp""]",False,False,24.4151126082,0,54.3823674423,2,,project,2026-02-12T17:05:25.618608+00:00,Bashayer Villas
0,new_projects,True,66fc245f-fe09-47b2-86e6-89f8d96984fb,"[""https://new-projects-media.propertyfinder.com/project/66fc245f-fe09-47b2-86e6-89f8d96984fb/gallery/image/mSictQH6xM3t6YB5qXnxCt2cyXvR55iDEn2s3r5rEkk=/medium.webp"", ""https://new-projects-media.propertyfinder.com/project/66fc245f-fe09-47b2-86e6-89f8d96984fb/gallery/image/05Phv77269mfe1vCFfeRjOk-j8Q01aA_lJXKjmQNm04=/medium.webp"", ""https://new-projects-media.propertyfinder.com/project/66fc245f-fe09-47b2-86e6-89f8d96984fb/gallery/image/8CramM_loI_yEXDtSNtj_4UO6CM_-3JzO-YroUxHsZc=/medium.webp"", ""https://new-projects-media.propertyfinder.com/project/66fc245f-fe09-47b2-86e6-89f8d96984fb/gallery/image/nOQfsO3d7lmmKVbFi0ofmjHD1Wjlr9rYSNCsy0uJ9To=/medium.webp"", ""https://new-projects-media.propertyfinder.com/project/66fc245f-fe09-47b2-86e6-89f8d96984fb/gallery/image/u1A7XAqQJam8s14qQhfXkl6fkUpjKlbTl0hJOCz_MZM=/medium.webp"", ""https://new-projects-media.propertyfinder.com/project/66fc245f-fe09-47b2-86e6-89f8d96984fb/gallery/image/nxgTw14PygXdU0tF9W6ct0Lu4AhT2JlvL6rhDRXEfak=/medium.webp""]",False,False,24.5302924,0,54.4451578,2,,project,2026-02-12T17:05:25.618608+00:00,Vida Residences
0,new_projects,True,e1a77fbb-7139-4a07-8572-281d7d80bd8f,"[""https://new-projects-media.propertyfinder.com/project/e1a77fbb-7139-4a07-8572-281d7d80bd8f/gallery/image/-b4WtEC_q3HhSXpI5p1Ru3GLuuXUOCk9_14mA6AwmSg=/medium.webp"", ""https://new-projects-media.propertyfinder.com/project/e1a77fbb-7139-4a07-8572-281d7d80bd8f/gallery/image/jJqnpqysxptD8fjURtu4Kw1HjluGsL9m-WUoe6K9Yoo=/medium.webp"", ""https://new-projects-media.propertyfinder.com/project/e1a77fbb-7139-4a07-8572-281d7d80bd8f/gallery/image/d7VjLmlgmjBHMbFwgFD_0wdgEC6AmRjQEcMFSnMkUc4=/medium.webp"", ""https://new-projects-media.propertyfinder.com/project/e1a77fbb-7139-4a07-8572-281d7d80bd8f/gallery/image/noJdwJoaDJWsSPNfZbug54duOXBP_aCp5yWDSNVVwDo=/medium.webp"", ""https://new-projects-media.propertyfinder.com/project/e1a77fbb-7139-4a07-8572-281d7d80bd8f/gallery/image/faJMcYBfa_CNdEzFwsA2ue4uK2LqXifdLSxMwjFdxis=/medium.webp"", ""https://new-projects-media.propertyfinder.com/project/e1a77fbb-7139-4a07-8572-281d7d80bd8f/gallery/image/OOvx4dj6pLs2WJ6TxsxmQdq76PhzdnwlQqpaYZVkxZ8=/medium.webp"", ""https://new-projects-media.propertyfinder.com/project/e1a77fbb-7139-4a07-8572-281d7d80bd8f/gallery/image/sFCUwSI8zSpvZ6swpih1bPTPvB1M2ItNQQnyW2wWaCs=/medium.webp"", ""https://new-projects-media.propertyfinder.com/project/e1a77fbb-7139-4a07-8572-281d7d80bd8f/gallery/image/LISGkMzpnqPZwegUOzme3w6VL-wFJjTuCJWifb0ilYM=/medium.webp"", ""https://new-projects-media.propertyfinder.com/project/e1a77fbb-7139-4a07-8572-281d7d80bd8f/gallery/image/bipPnx8XGaGdN37eCwGhbBFmH6KO3zKMBWBzYbEUpM8=/medium.webp"", ""https://new-projects-media.propertyfinder.com/project/e1a77fbb-7139-4a07-8572-281d7d80bd8f/gallery/image/d60FoQH90SanwmS9zIyDtc-e2gXgZ6DN878nkOSueYk=/medium.webp""]",False,False,25.20502,0,55.355738,2,,project,2026-02-12T17:05:25.618608+00:00,Altan
0,new_projects,True,85e5766a-db37-4e78-9eb1-9e78ea8132fc,"[""https://new-projects-media.propertyfinder.com/project/85e5766a-db37-4e78-9eb1-9e78ea8132fc/gallery/image/V_7QtD9JRrIW4E80nGIxJFescxRjzrNY5ARDVrU6tlE=/medium.webp""]",False,False,25.31873563,0,55.30294552,2,,project,2026-02-12T17:05:25.618608+00:00,The Meriva Collection
0,new_projects,True,8f25b083-321f-452a-9c80-f9e730a87fb2,"[""https://new-projects-media.propertyfinder.com/project/8f25b083-321f-452a-9c80-f9e730a87fb2/gallery/image/-ZnqnBTBSk7B_lIgGR7AHMsXOdOl8AVu7RQLKRXhcEg=/medium.webp"", ""https://new-projects-media.propertyfinder.com/project/8f25b083-321f-452a-9c80-f9e730a87fb2/gallery/image/xt1SZd4P96K0M9MHHsCmTNPZEaTg5bKruiwjNACufJc=/medium.webp"", ""https://new-projects-media.propertyfinder.com/project/8f25b083-321f-452a-9c80-f9e730a87fb2/gallery/image/937Fxs7oE4neyFBJd2lSPJmPQKoqwXjVG_uLLlB_cUw=/medium.webp""]",False,False,25.00621735547,0,55.22903849037,2,,project,2026-02-12T17:05:25.618608+00:00,Damac Lagoons - Lagoon Views 12
0,new_projects,True,c1757942-c43d-4647-a2c9-c80dd6c7e4ae,"[""https://new-projects-media.propertyfinder.com/project/c1757942-c43d-4647-a2c9-c80dd6c7e4ae/gallery/image/RhA9grLpVVRo8Bs3zFqByt61EucrUN3Am5GaeNBNfZk=/medium.webp"", ""https://new-projects-media.propertyfinder.com/project/c1757942-c43d-4647-a2c9-c80dd6c7e4ae/gallery/image/XhfLu2Giz2g8iY09bxLdOzSbifkpK4WmfVl4Rxc3wt8=/medium.webp"", ""https://new-projects-media.propertyfinder.com/project/c1757942-c43d-4647-a2c9-c80dd6c7e4ae/gallery/image/CoOGmSfW71isPWTFMeZEN9eS2Wamnplkx8H_w0JIWio=/medium.webp"", ""https://new-projects-media.propertyfinder.com/project/c1757942-c43d-4647-a2c9-c80dd6c7e4ae/gallery/image/sePZED2nu2CU9OmO9ePL9c_h3oS72w-RXeI54G31kMg=/medium.webp"", ""https://new-projects-media.propertyfinder.com/project/c1757942-c43d-4647-a2c9-c80dd6c7e4ae/gallery/image/UY7IRPFc2UF-VMCpzRYZKDrXs3-dulvJs_sax4D34m8=/medium.webp"", ""https://new-projects-media.propertyfinder.com/project/c1757942-c43d-4647-a2c9-c80dd6c7e4ae/gallery/image/Wu_XcZNpQ7sEyNXTHt-X8HXZm7tI74eFe9edOduYdrU=/medium.webp""]",False,False,25.004951,0,54.987716,2,,project,2026-02-12T17:05:25.618608+00:00,Villa Blue Horizon
0,new_projects,True,fc482f4c-43a7-4fea-ab2a-15d8240c6945,"[""https://new-projects-media.propertyfinder.com/project/fc482f4c-43a7-4fea-ab2a-15d8240c6945/gallery/image/gyK98d2JxIYhGd-GlMguTpNzSkubSuTnrmX-cyWyhjs=/medium.webp"", ""https://new-projects-media.propertyfinder.com/project/fc482f4c-43a7-4fea-ab2a-15d8240c6945/gallery/image/dkvxA7ec4OYdAQ0GyGAmnvWf6tv5D-48I5yj9coeLsY=/medium.webp"", ""https://new-projects-media.propertyfinder.com/project/fc482f4c-43a7-4fea-ab2a-15d8240c6945/gallery/image/BGaA8b4HIQEQW9P-hgiaObLFVWQGWzwVBWx7ai05Tk4=/medium.webp"", ""https://new-projects-media.propertyfinder.com/project/fc482f4c-43a7-4fea-ab2a-15d8240c6945/gallery/image/oWgDAeQj1BX-zpNdFjfYO4j2Rf6CUwymU2cYEskGiYg=/medium.webp"", ""https://new-projects-media.propertyfinder.com/project/fc482f4c-43a7-4fea-ab2a-15d8240c6945/gallery/image/fmIuDMOafvGLI3_jhTGgjTbxdnd_3XjEuVZnpYIqVFI=/medium.webp"", ""https://new-projects-media.propertyfinder.com/project/fc482f4c-43a7-4fea-ab2a-15d8240c6945/gallery/image/pCy1a_dkdS_ztcqNaMFP4aOloTYsJ8hRyQQl8wAGI4k=/medium.webp"", ""https://new-projects-media.propertyfinder.com/project/fc482f4c-43a7-4fea-ab2a-15d8240c6945/gallery/image/d2nz1NduaMx34oS1BOwHKdjDnBbRkcZocnndyEmdEc0=/medium.webp"", ""https://new-projects-media.propertyfinder.com/project/fc482f4c-43a7-4fea-ab2a-15d8240c6945/gallery/image/YVq59O_hIaYHyNDd2WiUIbosIGd15p9vuUPeruziwBE=/medium.webp""]",False,False,25.67808188304,0,55.74006227959,2,,project,2026-02-12T17:05:25.618608+00:00,Azure by Lapis
0,new_projects,True,a8e13e60-56d6-455a-8be2-fe3dfe6aeadf,"[""https://new-projects-media.propertyfinder.com/project/a8e13e60-56d6-455a-8be2-fe3dfe6aeadf/gallery/image/dj33eEgNyDownJBHcjUzCKoRTg2MzeakSdiwbxGwHuA=/medium.webp"", ""https://new-projects-media.propertyfinder.com/project/a8e13e60-56d6-455a-8be2-fe3dfe6aeadf/gallery/image/a8U2JlEajhzj3rKvgzn42dGTwGz7pFKk8ob_8DkNJ9s=/medium.webp"", ""https://new-projects-media.propertyfinder.com/project/a8e13e60-56d6-455a-8be2-fe3dfe6aeadf/gallery/image/YUzncNvDQdXy0GzGa6C823pG9NQ47fp3qLrnn0ocBUc=/medium.webp"", ""https://new-projects-media.propertyfinder.com/project/a8e13e60-56d6-455a-8be2-fe3dfe6aeadf/gallery/image/tKqpex5li23EvirluS3HzEwJt4UUqn45UztpqxYtOxU=/medium.webp"", ""https://new-projects-media.propertyfinder.com/project/a8e13e60-56d6-455a-8be2-fe3dfe6aeadf/gallery/image/ID4LEvOKjWVxMP5jHsg4a6W1uwAMPz4r3mGot_d6Jt0=/medium.webp"", ""https://new-projects-media.propertyfinder.com/project/a8e13e60-56d6-455a-8be2-fe3dfe6aeadf/gallery/image/-FyiKqVOoNtvV8WqzGLJuGmPqKbuTlNQRVCad3cuLjo=/medium.webp"", ""https://new-projects-media.propertyfinder.com/project/a8e13e60-56d6-455a-8be2-fe3dfe6aeadf/gallery/image/W0pqtbvjjQ4b9zWu-Istyp9Hyt0jvrSHUEFYkpcThcE=/medium.webp""]",False,False,25.0889972303,0,55.2522367116,3,,project,2026-02-12T17:46:38.035167+00:00,Park Gate Phase 2 By Emaar Properties
0,new_projects,True,5e2bdbb5-d150-4875-a917-6debf7f372ba,"[""https://new-projects-media.propertyfinder.com/project/5e2bdbb5-d150-4875-a917-6debf7f372ba/gallery/image/P9A_0NAZlHIfVXYhFXDGJrceu56VwZjnji_jnCn2zU0=/medium.webp"", ""https://new-projects-media.propertyfinder.com/project/5e2bdbb5-d150-4875-a917-6debf7f372ba/gallery/image/OIL4p91nydkcWdrBl7UU4sanHka1x6KjLakxtNanAmk=/medium.webp"", ""https://new-projects-media.propertyfinder.com/project/5e2bdbb5-d150-4875-a917-6debf7f372ba/gallery/image/5MILIgt1YS6wncvkzv3TraiVamgxY33MOrdgPGVNVAI=/medium.webp"", ""https://new-projects-media.propertyfinder.com/project/5e2bdbb5-d150-4875-a917-6debf7f372ba/gallery/image/VN5DNMCRBBpfRx-N4CNBSU-K4KRqvLJP2-NCpwKXn_E=/medium.webp"", ""https://new-projects-media.propertyfinder.com/project/5e2bdbb5-d150-4875-a917-6debf7f372ba/gallery/image/RDwLGN-dD_SVZPlsfZQP22afGeRSpC2cQKOLeKxzToY=/medium.webp"", ""https://new-projects-media.propertyfinder.com/project/5e2bdbb5-d150-4875-a917-6debf7f372ba/gallery/image/Cz7lcpWyhpV0v7vLZxCmO-oS2KRcQeVi6F1AC2ms_X0=/medium.webp"", ""https://new-projects-media.propertyfinder.com/project/5e2bdbb5-d150-4875-a917-6debf7f372ba/gallery/image/gIxlre5eFXTB61QB-2tdm2-j7hAtYgcscPWFH-WnPhc=/medium.webp""]",False,False,25.1333563218,0,55.2948113577,3,,project,2026-02-12T17:46:38.035167+00:00,Nad Al Sheba Gardens Phase 11
0,new_projects,True,607819d5-9a56-4c3d-9900-16c083f132ba,"[""https://new-projects-media.propertyfinder.com/project/607819d5-9a56-4c3d-9900-16c083f132ba/gallery/image/yGDoIWkNA5-jJJjFrqPBhwW7fr6lUJk3qPG86jmNsXg=/medium.webp"", ""https://new-projects-media.propertyfinder.com/project/607819d5-9a56-4c3d-9900-16c083f132ba/gallery/image/nqNbS_4vTicwSH0XPE7NBV47mArSsOcX99bGRkiNH7o=/medium.webp"", ""https://new-projects-media.propertyfinder.com/project/607819d5-9a56-4c3d-9900-16c083f132ba/gallery/image/UoPYyA4ttqu1O9JytfOBV9ZneBMTNcTnF9uShEYHpqg=/medium.webp"", ""https://new-projects-media.propertyfinder.com/project/607819d5-9a56-4c3d-9900-16c083f132ba/gallery/image/jPVkstwFTfPb1XRN8FXMOHMC9N-x3niGb8-BKL41v18=/medium.webp"", ""https://new-projects-media.propertyfinder.com/project/607819d5-9a56-4c3d-9900-16c083f132ba/gallery/image/VFKfhKczFsKZmjIb1vOhP8ZEffj1W44zUMdtya5q18A=/medium.webp"", ""https://new-projects-media.propertyfinder.com/project/607819d5-9a56-4c3d-9900-16c083f132ba/gallery/image/XGmg-dnlermaqRuuewoyhM3m89Dp7WVmKcT0edxS08Y=/medium.webp"", ""https://new-projects-media.propertyfinder.com/project/607819d5-9a56-4c3d-9900-16c083f132ba/gallery/image/oXavu2gIFsDQJzjhpT6gwLHF2sVHjFxyS1f-iA04T8U=/medium.webp"", ""https://new-projects-media.propertyfinder.com/project/607819d5-9a56-4c3d-9900-16c083f132ba/gallery/image/okbyCg3XsRzdkBmU8k_vzfULzQZmrIa5rThAOhFmoaU=/medium.webp"", ""https://new-projects-media.propertyfinder.com/project/607819d5-9a56-4c3d-9900-16c083f132ba/gallery/image/Jt_I9x59fhhaYe0IKNj8HaX54taI_r0dvefGX4iBZeg=/medium.webp"", ""https://new-projects-media.propertyfinder.com/project/607819d5-9a56-4c3d-9900-16c083f132ba/gallery/image/kj9f7uUzZx1yOW4awKk1An5Gjq48QmX_rzD6krCdHgg=/medium.webp"", ""https://new-projects-media.propertyfinder.com/project/607819d5-9a56-4c3d-9900-16c083f132ba/gallery/image/GrpyopMFjxAtfgOyYyDCN87B3fPURxiKUTtCribu_jI=/medium.webp"", ""https://new-projects-media.propertyfinder.com/project/607819d5-9a56-4c3d-9900-16c083f132ba/gallery/image/189q0E6yo3tOG0X5ct4TLd8o-8xfOxflduWDNzF9ZKE=/medium.webp"", ""https://new-projects-media.propertyfinder.com/project/607819d5-9a56-4c3d-9900-16c083f132ba/gallery/image/5K2NGnnFXIwkiocIqTgvsP2UqyI8xemcz9XMrD5LHfU=/medium.webp""]",False,False,25.68052541747,0,55.74527964149,3,,project,2026-02-12T17:46:38.035167+00:00,Costa Mare
0,new_projects,True,0dd0a22c-3206-452f-9e8d-d073d55e749e,"[""https://new-projects-media.propertyfinder.com/project/0dd0a22c-3206-452f-9e8d-d073d55e749e/gallery/image/B_JbaRORWTJoA43NfYt6LqsE29UUm2dDNQPUwo95FfY=/medium.webp""]",False,False,24.495873,0,54.603564,3,,project,2026-02-12T17:46:38.035167+00:00,Noya Phase 5 by Aldar
0,new_projects,True,ef493980-95a1-4ed4-ab02-a78253dfec0e,"[""https://new-projects-media.propertyfinder.com/project/ef493980-95a1-4ed4-ab02-a78253dfec0e/gallery/image/vEKImnATqSfBEL2T6Yz_fra6HRuxSNmryCEAvlm_aLM=/medium.webp""]",False,False,25.00564206853,0,55.00135660172,3,,project,2026-02-12T17:46:38.035167+00:00,Palm Jebel Ali Frond B
0,new_projects,True,e0b49530-03e7-48b2-b443-40d542004609,"[""https://new-projects-media.propertyfinder.com/project/e0b49530-03e7-48b2-b443-40d542004609/gallery/image/-qVBw1l1VMz2jQn831B02qS-Q0-Rks7X7qqXx-VuLMI=/medium.webp"", ""https://new-projects-media.propertyfinder.com/project/e0b49530-03e7-48b2-b443-40d542004609/gallery/image/_myZUAbqTsjUe6t8_gO839f5-rcLHg9JO41x2Tb7_t8=/medium.webp"", ""https://new-projects-media.propertyfinder.com/project/e0b49530-03e7-48b2-b443-40d542004609/gallery/image/yHvyp8H_pNlRrJ91Z8tbYIcjxItVIjOED8R9yqh2g5o=/medium.webp"", ""https://new-projects-media.propertyfinder.com/project/e0b49530-03e7-48b2-b443-40d542004609/gallery/image/XnixAwO7ALHEj1Y7zcZ_4nLlUYa0nBtVAn1RkvCnj8w=/medium.webp"", ""https://new-projects-media.propertyfinder.com/project/e0b49530-03e7-48b2-b443-40d542004609/gallery/image/nUzyPs7LSyGWlcr5iBCWGhMQWH9VemB1ohuZwhUSS5o=/medium.webp"", ""https://new-projects-media.propertyfinder.com/project/e0b49530-03e7-48b2-b443-40d542004609/gallery/image/w_26OMfZ36SxoZyrD7EiKMa2uO44V30BPYO93ymLTig=/medium.webp"", ""https://new-projects-media.propertyfinder.com/project/e0b49530-03e7-48b2-b443-40d542004609/gallery/image/zI4fqxqld6JE2DRsqcvQOaWT_G4FrlW8bs3w9rtotSU=/medium.webp""]",False,False,24.86166793685,0,55.1354256646,3,,project,2026-02-12T17:46:38.035167+00:00,Golf Verge
0,new_projects,True,cbbc0362-6be0-469a-91f0-7ff7f93a40cb,"[""https://new-projects-media.propertyfinder.com/project/cbbc0362-6be0-469a-91f0-7ff7f93a40cb/gallery/image/X06g7D3BuUTci6NAzlhO6xZChiuj9tevoQl6raURaPc=/medium.webp"", ""https://new-projects-media.propertyfinder.com/project/cbbc0362-6be0-469a-91f0-7ff7f93a40cb/gallery/image/6eeH6CYP5CWtVnGNz_LhIVFDeYT-ccM4-pmJEpMcoQw=/medium.webp"", ""https://new-projects-media.propertyfinder.com/project/cbbc0362-6be0-469a-91f0-7ff7f93a40cb/gallery/image/ArtWswBWLrGaxKbOxpYF8PZ8xqavIopfyXgmah-ISy8=/medium.webp"", ""https://new-projects-media.propertyfinder.com/project/cbbc0362-6be0-469a-91f0-7ff7f93a40cb/gallery/image/1uHOS_CWCHUng-e4yTtSgCr6rLw19NeMOXXDVNqOmFQ=/medium.webp"", ""https://new-projects-media.propertyfinder.com/project/cbbc0362-6be0-469a-91f0-7ff7f93a40cb/gallery/image/_N_w5e-IjMqvm6WmJRRmrouHiTSnbLCIC-Qbcy_GKMw=/medium.webp"", ""https://new-projects-media.propertyfinder.com/project/cbbc0362-6be0-469a-91f0-7ff7f93a40cb/gallery/image/rxTBWlXMDRTm_U6xSpN4lftDOsRhjHWV9pNIgRzyF5k=/medium.webp"", ""https://new-projects-media.propertyfinder.com/project/cbbc0362-6be0-469a-91f0-7ff7f93a40cb/gallery/image/zdxsiu0TLRTZLF40GLizuJnQbx6W56fS_-xcrws6xhc=/medium.webp"", ""https://new-projects-media.propertyfinder.com/project/cbbc0362-6be0-469a-91f0-7ff7f93a40cb/gallery/image/WHWdDkyEPQLmMq9uFonyWckPcI3dse_1dWKDeJUGnqo=/medium.webp"", ""https://new-projects-media.propertyfinder.com/project/cbbc0362-6be0-469a-91f0-7ff7f93a40cb/gallery/image/Wzy4iotzqGOJtb2_I7YReDeDOW8VHjVFqaST4ltyOhY=/medium.webp"", ""https://new-projects-media.propertyfinder.com/project/cbbc0362-6be0-469a-91f0-7ff7f93a40cb/gallery/image/u8EEFHrCo0hJEMjVER-L_C35C9Iyc10A2U0e-wErGtc=/medium.webp""]",False,False,24.944027,0,55.216394,3,,project,2026-02-12T17:46:38.035167+00:00,Avenew 888
0,new_projects,True,41559867-9cfc-4d70-b2bc-918f250e79fd,"[""https://new-projects-media.propertyfinder.com/project/41559867-9cfc-4d70-b2bc-918f250e79fd/gallery/image/RfUJJnESnjAFPP--72LZkan2_7Q7_j6ZTlTY6iQkGEI=/medium.webp"", ""https://new-projects-media.propertyfinder.com/project/41559867-9cfc-4d70-b2bc-918f250e79fd/gallery/image/SP8Jkx2r3MvUSyFFvL4Fab66C38pmQ0yztuU3G2BSog=/medium.webp"", ""https://new-projects-media.propertyfinder.com/project/41559867-9cfc-4d70-b2bc-918f250e79fd/gallery/image/E6dMs0HBdIb60AlB3Bz0OtOuiGkB8qmUwbUsigE6nhU=/medium.webp"", ""https://new-projects-media.propertyfinder.com/project/41559867-9cfc-4d70-b2bc-918f250e79fd/gallery/image/bXR80yuUvkRULtR82dIE6mUJYdDb3xMTGLb7EsxDO-k=/medium.webp"", ""https://new-projects-media.propertyfinder.com/project/41559867-9cfc-4d70-b2bc-918f250e79fd/gallery/image/xasO6J7oc3qhIS784XNheyAQuc-EZbcGj5wa-e7DMXU=/medium.webp"", ""https://new-projects-media.propertyfinder.com/project/41559867-9cfc-4d70-b2bc-918f250e79fd/gallery/image/HWK_Yx4wa7RX6s4-LGwme7s4x50Kly7o59JRE-OECWs=/medium.webp"", ""https://new-projects-media.propertyfinder.com/project/41559867-9cfc-4d70-b2bc-918f250e79fd/gallery/image/rbvcD-uQP3rXvAWKJyVOnEB7WqIoaUw574xsRM-rMrk=/medium.webp""]",False,False,25.5930611623,0,55.5711374076,3,,project,2026-02-12T17:46:38.035167+00:00,Sobha Aquamont
0,new_projects,True,1c21b414-f8a4-4c07-97ad-521f503026f2,"[""https://new-projects-media.propertyfinder.com/project/1c21b414-f8a4-4c07-97ad-521f503026f2/gallery/image/sF4HzGIV-irogF4dbIXk9K7RPX1F35OkfxUc2wCnXjc=/medium.webp""]",False,False,25.009684,0,55.451619,3,,project,2026-02-12T17:46:38.035167+00:00,Virella 2
0,new_projects,True,86ca9896-532a-43e6-b71a-f2662a125239,"[""https://new-projects-media.propertyfinder.com/project/86ca9896-532a-43e6-b71a-f2662a125239/gallery/image/JcNmTKt4YunaPtRlJDHooyarsEi0pgd2WwWTsqsSDBk=/medium.webp"", ""https://new-projects-media.propertyfinder.com/project/86ca9896-532a-43e6-b71a-f2662a125239/gallery/image/9-XCgVWIEs5LvtsMXMHE939NrOyFVebk_kiZ9vC-Cng=/medium.webp"", ""https://new-projects-media.propertyfinder.com/project/86ca9896-532a-43e6-b71a-f2662a125239/gallery/image/7WXpDHeAvAL05jPWNr7bSq_ME06UqZwZEVpd9H6ScG8=/medium.webp"", ""https://new-projects-media.propertyfinder.com/project/86ca9896-532a-43e6-b71a-f2662a125239/gallery/image/yeQn-__0_Q4PiQw4iAbsYJ5k453THAlhJ0XbWMqQ9G4=/medium.webp"", ""https://new-projects-media.propertyfinder.com/project/86ca9896-532a-43e6-b71a-f2662a125239/gallery/image/V9975iCYKnJJdrVYsQky4xw6Tg5pGHJn53SwQqQxTlE=/medium.webp"", ""https://new-projects-media.propertyfinder.com/project/86ca9896-532a-43e6-b71a-f2662a125239/gallery/image/hCOr5hzJbxq_rMdZwvwAWb4auhsnYjFN0lgSrWot3UQ=/medium.webp"", ""https://new-projects-media.propertyfinder.com/project/86ca9896-532a-43e6-b71a-f2662a125239/gallery/image/lo_jk85c1ZcEuz-eGcc6LaWC0bWC7XGz3ZRkgNxQb_o=/medium.webp"", ""https://new-projects-media.propertyfinder.com/project/86ca9896-532a-43e6-b71a-f2662a125239/gallery/image/zTggYBrc72LnMUI6vP3IIJXhzf7lLZPIGCBTpYKXo3w=/medium.webp"", ""https://new-projects-media.propertyfinder.com/project/86ca9896-532a-43e6-b71a-f2662a125239/gallery/image/7hZUxDP82HGucVYqy7iq8RcCmL3GVqHimnMHkjaYpjM=/medium.webp"", ""https://new-projects-media.propertyfinder.com/project/86ca9896-532a-43e6-b71a-f2662a125239/gallery/image/R1iap2JMESDLllWtD1cEGrjEyJuIBB9fHPCdzfxbejs=/medium.webp"", ""https://new-projects-media.propertyfinder.com/project/86ca9896-532a-43e6-b71a-f2662a125239/gallery/image/lUc0MuQEMD7hD-3nM1VK4SkxNVRZUi_Pn9cICZ4Lr6k=/medium.webp"", ""https://new-projects-media.propertyfinder.com/project/86ca9896-532a-43e6-b71a-f2662a125239/gallery/image/UQkRPQY5DwtYD05FUnE8YgxUZp3HAwojqgA88ZJamxA=/medium.webp""]",False,False,25.05638764826,0,55.20812137772,3,,project,2026-02-12T17:46:38.035167+00:00,Serenz
0,new_projects,True,95541384-e023-42ee-84f1-7a05f456bcb5,"[""https://new-projects-media.propertyfinder.com/project/95541384-e023-42ee-84f1-7a05f456bcb5/gallery/image/k8KMCFGHyT_cLOHEkBw5RMFIh2M8-pAzeW62UtJjIsc=/medium.webp"", ""https://new-projects-media.propertyfinder.com/project/95541384-e023-42ee-84f1-7a05f456bcb5/gallery/image/UDjJPYHVuTG1zI7hzptUwsMF6sMOmVQhJtQswf4HywQ=/medium.webp"", ""https://new-projects-media.propertyfinder.com/project/95541384-e023-42ee-84f1-7a05f456bcb5/gallery/image/7vekdh3guWwp0qoC4RcvWIZqXAH3kcVHEFzlVw_L7m8=/medium.webp"", ""https://new-projects-media.propertyfinder.com/project/95541384-e023-42ee-84f1-7a05f456bcb5/gallery/image/wog3GOPFH7JwMjOWwSA8ISClcvOrrItx8jB3OZQkrME=/medium.webp"", ""https://new-projects-media.propertyfinder.com/project/95541384-e023-42ee-84f1-7a05f456bcb5/gallery/image/FOh9-1CG4C0ADtv1ArwoARQVyYc8WNeeWYWnDFfGL7c=/medium.webp"", ""https://new-projects-media.propertyfinder.com/project/95541384-e023-42ee-84f1-7a05f456bcb5/gallery/image/vmaG5ZT6KLa_S3Fi8EJaXSuqKwgx_bcUf6lVW1XATNk=/medium.webp"", ""https://new-projects-media.propertyfinder.com/project/95541384-e023-42ee-84f1-7a05f456bcb5/gallery/image/r2667lcGj81RAJThlDlTIVKb-TBfRoAVAhI7TVsNoZY=/medium.webp"", ""https://new-projects-media.propertyfinder.com/project/95541384-e023-42ee-84f1-7a05f456bcb5/gallery/image/xal5ViLUfc3k6xJ3jmtf9LO5j_8EmrRwJidfW7ADkb8=/medium.webp"", ""https://new-projects-media.propertyfinder.com/project/95541384-e023-42ee-84f1-7a05f456bcb5/gallery/image/yQDv1Kc2vG-TRiVbpr3yYlhu8TbliUqPSHnMfeSbKzY=/medium.webp"", ""https://new-projects-media.propertyfinder.com/project/95541384-e023-42ee-84f1-7a05f456bcb5/gallery/image/cECb9t4Xsiuiih87OD4zNQyW6-Q5P9OiWUrCPBmpZyk=/medium.webp"", ""https://new-projects-media.propertyfinder.com/project/95541384-e023-42ee-84f1-7a05f456bcb5/gallery/image/ed2uKYfJz_i0BO3jV02Zkug-KfkCge_EKKN7qntSKwM=/medium.webp""]",False,False,25.1913844603,0,55.2986749153,3,,project,2026-02-12T17:46:38.035167+00:00,Atelis
0,new_projects,True,e970c677-6ef0-4dd1-bc5a-81d8c630cb42,"[""https://new-projects-media.propertyfinder.com/project/e970c677-6ef0-4dd1-bc5a-81d8c630cb42/gallery/image/EJ2eF0tojQo6XIYxHf4Dr_l6Ik7laZrTrVf6LnEHwW8=/medium.webp"", ""https://new-projects-media.propertyfinder.com/project/e970c677-6ef0-4dd1-bc5a-81d8c630cb42/gallery/image/xLBEcRwQr2Rl2LmfTdeaXG5gNszrNqs80GHkoElGvJk=/medium.webp"", ""https://new-projects-media.propertyfinder.com/project/e970c677-6ef0-4dd1-bc5a-81d8c630cb42/gallery/image/iDUzjS1mdJOjl4BPkoVI5nca-iYUcUgoX5fucw25ADg=/medium.webp"", ""https://new-projects-media.propertyfinder.com/project/e970c677-6ef0-4dd1-bc5a-81d8c630cb42/gallery/image/0q_3lWgoV7GZGHvwgYTW1LKKwL6hhddgTl8F7y4Zqfk=/medium.webp""]",False,False,24.9736097,0,55.2026969,3,,project,2026-02-12T17:46:38.035167+00:00,Chevalia Fields at Grand Polo Club & Resort
0,new_projects,True,9f4bcb49-f41f-4a7c-b521-9d8debffb14e,"[""https://new-projects-media.propertyfinder.com/project/9f4bcb49-f41f-4a7c-b521-9d8debffb14e/gallery/image/bbm61uLUm6050_jFaWM8jIwu88AUpDEM3KpCfegmFKY=/medium.webp"", ""https://new-projects-media.propertyfinder.com/project/9f4bcb49-f41f-4a7c-b521-9d8debffb14e/gallery/image/N2e0kSyZXJazxAWsWYTfBzniBgae94zpT8ih2emC-Pg=/medium.webp"", ""https://new-projects-media.propertyfinder.com/project/9f4bcb49-f41f-4a7c-b521-9d8debffb14e/gallery/image/B42tMeNLRedY5kL-uQy3GgXqljkSKjx3_MeT6m_DAQk=/medium.webp"", ""https://new-projects-media.propertyfinder.com/project/9f4bcb49-f41f-4a7c-b521-9d8debffb14e/gallery/image/AFli4NvsgU1VlW7eNJDJ-MSoMc3idJ7T0YGj2OCVmN4=/medium.webp"", ""https://new-projects-media.propertyfinder.com/project/9f4bcb49-f41f-4a7c-b521-9d8debffb14e/gallery/image/zQJPcAJFzMzcuf9OsIyrujQFGZxLXqIZriftosMeViE=/medium.webp"", ""https://new-projects-media.propertyfinder.com/project/9f4bcb49-f41f-4a7c-b521-9d8debffb14e/gallery/image/FV8NXpk2rxp6zs8ClR45yiHH3fbtPTwtfIwJcoG8vMM=/medium.webp"", ""https://new-projects-media.propertyfinder.com/project/9f4bcb49-f41f-4a7c-b521-9d8debffb14e/gallery/image/CdfAFKhM7MWI4T-ojBVZ7tFx6qnQs46HU8VP_rNEviU=/medium.webp"", ""https://new-projects-media.propertyfinder.com/project/9f4bcb49-f41f-4a7c-b521-9d8debffb14e/gallery/image/ey3pDEP1ba2ojU7aMmkC4y-6GNvAzsTCV6b20lp9Pr8=/medium.webp""]",False,False,25.1800091866,0,55.3234321865,3,,project,2026-02-12T17:46:38.035167+00:00,The Symphony
0,new_projects,True,50bf131f-b878-438c-beca-766889885e56,"[""https://new-projects-media.propertyfinder.com/project/50bf131f-b878-438c-beca-766889885e56/gallery/image/zoFN-X2ibBtoVygBkXQ_IhI4b-t1V3fuBCahCr3mAVE=/medium.webp"", ""https://new-projects-media.propertyfinder.com/project/50bf131f-b878-438c-beca-766889885e56/gallery/image/MSTm0axGhR5C-F3ATYZwaVlK-Vv4IHcVc0QQJzYiwkQ=/medium.webp"", ""https://new-projects-media.propertyfinder.com/project/50bf131f-b878-438c-beca-766889885e56/gallery/image/IDqdvdaeUwixTOu2-FNISPq52363uFf451OsnTvNfn8=/medium.webp"", ""https://new-projects-media.propertyfinder.com/project/50bf131f-b878-438c-beca-766889885e56/gallery/image/0jn24i6joPNDQ3fbWM-9RG5t-lf4iTpsZZeUgfWpEGw=/medium.webp"", ""https://new-projects-media.propertyfinder.com/project/50bf131f-b878-438c-beca-766889885e56/gallery/image/S7GyC4vqdYujjwMuta0wVhkV0GaO3UtcU6Xomd4ffg8=/medium.webp"", ""https://new-projects-media.propertyfinder.com/project/50bf131f-b878-438c-beca-766889885e56/gallery/image/cX8E8g6jpnNFoyqKK0uWZu2aNJk9EgS2Hin3Cz9fhfQ=/medium.webp"", ""https://new-projects-media.propertyfinder.com/project/50bf131f-b878-438c-beca-766889885e56/gallery/image/VM954nxkaKN8vOjKpX2r5VykckCM8ylmwr7O9W1XDvE=/medium.webp"", ""https://new-projects-media.propertyfinder.com/project/50bf131f-b878-438c-beca-766889885e56/gallery/image/87MLhKr16xkO_yHEfnJzq7PuxtGCriwFRcUgWGixrfg=/medium.webp"", ""https://new-projects-media.propertyfinder.com/project/50bf131f-b878-438c-beca-766889885e56/gallery/image/H3NuwZ7gR9BSvYF6-dthfBiw8UZu1mnWYOlY4h-RNFQ=/medium.webp"", ""https://new-projects-media.propertyfinder.com/project/50bf131f-b878-438c-beca-766889885e56/gallery/image/DC5BwfvZN_7zkBHpV320HH8yetfIdHFlzFoKSYgITsU=/medium.webp"", ""https://new-projects-media.propertyfinder.com/project/50bf131f-b878-438c-beca-766889885e56/gallery/image/Ou_3iJiVMzRpHSmIjzHBso4g_3f75V6swTGQO4LkomA=/medium.webp"", ""https://new-projects-media.propertyfinder.com/project/50bf131f-b878-438c-beca-766889885e56/gallery/image/7QT4Cht1Ngnrjbmg-rbOmVTb_b3nXxtlJnrRBPqpZ4k=/medium.webp"", ""https://new-projects-media.propertyfinder.com/project/50bf131f-b878-438c-beca-766889885e56/gallery/image/dRVPeQwfa6ZVVZ79HCIfN_4XRMUvAaa4Nz6_vjwOMJg=/medium.webp""]",False,False,25.2786084017,0,55.2631888845,3,,project,2026-02-12T17:46:38.035167+00:00,Kanyon by Beyond
0,new_projects,True,445d35b2-40cd-45c5-8e5d-0e12a5005c12,"[""https://new-projects-media.propertyfinder.com/project/445d35b2-40cd-45c5-8e5d-0e12a5005c12/gallery/image/vmcA8eu93z5O9KyEkv5j_EMDIalqvJLhHKgCVlrDPnA=/medium.webp"", ""https://new-projects-media.propertyfinder.com/project/445d35b2-40cd-45c5-8e5d-0e12a5005c12/gallery/image/D0zAlHCmVajISAOLj2gZjo2ZSoEQpf2sYYsOSYRkQZI=/medium.webp""]",False,False,25.269504,0,55.263011,3,,project,2026-02-12T17:46:38.035167+00:00,Prestige One Residences
0,new_projects,True,c9618153-7b09-426e-b68e-2eb5eeb58a06,"[""https://new-projects-media.propertyfinder.com/project/c9618153-7b09-426e-b68e-2eb5eeb58a06/gallery/image/Todny7Sg1P6ANZYxRiLos40PpEaFsnVO_1cOBY3oA1E=/medium.webp"", ""https://new-projects-media.propertyfinder.com/project/c9618153-7b09-426e-b68e-2eb5eeb58a06/gallery/image/Z0M2E0fnqg26q0T0-9qQvqK9mbvqDDynBFGLbWIVVyI=/medium.webp"", ""https://new-projects-media.propertyfinder.com/project/c9618153-7b09-426e-b68e-2eb5eeb58a06/gallery/image/b2_ShU9Wnc1rOUsh5KaI1t3Bi8h3kFkATYHV1qY6nL4=/medium.webp"", ""https://new-projects-media.propertyfinder.com/project/c9618153-7b09-426e-b68e-2eb5eeb58a06/gallery/image/aEoWvPaDq9F3_j_h7cPmkxFZ8VjEBiNZesp6VBXoHjU=/medium.webp"", ""https://new-projects-media.propertyfinder.com/project/c9618153-7b09-426e-b68e-2eb5eeb58a06/gallery/image/axWyfGrkE1EhZBx4_rSMlqVHF65fw5jYPOgenZIb0Js=/medium.webp"", ""https://new-projects-media.propertyfinder.com/project/c9618153-7b09-426e-b68e-2eb5eeb58a06/gallery/image/YwP0cGejEabAFaOivovGJS9NaTbBMZHSKq6f6uPA2wY=/medium.webp"", ""https://new-projects-media.propertyfinder.com/project/c9618153-7b09-426e-b68e-2eb5eeb58a06/gallery/image/6esnRla7sAPXjz5vi4K_7SsUrJzI9DYdwaYR2yc37FM=/medium.webp"", ""https://new-projects-media.propertyfinder.com/project/c9618153-7b09-426e-b68e-2eb5eeb58a06/gallery/image/MPSNhsj61LFRdZqovjIMyY6sHhQmhP2YnJfjMSZExxA=/medium.webp""]",False,False,25.6783490553,0,55.7401330846,3,,project,2026-02-12T17:46:38.035167+00:00,Mondrian Residences
0,new_projects,True,50a6d69c-f554-431f-a897-800275dd9209,"[""https://new-projects-media.propertyfinder.com/project/50a6d69c-f554-431f-a897-800275dd9209/gallery/image/2Y--A6TTPBvj1AB6MPymffWh5wSzslmZH_Nf3nk0DHI=/medium.webp"", ""https://new-projects-media.propertyfinder.com/project/50a6d69c-f554-431f-a897-800275dd9209/gallery/image/Bdm4pu8gAS2rzvoLJYQ_tlg_zgHnpo3ttodzbg5xfLg=/medium.webp"", ""https://new-projects-media.propertyfinder.com/project/50a6d69c-f554-431f-a897-800275dd9209/gallery/image/S1c0UhBqX1zRu-lC8B0jDlWUrZMwuqNKi6FiayZhTCg=/medium.webp"", ""https://new-projects-media.propertyfinder.com/project/50a6d69c-f554-431f-a897-800275dd9209/gallery/image/uGQ0IAjZv1Z1SISjVkWCrCYjFcJWtH1eVsmLU_emwU4=/medium.webp"", ""https://new-projects-media.propertyfinder.com/project/50a6d69c-f554-431f-a897-800275dd9209/gallery/image/1twLnKmuSETi2riRlRnc3zw8r1X2Y54UVhZHyAaUde0=/medium.webp"", ""https://new-projects-media.propertyfinder.com/project/50a6d69c-f554-431f-a897-800275dd9209/gallery/image/Pmboq0-CQ8NBwjMaNoaHaBmYU19CrcenVYiA6C2m4ng=/medium.webp"", ""https://new-projects-media.propertyfinder.com/project/50a6d69c-f554-431f-a897-800275dd9209/gallery/image/KZorNIzvbTKA5or7kROe0pEfxJFUVFesr0f5VA1ja0o=/medium.webp"", ""https://new-projects-media.propertyfinder.com/project/50a6d69c-f554-431f-a897-800275dd9209/gallery/image/JgsKVlqq84WnPdx-Sq2aSwLZ02IwmRFEGOZ-_gZPDXU=/medium.webp"", ""https://new-projects-media.propertyfinder.com/project/50a6d69c-f554-431f-a897-800275dd9209/gallery/image/9cZxsjkguGfgROLviL4SOMOTlcbVgkQ_7qv3rdjezC8=/medium.webp"", ""https://new-projects-media.propertyfinder.com/project/50a6d69c-f554-431f-a897-800275dd9209/gallery/image/LWTLWJpJ9TP1oJD8jApKg9UG1HtgxNehuXifWn1bjMs=/medium.webp""]",False,False,25.18569993985,0,55.34048908966,3,,project,2026-02-12T17:46:38.035167+00:00,The Element at Sobha One
0,new_projects,True,2f64f999-909d-46cd-a4c6-9014ad445af2,"[""https://new-projects-media.propertyfinder.com/project/2f64f999-909d-46cd-a4c6-9014ad445af2/gallery/image/oPq5tTP6ZEFP_9q7349XoSprr7h4fukO7W2v_MGqhXg=/medium.webp"", ""https://new-projects-media.propertyfinder.com/project/2f64f999-909d-46cd-a4c6-9014ad445af2/gallery/image/Tv6_51ymAv3Ao2FalOfVZJ_T9FhQBJKhCmY6qztDRyE=/medium.webp"", ""https://new-projects-media.propertyfinder.com/project/2f64f999-909d-46cd-a4c6-9014ad445af2/gallery/image/PRrKDG6QkP9N1BDG0UT2vlck9ETNGt7BurZjLjTjt5I=/medium.webp"", ""https://new-projects-media.propertyfinder.com/project/2f64f999-909d-46cd-a4c6-9014ad445af2/gallery/image/0Zh-vIT4RjnG5BnwlrnpPXU05nKvcuT_QEFV0GDK5fE=/medium.webp"", ""https://new-projects-media.propertyfinder.com/project/2f64f999-909d-46cd-a4c6-9014ad445af2/gallery/image/oeUlCy-vpfBDRtT4p624x0m4wmTUK_1oyJE8X1nPOEs=/medium.webp"", ""https://new-projects-media.propertyfinder.com/project/2f64f999-909d-46cd-a4c6-9014ad445af2/gallery/image/8CQQyhmB2UJ7GSSPz7S2Dl7Uw41YNG-lmX-_dzTU3x4=/medium.webp"", ""https://new-projects-media.propertyfinder.com/project/2f64f999-909d-46cd-a4c6-9014ad445af2/gallery/image/uq0WvyUI7HI07kOz8Kjw9sR8VOB_8BkwizCGgYDFF2I=/medium.webp"", ""https://new-projects-media.propertyfinder.com/project/2f64f999-909d-46cd-a4c6-9014ad445af2/gallery/image/KvZvZ-8zmwZnAI7uSMdzJRuYIq8KlHDtygljJWd0j0w=/medium.webp"", ""https://new-projects-media.propertyfinder.com/project/2f64f999-909d-46cd-a4c6-9014ad445af2/gallery/image/qVhxZ3z2vDoPdGFpm__iwH0Aw3R-eoFDNIomVHWksLA=/medium.webp""]",False,False,25.136935,0,55.189407,3,,project,2026-02-12T17:46:38.035167+00:00,Nourelle by Meraas
0,new_projects,True,99bc2db6-8977-4a06-81b4-3e96fbe273aa,"[""https://new-projects-media.propertyfinder.com/project/99bc2db6-8977-4a06-81b4-3e96fbe273aa/gallery/image/l-yKOtHI-q8sCT_LMT-WESRxKxxZZy55G88OjRiS89I=/medium.webp"", ""https://new-projects-media.propertyfinder.com/project/99bc2db6-8977-4a06-81b4-3e96fbe273aa/gallery/image/z6Vot2jsoZ8P5Qb4_Pl1aJhv1lf8aLCyw6u8YNTUxFM=/medium.webp"", ""https://new-projects-media.propertyfinder.com/project/99bc2db6-8977-4a06-81b4-3e96fbe273aa/gallery/image/aUHx9GCTeDtazeOHKn-g2EQr11jU0VLIYXVJ3u62e00=/medium.webp"", ""https://new-projects-media.propertyfinder.com/project/99bc2db6-8977-4a06-81b4-3e96fbe273aa/gallery/image/SmXvMe5pValNpWAYnGWFbA-VhR30H9tG59rAogniEKo=/medium.webp""]",False,False,25.211024,0,55.279641,3,,project,2026-02-12T17:46:38.035167+00:00,Four Seasons Private Residences at DIFC
0,new_projects,True,be15312b-6cdd-4c05-8046-c9ad516de9e7,"[""https://new-projects-media.propertyfinder.com/project/be15312b-6cdd-4c05-8046-c9ad516de9e7/gallery/image/RAOmVcj_o2Kl2y7zgobxmC71U3A6AMj03NGR30QRQPg=/medium.webp""]",False,False,25.02765318696,0,55.29464754233,3,,project,2026-02-12T17:46:38.035167+00:00,Damac Islands - Seychelles 2
0,new_projects,True,e6a8a97e-be71-4f00-817e-28cdb7bd31f5,"[""https://new-projects-media.propertyfinder.com/project/e6a8a97e-be71-4f00-817e-28cdb7bd31f5/gallery/image/_vXvP_HPKprff973NxvtGyimFGMZf6EbW6FYYieYjGM=/medium.webp"", ""https://new-projects-media.propertyfinder.com/project/e6a8a97e-be71-4f00-817e-28cdb7bd31f5/gallery/image/cB_IYto-iVNFtJv1mHeAPy71F0mmw6aDgina2mHxwTk=/medium.webp"", ""https://new-projects-media.propertyfinder.com/project/e6a8a97e-be71-4f00-817e-28cdb7bd31f5/gallery/image/zs38GLj9kwdbnDXqw5YlDIHQu0DWbirMXLYZctzoA9M=/medium.webp"", ""https://new-projects-media.propertyfinder.com/project/e6a8a97e-be71-4f00-817e-28cdb7bd31f5/gallery/image/9MzFVsU6vkRhI8I_mDqcgI-yl-kpT2VbsZg4-8i1qpo=/medium.webp"", ""https://new-projects-media.propertyfinder.com/project/e6a8a97e-be71-4f00-817e-28cdb7bd31f5/gallery/image/Cz-EgCf1mENgVAO0fM7mXUywA4Ow8xmmNgqplzWfT70=/medium.webp"", ""https://new-projects-media.propertyfinder.com/project/e6a8a97e-be71-4f00-817e-28cdb7bd31f5/gallery/image/pNIegEVVc9Ngz1yUegJx9WZ3QiI6uALUM-XSM7ROAlE=/medium.webp"", ""https://new-projects-media.propertyfinder.com/project/e6a8a97e-be71-4f00-817e-28cdb7bd31f5/gallery/image/h7RreEtp-pTK2kggRgpwiqJR_XhdqsqWFrwaYP3FPro=/medium.webp""]",False,False,24.47831,0,54.599915,3,,project,2026-02-12T17:46:38.035167+00:00,Yas Links Luxury Living
0,new_projects,True,d421bbd0-d21b-4700-a038-b1e3048df375,"[""https://new-projects-media.propertyfinder.com/project/d421bbd0-d21b-4700-a038-b1e3048df375/gallery/image/jE84mQRPZB3q-wY7Bxi9Kab8DYRiZYElBaYYtuh6cRA=/medium.webp"", ""https://new-projects-media.propertyfinder.com/project/d421bbd0-d21b-4700-a038-b1e3048df375/gallery/image/QQi0sQS8ickSAtHNxrHyYY3NpB39RA917tiF_hvuvxs=/medium.webp"", ""https://new-projects-media.propertyfinder.com/project/d421bbd0-d21b-4700-a038-b1e3048df375/gallery/image/WQa8h6lbHSaiV5on3iyGmtj03fceGqpt1BubW6Jijx4=/medium.webp"", ""https://new-projects-media.propertyfinder.com/project/d421bbd0-d21b-4700-a038-b1e3048df375/gallery/image/3ZN1PYgn9oY2OHd5mA7qS50TKGDjFc6brCdOoYU6cRs=/medium.webp"", ""https://new-projects-media.propertyfinder.com/project/d421bbd0-d21b-4700-a038-b1e3048df375/gallery/image/iBojA1GbIGwwITK_pJ4BJkIl6D3ftA0ZUhJL7BMC3fI=/medium.webp""]",False,False,25.032698,0,55.231508,3,,project,2026-02-12T17:46:38.035167+00:00,Distrikt at Ghaf Woods
0,new_projects,True,5fc79241-c59e-4e13-8c96-ffe2469a6ce6,"[""https://new-projects-media.propertyfinder.com/project/5fc79241-c59e-4e13-8c96-ffe2469a6ce6/gallery/image/KIg2g-g0MUdqJr83C3ez2St5CTWby9Dm02z-lUnkYbE=/medium.webp"", ""https://new-projects-media.propertyfinder.com/project/5fc79241-c59e-4e13-8c96-ffe2469a6ce6/gallery/image/0CvaWOUuCbXmAbUOrplrd1O7A89-2stKInCJ9z8oBGI=/medium.webp"", ""https://new-projects-media.propertyfinder.com/project/5fc79241-c59e-4e13-8c96-ffe2469a6ce6/gallery/image/e9xeHbGCnFlyON0uFyqGFujY34Ioxi9gZsa9EoU940s=/medium.webp"", ""https://new-projects-media.propertyfinder.com/project/5fc79241-c59e-4e13-8c96-ffe2469a6ce6/gallery/image/u_XiYAe_6fiCZpy_4DFcewJLkDLBhxosBozQLtm65-s=/medium.webp"", ""https://new-projects-media.propertyfinder.com/project/5fc79241-c59e-4e13-8c96-ffe2469a6ce6/gallery/image/865Wty9omqoLXwuD2EYCxiXTKjl2oT5NAXeoSEgPHfU=/medium.webp"", ""https://new-projects-media.propertyfinder.com/project/5fc79241-c59e-4e13-8c96-ffe2469a6ce6/gallery/image/3Nou8yvzD0YCRQUae6gAvK1lC_F9Ne3P9nnw6cGsc4U=/medium.webp"", ""https://new-projects-media.propertyfinder.com/project/5fc79241-c59e-4e13-8c96-ffe2469a6ce6/gallery/image/DeNYOPFE7i-7SKUeazVZzobKQznpYuyiwVRvBL1XCw0=/medium.webp""]",False,False,25.27735,0,55.263698,3,,project,2026-02-12T17:46:38.035167+00:00,Talea by Beyond
0,new_projects,True,20e2a317-e1cc-4610-a670-12380f48d255,"[""https://new-projects-media.propertyfinder.com/project/20e2a317-e1cc-4610-a670-12380f48d255/gallery/image/mbPZHGqA9J32V2hJt06mIjB3sDHZMuy_peFXkua2SKk=/medium.webp"", ""https://new-projects-media.propertyfinder.com/project/20e2a317-e1cc-4610-a670-12380f48d255/gallery/image/dYSi7LUd3U-v7nGhq-3TRXGmtAuu-HuF0vI01MrpRF8=/medium.webp"", ""https://new-projects-media.propertyfinder.com/project/20e2a317-e1cc-4610-a670-12380f48d255/gallery/image/i-yFHGtiHkYkx5nQSoK3zHlnHrnbpvC7_JZfHaJo0Vg=/medium.webp"", ""https://new-projects-media.propertyfinder.com/project/20e2a317-e1cc-4610-a670-12380f48d255/gallery/image/Jy_5pyDzG28m44pujfXVahbR9sumABrUyKBahh31dyE=/medium.webp"", ""https://new-projects-media.propertyfinder.com/project/20e2a317-e1cc-4610-a670-12380f48d255/gallery/image/nkaX2vrLfBX--ZXQQjFd__VwgxulDYuTWIHYXl0y6Kk=/medium.webp""]",False,False,25.7025088,0,55.7900608,3,,project,2026-02-12T17:46:38.035167+00:00,Aila Homes
0,new_projects,True,f52c999e-80de-4eb9-813a-bdf2bbc44221,"[""https://new-projects-media.propertyfinder.com/project/f52c999e-80de-4eb9-813a-bdf2bbc44221/gallery/image/DpkkTwlpRf7j4-s3kn3o47t3SqOYIwf8WQb6zuDwDuM=/medium.webp"", ""https://new-projects-media.propertyfinder.com/project/f52c999e-80de-4eb9-813a-bdf2bbc44221/gallery/image/UWsXFySlkmbPEOD-jxh4_uPoY2ow52G56eP7gd1E2ZI=/medium.webp"", ""https://new-projects-media.propertyfinder.com/project/f52c999e-80de-4eb9-813a-bdf2bbc44221/gallery/image/Fok7-kUglwTobi7cSkVcBKDhVr1tHR6RzORMEfiIQr4=/medium.webp"", ""https://new-projects-media.propertyfinder.com/project/f52c999e-80de-4eb9-813a-bdf2bbc44221/gallery/image/P5ECIoDhysGDwTxVoLH6mvWskuAo3X8J2RgZZzOG5MI=/medium.webp"", ""https://new-projects-media.propertyfinder.com/project/f52c999e-80de-4eb9-813a-bdf2bbc44221/gallery/image/njAIjdNyw93fU8xh84GDdtd2Y68ens2JZytaeCmLu0A=/medium.webp"", ""https://new-projects-media.propertyfinder.com/project/f52c999e-80de-4eb9-813a-bdf2bbc44221/gallery/image/yv3E6MMsIA6zwCDvpJLPN5NaSfHrkFgIXnbilXx7J0c=/medium.webp"", ""https://new-projects-media.propertyfinder.com/project/f52c999e-80de-4eb9-813a-bdf2bbc44221/gallery/image/fKwWXDFJjmToLB_qRHQYcUZBPoUv5bOZAdO5qeHge6M=/medium.webp"", ""https://new-projects-media.propertyfinder.com/project/f52c999e-80de-4eb9-813a-bdf2bbc44221/gallery/image/9Av7sXTeRPUH2pxyMy5vbLrX7PchSAHEphTp8s6Q7zk=/medium.webp""]",False,False,24.53664486397,0,54.63128374112,4,,project,2026-02-12T17:46:41.742015+00:00,Balghaiylam
0,new_projects,True,00ddda06-1a4d-453d-bd2c-c6eff0d18fa0,"[""https://new-projects-media.propertyfinder.com/project/00ddda06-1a4d-453d-bd2c-c6eff0d18fa0/gallery/image/d82ZNEzvJZKEI-7jHqh2asuOp9lhgJZnbQt5fJsoSKs=/medium.webp"", ""https://new-projects-media.propertyfinder.com/project/00ddda06-1a4d-453d-bd2c-c6eff0d18fa0/gallery/image/Nuyjfgp0VF41xHiY1Ry8xPNMKaVFoLR4WzJvxuTu_C4=/medium.webp"", ""https://new-projects-media.propertyfinder.com/project/00ddda06-1a4d-453d-bd2c-c6eff0d18fa0/gallery/image/44K4SC6sF3x7JXx7RUAwQqU9mID_821UkgBm3ysK86g=/medium.webp"", ""https://new-projects-media.propertyfinder.com/project/00ddda06-1a4d-453d-bd2c-c6eff0d18fa0/gallery/image/ATauLCnuCeuGhbB_F78nHrpxF_fgsp1dS60W1ccbPps=/medium.webp"", ""https://new-projects-media.propertyfinder.com/project/00ddda06-1a4d-453d-bd2c-c6eff0d18fa0/gallery/image/HogQkfRV1g2uoRfgFm3WlHVwHWNV9RV3w1hwpeKuu6Y=/medium.webp"", ""https://new-projects-media.propertyfinder.com/project/00ddda06-1a4d-453d-bd2c-c6eff0d18fa0/gallery/image/2v5bIwk_Bp_ZMH9x3DaiO-HlnD-nbciM2jfcNNaVAxQ=/medium.webp"", ""https://new-projects-media.propertyfinder.com/project/00ddda06-1a4d-453d-bd2c-c6eff0d18fa0/gallery/image/pmm5OrVh_kTAl-2vVdASFp4HdE5L6TYhMAPV581l3jE=/medium.webp""]",False,False,25.00455081527,0,54.98903382113,4,,project,2026-02-12T17:46:41.742015+00:00,Villa Pacific Breeze
0,new_projects,True,24c52641-2b3e-428b-a133-ea0d67ec2604,"[""https://new-projects-media.propertyfinder.com/project/24c52641-2b3e-428b-a133-ea0d67ec2604/gallery/image/LNuy16ciZaV7CUsReXEPCnVY8YM84N3uD7WQ2Nz4W_Y=/medium.webp"", ""https://new-projects-media.propertyfinder.com/project/24c52641-2b3e-428b-a133-ea0d67ec2604/gallery/image/aFbMbrTy20Tzc_Vhu_pxwCSVihnXIKy6sCk78ycrFZU=/medium.webp"", ""https://new-projects-media.propertyfinder.com/project/24c52641-2b3e-428b-a133-ea0d67ec2604/gallery/image/5c-Sh38U8iOR9A85ZYyAghyRkAKLBxGwshnZxyou4XQ=/medium.webp"", ""https://new-projects-media.propertyfinder.com/project/24c52641-2b3e-428b-a133-ea0d67ec2604/gallery/image/KUOajEvNKpOSZ2nfiocMnyR0ZTDvXnsoP3cphf2fBD4=/medium.webp""]",False,False,25.00455081527,0,54.98903382113,4,,project,2026-02-12T17:46:41.742015+00:00,Villa Wave Crest
0,new_projects,True,29dc8ead-c0a6-489b-8e2c-20f16ffa1fd8,"[""https://new-projects-media.propertyfinder.com/project/29dc8ead-c0a6-489b-8e2c-20f16ffa1fd8/gallery/image/O3mfA2RgviMxGmY-Q6hhAj_kf44jzkaEq36ioG6luQI=/medium.webp"", ""https://new-projects-media.propertyfinder.com/project/29dc8ead-c0a6-489b-8e2c-20f16ffa1fd8/gallery/image/NXWDs40EDFTeKsMugTRzazkbH38sutiDg2aFa51HLYk=/medium.webp"", ""https://new-projects-media.propertyfinder.com/project/29dc8ead-c0a6-489b-8e2c-20f16ffa1fd8/gallery/image/e3mRU32jMBwAIw_iBAzk1fqay5i7gp4vgNfghtNRzIc=/medium.webp"", ""https://new-projects-media.propertyfinder.com/project/29dc8ead-c0a6-489b-8e2c-20f16ffa1fd8/gallery/image/NtwbmXMww0XbrVsoP4XpNpwE5WqD_i4xF0dOUPcJeEw=/medium.webp"", ""https://new-projects-media.propertyfinder.com/project/29dc8ead-c0a6-489b-8e2c-20f16ffa1fd8/gallery/image/xS0XwBbNAVOjHuZDheBFXkNveS7qx2kAqvG28YtEDzk=/medium.webp""]",False,False,25.00455081527,0,54.98903382113,4,,project,2026-02-12T17:46:41.742015+00:00,Villa Cobalt
0,new_projects,True,792bc2ce-cee4-401c-815f-90af984701a1,"[""https://new-projects-media.propertyfinder.com/project/792bc2ce-cee4-401c-815f-90af984701a1/gallery/image/fECopT5x2obpG8bX_d0MMbHJyLVoHM7tXg2vsrHUr6U=/medium.webp"", ""https://new-projects-media.propertyfinder.com/project/792bc2ce-cee4-401c-815f-90af984701a1/gallery/image/7zujPguzQz-3VzboihJvjd0ihhMG0XrXLRlsru40uIA=/medium.webp"", ""https://new-projects-media.propertyfinder.com/project/792bc2ce-cee4-401c-815f-90af984701a1/gallery/image/LhmwNaRYnVlkjQiyIVfZJQUZ9zaVbvWTCo4uCSNcsXI=/medium.webp"", ""https://new-projects-media.propertyfinder.com/project/792bc2ce-cee4-401c-815f-90af984701a1/gallery/image/L2nE6arrt_PBZBJ5813eOAqoR1jyn6gZhy9Ajwy6-X4=/medium.webp"", ""https://new-projects-media.propertyfinder.com/project/792bc2ce-cee4-401c-815f-90af984701a1/gallery/image/oj9Sr-UoduGH0_wVxFRZOtqWmN3c0HESuXRV5S_EKuI=/medium.webp""]",False,False,25.233898,0,55.259471,4,,project,2026-02-12T17:46:41.742015+00:00,Solaya 5 and 7
0,new_projects,True,57fa90eb-0677-450e-b582-2caab2064083,"[""https://new-projects-media.propertyfinder.com/project/57fa90eb-0677-450e-b582-2caab2064083/gallery/image/9TlSa9Lb9hc63UG-PTOGsVQcD78jLdXaHD7Uxln8ylc=/medium.webp"", ""https://new-projects-media.propertyfinder.com/project/57fa90eb-0677-450e-b582-2caab2064083/gallery/image/jU24dz_jayrSVsTMFuseYVSG2lJcgEI0g1-lCYW0cWs=/medium.webp""]",False,False,25.0458134379,0,55.2268260383,4,,project,2026-02-12T17:46:41.742015+00:00,Sierra by Iman
0,new_projects,True,945b0260-d314-4860-a59f-cdaa7182dd48,"[""https://new-projects-media.propertyfinder.com/project/945b0260-d314-4860-a59f-cdaa7182dd48/gallery/image/QctrfomiQPlBrnv8H1fXn1fw1DmIRz3MxhPMNbA3Ps8=/medium.webp"", ""https://new-projects-media.propertyfinder.com/project/945b0260-d314-4860-a59f-cdaa7182dd48/gallery/image/I-E4rX6EcVKTB6IapabpXqtoFzIewbCcJvc3QzHVygs=/medium.webp"", ""https://new-projects-media.propertyfinder.com/project/945b0260-d314-4860-a59f-cdaa7182dd48/gallery/image/AGb6k2JYm6rqrDsMJns30n5d9aKDGgMbDIFQWBe4myk=/medium.webp"", ""https://new-projects-media.propertyfinder.com/project/945b0260-d314-4860-a59f-cdaa7182dd48/gallery/image/j6pEQ8IkH5xxRGf15Azxk2ibbePjCWY26gl91FLPTn0=/medium.webp"", ""https://new-projects-media.propertyfinder.com/project/945b0260-d314-4860-a59f-cdaa7182dd48/gallery/image/GgtcdhjgDf-Or53BSasBpWR6bsiCCfi9sQNPCAFrnm0=/medium.webp"", ""https://new-projects-media.propertyfinder.com/project/945b0260-d314-4860-a59f-cdaa7182dd48/gallery/image/AxStGAbBIrwJtmXzA7uEP85ph9amD2V8moaj4u3fNWM=/medium.webp"", ""https://new-projects-media.propertyfinder.com/project/945b0260-d314-4860-a59f-cdaa7182dd48/gallery/image/HCp3btQJYT1sGkrWGyD_ddsKNPgiW4ihhPEixhN3HUQ=/medium.webp"", ""https://new-projects-media.propertyfinder.com/project/945b0260-d314-4860-a59f-cdaa7182dd48/gallery/image/pyPiWw--Rn89luK3h5CWWDJ-PDkwY6_ApBvVljsvtP0=/medium.webp""]",False,False,25.04633472049,0,55.30148923653,4,,project,2026-02-12T17:46:41.742015+00:00,The Acres Phase 3 By Meraas
0,new_projects,True,bbae5ed5-7dee-4aaf-a45b-1ec2530076b0,"[""https://new-projects-media.propertyfinder.com/project/bbae5ed5-7dee-4aaf-a45b-1ec2530076b0/gallery/image/huD8Zg9rUlW_pAWW2zz8hyNlqJd6vjkESLVGfTp-h7s=/medium.webp"", ""https://new-projects-media.propertyfinder.com/project/bbae5ed5-7dee-4aaf-a45b-1ec2530076b0/gallery/image/4gCkwSVOzF6eqESunURRfDRqSQBl1tVBDz-rns1oEZM=/medium.webp"", ""https://new-projects-media.propertyfinder.com/project/bbae5ed5-7dee-4aaf-a45b-1ec2530076b0/gallery/image/Vo7_zrgTSQRW3uMNX4rszvYHnSpOlaSoyC6zQ94elr8=/medium.webp"", ""https://new-projects-media.propertyfinder.com/project/bbae5ed5-7dee-4aaf-a45b-1ec2530076b0/gallery/image/4jH26-wFEckWzKsGnOPI249wywsUpbUj5KjrR-Bt_n4=/medium.webp"", ""https://new-projects-media.propertyfinder.com/project/bbae5ed5-7dee-4aaf-a45b-1ec2530076b0/gallery/image/h374cRO94XGvr-hAR2RHVZQ_LsE9pnPhMdhhmAU-N_w=/medium.webp"", ""https://new-projects-media.propertyfinder.com/project/bbae5ed5-7dee-4aaf-a45b-1ec2530076b0/gallery/image/EsI4x2aOSbsoaBtEpVOPz48XpRnPkuVY5hihR-QlyGQ=/medium.webp"", ""https://new-projects-media.propertyfinder.com/project/bbae5ed5-7dee-4aaf-a45b-1ec2530076b0/gallery/image/8_eLMPyNBByjLvGbE34zBbQHgavfyanZRp-o3fJWy8M=/medium.webp"", ""https://new-projects-media.propertyfinder.com/project/bbae5ed5-7dee-4aaf-a45b-1ec2530076b0/gallery/image/UTR9g_Z6FM6vvwqY__LOkxYEkVFdD955qxHtaTMFMWU=/medium.webp"", ""https://new-projects-media.propertyfinder.com/project/bbae5ed5-7dee-4aaf-a45b-1ec2530076b0/gallery/image/tbUEO8DVZ5ZslF37nHwsMEJAN3niaP1L2PLe8o0RG2I=/medium.webp"", ""https://new-projects-media.propertyfinder.com/project/bbae5ed5-7dee-4aaf-a45b-1ec2530076b0/gallery/image/N5Bt4ZYDOZb45qQK2QskUg2bS7AAGDbBYCn6w5MBFLU=/medium.webp"", ""https://new-projects-media.propertyfinder.com/project/bbae5ed5-7dee-4aaf-a45b-1ec2530076b0/gallery/image/rnnjgAJ6ejx1QS11AScv_TbP2R_qXjVxFcct7Cihf-k=/medium.webp"", ""https://new-projects-media.propertyfinder.com/project/bbae5ed5-7dee-4aaf-a45b-1ec2530076b0/gallery/image/jMbnMHp-hp_l4zwOOPgRB2qY2wztkyT1LeATSfzr9_g=/medium.webp""]",False,False,25.60417113763,0,55.62778316444,4,,project,2026-02-12T17:46:41.742015+00:00,Sobha Siniya Island
0,new_projects,True,98694034-14f1-40ca-b3f3-99d779b293fd,"[""https://new-projects-media.propertyfinder.com/project/98694034-14f1-40ca-b3f3-99d779b293fd/gallery/image/94tnLL0UfEzLlNN9YAylbB8WJey-EypPtWsLnKLhVn8=/medium.webp"", ""https://new-projects-media.propertyfinder.com/project/98694034-14f1-40ca-b3f3-99d779b293fd/gallery/image/2UismD2yV7bupcDG-AI-FeJF-VzFgsD4ila2sWKqa9M=/medium.webp"", ""https://new-projects-media.propertyfinder.com/project/98694034-14f1-40ca-b3f3-99d779b293fd/gallery/image/fr9VcAP_3nRv3mHtEl-v8jLwL7QJXCwiqQ1pd4s5bLY=/medium.webp"", ""https://new-projects-media.propertyfinder.com/project/98694034-14f1-40ca-b3f3-99d779b293fd/gallery/image/Fkx_7PqFky2HF2c01xtXOvE-3REYS4m4CrsuiElVeGQ=/medium.webp"", ""https://new-projects-media.propertyfinder.com/project/98694034-14f1-40ca-b3f3-99d779b293fd/gallery/image/jjnT1wdYpdQ_Z0WTg87o8PdABtcDH8Kkw5kH2XXBQUQ=/medium.webp"", ""https://new-projects-media.propertyfinder.com/project/98694034-14f1-40ca-b3f3-99d779b293fd/gallery/image/BJC5Mqn2J1FA3dyMxN1dHtZyGyhayRiWS1Xskp2uGT8=/medium.webp""]",False,False,25.2037700534,0,55.359870627,4,,project,2026-02-12T17:46:41.742015+00:00,Montiva at Emaar Green Gate
0,new_projects,True,3ae282c1-a1b9-4aaa-83fc-a46043799221,"[""https://new-projects-media.propertyfinder.com/project/3ae282c1-a1b9-4aaa-83fc-a46043799221/gallery/image/ylSap0ex_qTKoFvx6no7SJ3w7Zo7gl-xC4-qV2hQAVU=/medium.webp"", ""https://new-projects-media.propertyfinder.com/project/3ae282c1-a1b9-4aaa-83fc-a46043799221/gallery/image/mA4L-T6zQvgs3xKO75rPvAz2pQ7PocK8wV7Nfs8yeeI=/medium.webp"", ""https://new-projects-media.propertyfinder.com/project/3ae282c1-a1b9-4aaa-83fc-a46043799221/gallery/image/P4g71XOIzVjzPcGBJKThmyr0muLUUXsZonwG4cKhYRM=/medium.webp"", ""https://new-projects-media.propertyfinder.com/project/3ae282c1-a1b9-4aaa-83fc-a46043799221/gallery/image/26u5Xyq5UbHWO15pb6kD8k5xxUfh6zaLznMYZ7gCbrQ=/medium.webp"", ""https://new-projects-media.propertyfinder.com/project/3ae282c1-a1b9-4aaa-83fc-a46043799221/gallery/image/wtF3b0sccMKeFOFtQmJVIJywbVTZTNwDo-7QzlncB20=/medium.webp"", ""https://new-projects-media.propertyfinder.com/project/3ae282c1-a1b9-4aaa-83fc-a46043799221/gallery/image/Q294YN0zGwC7cQrn5w-MigAjsiqofb7ysKeefsVFzHE=/medium.webp"", ""https://new-projects-media.propertyfinder.com/project/3ae282c1-a1b9-4aaa-83fc-a46043799221/gallery/image/56MLLhIPbwC66ZZdiGjmaoiY4vVpTa6eUqPmla5YlpA=/medium.webp""]",False,False,24.970757586,0,55.2273771534,4,,project,2026-02-12T17:46:41.742015+00:00,Montura 3 at Grand Polo
0,new_projects,True,5392796c-6cb0-4a56-9d7e-df2f14179033,"[""https://new-projects-media.propertyfinder.com/project/5392796c-6cb0-4a56-9d7e-df2f14179033/gallery/image/FTVt8-3mTdaURO8qiAW3aAZ2ZtRrumQt8JpFsE-8kyQ=/medium.webp"", ""https://new-projects-media.propertyfinder.com/project/5392796c-6cb0-4a56-9d7e-df2f14179033/gallery/image/yigLb0WJUu3ufNNcljSxF0CFDD29-i5xpItxjruKpgI=/medium.webp"", ""https://new-projects-media.propertyfinder.com/project/5392796c-6cb0-4a56-9d7e-df2f14179033/gallery/image/q3ATHudFb-9VSc8OWhjX892uN5-DTCMwzXdAOdDwBps=/medium.webp"", ""https://new-projects-media.propertyfinder.com/project/5392796c-6cb0-4a56-9d7e-df2f14179033/gallery/image/Q3f6tOSLqjcKIqeKdsNfEFrUI2NTt1iXMfefszh0iIM=/medium.webp"", ""https://new-projects-media.propertyfinder.com/project/5392796c-6cb0-4a56-9d7e-df2f14179033/gallery/image/Prc7TnC6H1mk65dnjXMTGA93OwmIXv8jqn3uXJGTBlA=/medium.webp"", ""https://new-projects-media.propertyfinder.com/project/5392796c-6cb0-4a56-9d7e-df2f14179033/gallery/image/tJtmhurQM1dhAi5hlgDq_Zqrh67fZCEd6WWVWap_GKQ=/medium.webp"", ""https://new-projects-media.propertyfinder.com/project/5392796c-6cb0-4a56-9d7e-df2f14179033/gallery/image/2QMRABLcJVkpxIqCpWlApGSESnt-kXrOpyrdz0LKwmA=/medium.webp""]",False,False,25.11492858618,0,55.13745518478,4,,project,2026-02-12T17:46:41.742015+00:00,Bella by Passo
0,new_projects,True,124a44a7-ca42-4ad7-bae9-5da6c22bd54f,"[""https://new-projects-media.propertyfinder.com/project/124a44a7-ca42-4ad7-bae9-5da6c22bd54f/gallery/image/O5RjSJwAizRRHDe5AzdRiQR8ltxVSoymieWKoU2l5qA=/medium.webp"", ""https://new-projects-media.propertyfinder.com/project/124a44a7-ca42-4ad7-bae9-5da6c22bd54f/gallery/image/BFplDZpOlO7iSURbpjlE1Kj0K80mNt8K23jkcE1yXFk=/medium.webp""]",False,False,25.34649192285,0,55.42215571201,4,,project,2026-02-12T17:46:41.742015+00:00,Palace Residences Al Mamsha
0,new_projects,True,8b49669d-7c55-46f5-a9b8-168467d06b65,"[""https://new-projects-media.propertyfinder.com/project/8b49669d-7c55-46f5-a9b8-168467d06b65/gallery/image/0ZvdRp2F5lV_RzzpENsOs2IOHIpw7TKZyoDxWH1AnUM=/medium.webp"", ""https://new-projects-media.propertyfinder.com/project/8b49669d-7c55-46f5-a9b8-168467d06b65/gallery/image/z7kuvRI9me03-erRU0swKTYhQSD3oilPzBO0_uSWoc0=/medium.webp"", ""https://new-projects-media.propertyfinder.com/project/8b49669d-7c55-46f5-a9b8-168467d06b65/gallery/image/QsjOSVkBHfVRhsDI9bilDbeVFPkz5EIz31mg3FLTkEs=/medium.webp"", ""https://new-projects-media.propertyfinder.com/project/8b49669d-7c55-46f5-a9b8-168467d06b65/gallery/image/MtIffpCP_opH6x66zVqrZ2lYvlgs3-daJRC-PHxK2D8=/medium.webp"", ""https://new-projects-media.propertyfinder.com/project/8b49669d-7c55-46f5-a9b8-168467d06b65/gallery/image/6BRdevO5UKYyQX_haPwGuwu1zdyOQda_BDUsUza3ytE=/medium.webp"", ""https://new-projects-media.propertyfinder.com/project/8b49669d-7c55-46f5-a9b8-168467d06b65/gallery/image/IRnWEL3aEsP9BtkhEnVu1VYEPiv9T2vWW0ju0FM1S0U=/medium.webp""]",False,False,25.0470923,0,55.2326807,4,,project,2026-02-12T17:46:41.742015+00:00,Mirdad
0,new_projects,True,48a54c11-6a33-4f83-a89b-7749699e93e9,"[""https://new-projects-media.propertyfinder.com/project/48a54c11-6a33-4f83-a89b-7749699e93e9/gallery/image/3XKkzzArBGY33DpbCRnxFm9MjxGMzzvMbTPJLsw0HIg=/medium.webp"", ""https://new-projects-media.propertyfinder.com/project/48a54c11-6a33-4f83-a89b-7749699e93e9/gallery/image/6R0grnsniUKVpPT-ahGUoNyI0nIJw_kf7KW1bTa-yVs=/medium.webp"", ""https://new-projects-media.propertyfinder.com/project/48a54c11-6a33-4f83-a89b-7749699e93e9/gallery/image/82kbml8MXmjL2EyNz8PMzQAZ99jIgxdEtmdvqnXbE3o=/medium.webp"", ""https://new-projects-media.propertyfinder.com/project/48a54c11-6a33-4f83-a89b-7749699e93e9/gallery/image/uJcc0PmyBoPjsfPoKfH7lalJ6Obwk5_Wjj1M4LFA6M0=/medium.webp"", ""https://new-projects-media.propertyfinder.com/project/48a54c11-6a33-4f83-a89b-7749699e93e9/gallery/image/H9tJr1uQIHVYphL5F_2dHQkzIX0a-TDSQQoTPObdetE=/medium.webp"", ""https://new-projects-media.propertyfinder.com/project/48a54c11-6a33-4f83-a89b-7749699e93e9/gallery/image/Zctp_83MFYHg47N88W3djSqJfO4H5plE29B1GD4yXbU=/medium.webp"", ""https://new-projects-media.propertyfinder.com/project/48a54c11-6a33-4f83-a89b-7749699e93e9/gallery/image/yVsSKYBFm0OOQOK5gkw9dUD6qjU0dpih73eEcUP-DuU=/medium.webp"", ""https://new-projects-media.propertyfinder.com/project/48a54c11-6a33-4f83-a89b-7749699e93e9/gallery/image/zkEmwjyIiQUh5Lr-N7AlEvu55V__GzVdh5QhKhsWD7c=/medium.webp"", ""https://new-projects-media.propertyfinder.com/project/48a54c11-6a33-4f83-a89b-7749699e93e9/gallery/image/gx80ascI7iGpSdFLom8Ppte7BK8ORwxc2gYzoSEai14=/medium.webp"", ""https://new-projects-media.propertyfinder.com/project/48a54c11-6a33-4f83-a89b-7749699e93e9/gallery/image/67KCrHwg4l-WFtHCn6-v8yXYpjHDKqnYm6Tb4ADD20g=/medium.webp"", ""https://new-projects-media.propertyfinder.com/project/48a54c11-6a33-4f83-a89b-7749699e93e9/gallery/image/11TiIT8Yb_8HzfAXbNsBv8bGmCPb30ug5yZlC9WknIE=/medium.webp"", ""https://new-projects-media.propertyfinder.com/project/48a54c11-6a33-4f83-a89b-7749699e93e9/gallery/image/KQg8YjWCiuEwojCn5ozgUXHvFdOZTZXGAl-OhFAnCAo=/medium.webp""]",False,False,25.00455081527,0,54.98903382113,4,,project,2026-02-12T17:46:41.742015+00:00,Palm Central Private Residences
0,new_projects,True,d17b95ad-3b52-4b89-bfa8-36f10f64a579,"[""https://new-projects-media.propertyfinder.com/project/d17b95ad-3b52-4b89-bfa8-36f10f64a579/gallery/image/cFjzG4lZTh9qP4uk64iCyFgf2Utlw2Vgt841qdsSdZc=/medium.webp"", ""https://new-projects-media.propertyfinder.com/project/d17b95ad-3b52-4b89-bfa8-36f10f64a579/gallery/image/EwNe0JLszyCX1NoBOkZy3t1xNXtxupzu_VVn8adjwcQ=/medium.webp"", ""https://new-projects-media.propertyfinder.com/project/d17b95ad-3b52-4b89-bfa8-36f10f64a579/gallery/image/mYMbOjEjumEGO9df8kFLplDjP2_XZ3MXHjwhDvtDbro=/medium.webp"", ""https://new-projects-media.propertyfinder.com/project/d17b95ad-3b52-4b89-bfa8-36f10f64a579/gallery/image/rdnqUZ0uHz5TG3bGEdMWmXzg9FA79i7faywkNU_22rk=/medium.webp"", ""https://new-projects-media.propertyfinder.com/project/d17b95ad-3b52-4b89-bfa8-36f10f64a579/gallery/image/QDAAgbLDEGgcFi4UC0ZhQfRWCKYvpqpNJxUhogIVPUw=/medium.webp"", ""https://new-projects-media.propertyfinder.com/project/d17b95ad-3b52-4b89-bfa8-36f10f64a579/gallery/image/wYrwE-TNE2qsf_lME8NNqvhkI6N4nP1PnjD43rOeZus=/medium.webp"", ""https://new-projects-media.propertyfinder.com/project/d17b95ad-3b52-4b89-bfa8-36f10f64a579/gallery/image/0ZMcpBpU4nQvIwxPydABtu9l4VXoSNuNhp-XEov7CAY=/medium.webp""]",False,False,25.704318,0,55.786757,4,,project,2026-02-12T17:46:41.742015+00:00,Soto Grande
0,new_projects,True,d97910cc-3e43-418b-b643-88bb4f835d46,"[""https://new-projects-media.propertyfinder.com/project/d97910cc-3e43-418b-b643-88bb4f835d46/gallery/image/fbeSo8PRgLT7TmATlIexNevKWFUwNW_XSECGLmFnSCM=/medium.webp"", ""https://new-projects-media.propertyfinder.com/project/d97910cc-3e43-418b-b643-88bb4f835d46/gallery/image/KRGFaVK8KhKx20TJstScQfxoUCzB1aRhU8BMv19osz4=/medium.webp"", ""https://new-projects-media.propertyfinder.com/project/d97910cc-3e43-418b-b643-88bb4f835d46/gallery/image/T8actKxZYhSCkshehT-FmGT6yB7uDGSN6nuLrGO-kas=/medium.webp"", ""https://new-projects-media.propertyfinder.com/project/d97910cc-3e43-418b-b643-88bb4f835d46/gallery/image/o4m23Llm3CwGR7ubzgjqMeAXfvGXHKr6jtR953tKSRI=/medium.webp"", ""https://new-projects-media.propertyfinder.com/project/d97910cc-3e43-418b-b643-88bb4f835d46/gallery/image/n-Y3h58latnlNgzQMQTqKIcQbrfHQpo1QEujGKQV9fE=/medium.webp"", ""https://new-projects-media.propertyfinder.com/project/d97910cc-3e43-418b-b643-88bb4f835d46/gallery/image/q-0HtFJyARbQp0TCU4oHIPyDdm15sGFqz2CwVaN7rGY=/medium.webp"", ""https://new-projects-media.propertyfinder.com/project/d97910cc-3e43-418b-b643-88bb4f835d46/gallery/image/LPyjxQZ9SIyurjHBnVwO36CMEIeQEc0yA_OfPJ3eWiM=/medium.webp"", ""https://new-projects-media.propertyfinder.com/project/d97910cc-3e43-418b-b643-88bb4f835d46/gallery/image/uSNo52fS5YLhKwOnKkBo5qGrKlj-JIXWAypK_D6JBGw=/medium.webp""]",False,False,24.442953,0,54.569582,4,,project,2026-02-12T17:46:41.742015+00:00,Juman 2
0,new_projects,True,d0fe54c6-a4b4-4b73-b9cd-20e91e9d1c7a,"[""https://new-projects-media.propertyfinder.com/project/d0fe54c6-a4b4-4b73-b9cd-20e91e9d1c7a/gallery/image/BYSGcIADfJETGTATRUkkV9Uxt7fUzqvGAi7jy30KY5Y=/medium.webp"", ""https://new-projects-media.propertyfinder.com/project/d0fe54c6-a4b4-4b73-b9cd-20e91e9d1c7a/gallery/image/QoZhqyKFrubyHDB8c_aZLbciZ8VaI-EHoxLOWbo87ew=/medium.webp"", ""https://new-projects-media.propertyfinder.com/project/d0fe54c6-a4b4-4b73-b9cd-20e91e9d1c7a/gallery/image/iT9iqLjDX73R8p0Zk0JoxLVf3Z-5tZFAT_tbPhMhQLc=/medium.webp"", ""https://new-projects-media.propertyfinder.com/project/d0fe54c6-a4b4-4b73-b9cd-20e91e9d1c7a/gallery/image/9k6Vxplc-WCWIt2JX0o_s88tJeytlnlhB_RonqMFVg8=/medium.webp""]",False,False,25.0602528852,0,55.4177784247,4,,project,2026-02-12T17:46:41.742015+00:00,Green Wood Royal
0,new_projects,True,2ec6acc7-5ac8-4b10-8114-66fc443cb041,"[""https://new-projects-media.propertyfinder.com/project/2ec6acc7-5ac8-4b10-8114-66fc443cb041/gallery/image/GYNxnFvPZHgQCNr9UpcL0oMS_lT4melJFWc_baOylFo=/medium.webp"", ""https://new-projects-media.propertyfinder.com/project/2ec6acc7-5ac8-4b10-8114-66fc443cb041/gallery/image/t-f0S6M21hJiXFkSjQbWzYd8hV1S0ci8W-APQ-QNVzA=/medium.webp"", ""https://new-projects-media.propertyfinder.com/project/2ec6acc7-5ac8-4b10-8114-66fc443cb041/gallery/image/d1hNR6OLEp4uqE8GiP4l4smsI5_RoesD0yNJgENV6NE=/medium.webp"", ""https://new-projects-media.propertyfinder.com/project/2ec6acc7-5ac8-4b10-8114-66fc443cb041/gallery/image/2-khmHuzl4B237akJUNiUgyPNKg7xSi044D3mg71T8M=/medium.webp"", ""https://new-projects-media.propertyfinder.com/project/2ec6acc7-5ac8-4b10-8114-66fc443cb041/gallery/image/R1Lnv3AdG682LBYhyaEuiVg93ggjFhTyPHWurw9qhPQ=/medium.webp"", ""https://new-projects-media.propertyfinder.com/project/2ec6acc7-5ac8-4b10-8114-66fc443cb041/gallery/image/w8CGau1YPLe6jrtLseFuMJSDOh7_5KLokspgnqan-pc=/medium.webp"", ""https://new-projects-media.propertyfinder.com/project/2ec6acc7-5ac8-4b10-8114-66fc443cb041/gallery/image/KheKI-afHdDnLbcBlisEgxFonA0gUK-uWK81zfyVbnU=/medium.webp"", ""https://new-projects-media.propertyfinder.com/project/2ec6acc7-5ac8-4b10-8114-66fc443cb041/gallery/image/Do-yGz4d27W_g2ZdQSo_3GfmgTIl_a6boun2v4IPzXQ=/medium.webp"", ""https://new-projects-media.propertyfinder.com/project/2ec6acc7-5ac8-4b10-8114-66fc443cb041/gallery/image/JYmSn7P1qieJR1a1lAmbPq2wiBg7E3ndAQcs_fGodf0=/medium.webp"", ""https://new-projects-media.propertyfinder.com/project/2ec6acc7-5ac8-4b10-8114-66fc443cb041/gallery/image/XtGuTgYhY64W6SD1Grt4AVQu4jD_w_X7OwLhrd5Q1TM=/medium.webp""]",False,False,25.06331166293,0,55.32144007669,4,,project,2026-02-12T17:46:41.742015+00:00,The Grove at Sobha Sanctuary
0,new_projects,True,c485a630-f577-49f0-817c-b25570a153b6,"[""https://new-projects-media.propertyfinder.com/project/c485a630-f577-49f0-817c-b25570a153b6/gallery/image/tBFlM5s_gDSVGmX52XGsoNVxGaLZu83wG4IR7Ae3kk8=/medium.webp"", ""https://new-projects-media.propertyfinder.com/project/c485a630-f577-49f0-817c-b25570a153b6/gallery/image/BJnKpDtgXjb1nm2WDkfF8SLupOmHOLTuWWTnEkKZdyc=/medium.webp"", ""https://new-projects-media.propertyfinder.com/project/c485a630-f577-49f0-817c-b25570a153b6/gallery/image/RzS1GLrvD0w4pelavOaMgWPxaHc6S2jMeCwn6mAarps=/medium.webp"", ""https://new-projects-media.propertyfinder.com/project/c485a630-f577-49f0-817c-b25570a153b6/gallery/image/XsIlU-PD5puOpLVQrj3Rkih7FN92a_JNexthpubYa0k=/medium.webp"", ""https://new-projects-media.propertyfinder.com/project/c485a630-f577-49f0-817c-b25570a153b6/gallery/image/dESe7EsrQWR29r0ilGubSy2rozD-OWkOflh8PwH6Tyk=/medium.webp"", ""https://new-projects-media.propertyfinder.com/project/c485a630-f577-49f0-817c-b25570a153b6/gallery/image/rFSZOMIi6CQbRdsLg57zfzyxLMPeE2AuRtUFDH-QX-E=/medium.webp""]",False,False,25.689214,0,55.741509,4,,project,2026-02-12T17:46:41.743013+00:00,Palazzo Tissoli
0,new_projects,True,7230f31d-4d25-4406-8af9-038d2c3d7515,"[""https://new-projects-media.propertyfinder.com/project/7230f31d-4d25-4406-8af9-038d2c3d7515/gallery/image/3cqn_N5tiDu6Kn0Qls0vfy-shOdM_9iDOQLGIwlmilw=/medium.webp"", ""https://new-projects-media.propertyfinder.com/project/7230f31d-4d25-4406-8af9-038d2c3d7515/gallery/image/O8_urLoPzArRN3wVFu_So1YAodrxjBqNDAO6TjUEJhc=/medium.webp"", ""https://new-projects-media.propertyfinder.com/project/7230f31d-4d25-4406-8af9-038d2c3d7515/gallery/image/r-rjYC-FgA3Tz4SntHuq_nOVYDHfA50PANFIvw6lqJg=/medium.webp"", ""https://new-projects-media.propertyfinder.com/project/7230f31d-4d25-4406-8af9-038d2c3d7515/gallery/image/LvH7YAu7Uwdh8RXqZLy0Cgl2nEcg_gPFNvGqCKzGLqs=/medium.webp"", ""https://new-projects-media.propertyfinder.com/project/7230f31d-4d25-4406-8af9-038d2c3d7515/gallery/image/h8WhwOBb7uDkQHq6KS1fTTC2vBQOx7clTotWcqZiLrE=/medium.webp"", ""https://new-projects-media.propertyfinder.com/project/7230f31d-4d25-4406-8af9-038d2c3d7515/gallery/image/AS6WWh13YPA-cfodpCVk0BPsWyxjqvcm4CdFyJBFTVQ=/medium.webp"", ""https://new-projects-media.propertyfinder.com/project/7230f31d-4d25-4406-8af9-038d2c3d7515/gallery/image/9RR0HBkCx-KxSVNmflfQ_vpIB4bl21veMWZoEeJmgL0=/medium.webp"", ""https://new-projects-media.propertyfinder.com/project/7230f31d-4d25-4406-8af9-038d2c3d7515/gallery/image/B3_uYFs_3VwgFlP44T1VYyAOBQ8MEOHVPQyMHabJRWw=/medium.webp"", ""https://new-projects-media.propertyfinder.com/project/7230f31d-4d25-4406-8af9-038d2c3d7515/gallery/image/lR8daj9yzUix7foBp7VT1UVE4tt6kctF81ut3Npxpxc=/medium.webp"", ""https://new-projects-media.propertyfinder.com/project/7230f31d-4d25-4406-8af9-038d2c3d7515/gallery/image/ErDQOnoMIZyfLzk_eX3ZcHQBitwrrpOrbvGv33URt-Y=/medium.webp"", ""https://new-projects-media.propertyfinder.com/project/7230f31d-4d25-4406-8af9-038d2c3d7515/gallery/image/n4SiYZYDpm3564jNCkiCDRKCvkVywe_JBNCPFq1-p1s=/medium.webp"", ""https://new-projects-media.propertyfinder.com/project/7230f31d-4d25-4406-8af9-038d2c3d7515/gallery/image/R7VSAp0sVF0L2w5X5iqqvNEv5ssgjcEcVlT3tKok0og=/medium.webp"", ""https://new-projects-media.propertyfinder.com/project/7230f31d-4d25-4406-8af9-038d2c3d7515/gallery/image/AtqoutZ_qfWgqj1KnJYeZBH-DmToFKP4b-oK2f4wzVg=/medium.webp"", ""https://new-projects-media.propertyfinder.com/project/7230f31d-4d25-4406-8af9-038d2c3d7515/gallery/image/gDX_MTdCMQWgEe4iARcpotfu6Twz7thcYyIckADoqC4=/medium.webp"", ""https://new-projects-media.propertyfinder.com/project/7230f31d-4d25-4406-8af9-038d2c3d7515/gallery/image/BFLpQ5CoD2mspCYR2BUQY0M1scCmHPJ5Vlc9fcgqCyA=/medium.webp""]",False,False,24.5507251834,0,54.4431588321,4,,project,2026-02-12T17:46:41.743013+00:00,Four Seasons Private Residences
0,new_projects,True,1318afdf-9e0f-4c40-a0f8-ba20942311d5,"[""https://new-projects-media.propertyfinder.com/project/1318afdf-9e0f-4c40-a0f8-ba20942311d5/gallery/image/hBBH0kxOG924VAj8FBxxt8EtERZIQPfSzkl4cBavksg=/medium.webp"", ""https://new-projects-media.propertyfinder.com/project/1318afdf-9e0f-4c40-a0f8-ba20942311d5/gallery/image/h-858fJ_qKYSxV9WKZT4pz3zq3Wlv_XHqVVjP9Y4pI4=/medium.webp"", ""https://new-projects-media.propertyfinder.com/project/1318afdf-9e0f-4c40-a0f8-ba20942311d5/gallery/image/7XQ3VOK0MVUpREJXBa-bI-rpGx3bwXbWwGDgqg87fqo=/medium.webp"", ""https://new-projects-media.propertyfinder.com/project/1318afdf-9e0f-4c40-a0f8-ba20942311d5/gallery/image/yupyzUEw1omxsB6hP6dZjHliP6RjNFZ3BnHaNKs1Wu0=/medium.webp"", ""https://new-projects-media.propertyfinder.com/project/1318afdf-9e0f-4c40-a0f8-ba20942311d5/gallery/image/3b1YDAQHzZdPoTAvgPW76UgomBUmiFGsLkpQDxyXVbQ=/medium.webp"", ""https://new-projects-media.propertyfinder.com/project/1318afdf-9e0f-4c40-a0f8-ba20942311d5/gallery/image/FPvWuGgcFz5lRKPhGUhoTItbBSzk7QTxvSXRRXO3eds=/medium.webp"", ""https://new-projects-media.propertyfinder.com/project/1318afdf-9e0f-4c40-a0f8-ba20942311d5/gallery/image/XUwfVD8q8O4MsOX6LPWj5jbxSztLxA_6BW_kI-V6ugw=/medium.webp"", ""https://new-projects-media.propertyfinder.com/project/1318afdf-9e0f-4c40-a0f8-ba20942311d5/gallery/image/LS9BQrdecMMDuhfH9XD4yR7sk9NS32ZYtLc_r5IlX5I=/medium.webp"", ""https://new-projects-media.propertyfinder.com/project/1318afdf-9e0f-4c40-a0f8-ba20942311d5/gallery/image/chonuSOk06qE-pY7PplmzDrupcxlXX4EaC_Ekyip6bA=/medium.webp""]",False,False,25.015931,0,55.248559,4,,project,2026-02-12T17:46:41.743013+00:00,Damac District
0,new_projects,True,25bf0ef3-cf14-4f04-9e6f-47000bf0b684,"[""https://new-projects-media.propertyfinder.com/project/25bf0ef3-cf14-4f04-9e6f-47000bf0b684/gallery/image/SAN6a0Kz42dg887ngLQ1zIobFw5Hal10PZvnHRw6i6w=/medium.webp""]",False,False,24.5302924,0,54.4451578,4,,project,2026-02-12T17:46:41.743013+00:00,The Grove - Heart
0,new_projects,True,bd42ccfa-63cb-4a29-8a65-4239654312f1,"[""https://new-projects-media.propertyfinder.com/project/bd42ccfa-63cb-4a29-8a65-4239654312f1/gallery/image/bsoKkjPav_v2L_suemJTR1e4RBa_dKyz4Bz8VGJhD-I=/medium.webp"", ""https://new-projects-media.propertyfinder.com/project/bd42ccfa-63cb-4a29-8a65-4239654312f1/gallery/image/VyvkLdyCXiCZZl5cOfT2ErkRO-Iue0Y4Sj1aq8yjb94=/medium.webp"", ""https://new-projects-media.propertyfinder.com/project/bd42ccfa-63cb-4a29-8a65-4239654312f1/gallery/image/nRuUJRhSL1_HvqPuQGgef7vk68-hIj1xO-BIDVMh0Dc=/medium.webp"", ""https://new-projects-media.propertyfinder.com/project/bd42ccfa-63cb-4a29-8a65-4239654312f1/gallery/image/WEzjklvGdqxEN-llNyKgaOCLcGbHYXWerzAkj_YfNDg=/medium.webp"", ""https://new-projects-media.propertyfinder.com/project/bd42ccfa-63cb-4a29-8a65-4239654312f1/gallery/image/sjpZoAN3gevZ1q_-3Zdr03GwFbyVqmQjjCHyLNNfqPw=/medium.webp"", ""https://new-projects-media.propertyfinder.com/project/bd42ccfa-63cb-4a29-8a65-4239654312f1/gallery/image/chgjf0QHQSKt_CuE0z9Ar0LzXzTkm2ulxD3GPGFHYtk=/medium.webp"", ""https://new-projects-media.propertyfinder.com/project/bd42ccfa-63cb-4a29-8a65-4239654312f1/gallery/image/BXaf5mZAh-xOQ5EL8R82nkLiOcYpc1yG1IPZYeHTb30=/medium.webp"", ""https://new-projects-media.propertyfinder.com/project/bd42ccfa-63cb-4a29-8a65-4239654312f1/gallery/image/ZAeyotITNAfMJxi4PCVqZqwZpr7jsjw64C3JQyW1sdQ=/medium.webp"", ""https://new-projects-media.propertyfinder.com/project/bd42ccfa-63cb-4a29-8a65-4239654312f1/gallery/image/n2HQ7HfKHBhvihHYc0p7CbUU2fsSOOe4gyJ0rTlDiYY=/medium.webp"", ""https://new-projects-media.propertyfinder.com/project/bd42ccfa-63cb-4a29-8a65-4239654312f1/gallery/image/gQcdMoi-rgV-qmu0rMwUfcu85I_CT18bMEpDHO6C8mw=/medium.webp""]",False,False,24.400336,0,54.642255,4,,project,2026-02-12T17:46:41.743013+00:00,Bloom Living Marbella
0,new_projects,True,bad1cf66-2f96-4d3a-9f10-b1380cd5936d,"[""https://new-projects-media.propertyfinder.com/project/bad1cf66-2f96-4d3a-9f10-b1380cd5936d/gallery/image/C6QqsxIXGzaqYHWCTVG7u9PLx0YpRmmZ0XwZmPvid8Y=/medium.webp"", ""https://new-projects-media.propertyfinder.com/project/bad1cf66-2f96-4d3a-9f10-b1380cd5936d/gallery/image/wwVmKmSdZ-XAwWgDQpeJ2jsbRjzd4PVWMPEoTNOXRug=/medium.webp"", ""https://new-projects-media.propertyfinder.com/project/bad1cf66-2f96-4d3a-9f10-b1380cd5936d/gallery/image/6dv3omn4zGjNTDWT8ZLYEsLrCGSnUZuPpOlHdwK3vks=/medium.webp"", ""https://new-projects-media.propertyfinder.com/project/bad1cf66-2f96-4d3a-9f10-b1380cd5936d/gallery/image/Bz25fvPlP_2ScEgeFNqxlyvrsdEUpEn-OaLr-WwgrWo=/medium.webp"", ""https://new-projects-media.propertyfinder.com/project/bad1cf66-2f96-4d3a-9f10-b1380cd5936d/gallery/image/RebulBWqKLDs3kegayd0OuJgCMZMZe669v99ox48TXo=/medium.webp""]",False,False,25.604171,0,55.627719,4,,project,2026-02-12T17:46:41.743013+00:00,Bayfront Marina Residences
0,new_projects,True,085d1528-dc12-41c7-9581-335397e1a570,"[""https://new-projects-media.propertyfinder.com/project/085d1528-dc12-41c7-9581-335397e1a570/gallery/image/pd6EkN3HFrIQZoBRLI7bhvDhySCZ_DCt8fZi7TMrtD0=/medium.webp"", ""https://new-projects-media.propertyfinder.com/project/085d1528-dc12-41c7-9581-335397e1a570/gallery/image/y5HeOo5ZtQ-iYHg1ARxc5IY9INboVyIUjf3mPc2DamM=/medium.webp"", ""https://new-projects-media.propertyfinder.com/project/085d1528-dc12-41c7-9581-335397e1a570/gallery/image/8G-RLGEe6WPlZuLBElZCgxjV1qmEtzoEC0hT6yh-Dr4=/medium.webp"", ""https://new-projects-media.propertyfinder.com/project/085d1528-dc12-41c7-9581-335397e1a570/gallery/image/1IqifPQdpIq2F03ivywVe6RxsLr0ktLLiFS1xGWne5U=/medium.webp"", ""https://new-projects-media.propertyfinder.com/project/085d1528-dc12-41c7-9581-335397e1a570/gallery/image/ZF51nJ0JMzznz_1YZx1NPT08Jai5Ci-Rx-hfvpCtxQo=/medium.webp"", ""https://new-projects-media.propertyfinder.com/project/085d1528-dc12-41c7-9581-335397e1a570/gallery/image/L5-OEgLJeeJCg-XPQANLNQ0RJCIkmiRX8Y42gdrgI-Q=/medium.webp"", ""https://new-projects-media.propertyfinder.com/project/085d1528-dc12-41c7-9581-335397e1a570/gallery/image/UkSOxyOBvsCRAKQLMxcKJ287uBbOg0qiu-a9f9Bs5ig=/medium.webp"", ""https://new-projects-media.propertyfinder.com/project/085d1528-dc12-41c7-9581-335397e1a570/gallery/image/Ro6EEdiR5bIAHa0DE8c4PE5ngDMBkyT1dbfgcMGHXjI=/medium.webp"", ""https://new-projects-media.propertyfinder.com/project/085d1528-dc12-41c7-9581-335397e1a570/gallery/image/kQ05LY4Su3VfeVn7GU9UFd-wcAduSzr9Z3uHALTVcDM=/medium.webp"", ""https://new-projects-media.propertyfinder.com/project/085d1528-dc12-41c7-9581-335397e1a570/gallery/image/wNwDhKNYcWVo6F68LZHf8WpLfj0lbggTJRn-YZbMRdA=/medium.webp""]",False,False,25.21764741,0,55.28247365,5,,project,2026-02-12T17:46:45.007664+00:00,Jumeirah Residences Emirates Towers
0,new_projects,True,40f455c5-0663-4256-a210-4d4834aec9c3,"[""https://new-projects-media.propertyfinder.com/project/40f455c5-0663-4256-a210-4d4834aec9c3/gallery/image/umctKyJ_ZhlXgpdsQB_TNg0EmCq1tKEQJKGmZxIwbXk=/medium.webp""]",False,False,25.009684,0,55.451619,5,,project,2026-02-12T17:46:45.007664+00:00,Virella at The Valley
0,new_projects,True,578bdec2-92d4-4e8e-ba68-637bda60ce52,"[""https://new-projects-media.propertyfinder.com/project/578bdec2-92d4-4e8e-ba68-637bda60ce52/gallery/image/rsSxbUb6rhQ10tBi1zoo7el9mL41sezm6Bd9pXtN11k=/medium.webp"", ""https://new-projects-media.propertyfinder.com/project/578bdec2-92d4-4e8e-ba68-637bda60ce52/gallery/image/v5IATe9NUVk_jpNqRZ6M7tLwz_DXJgTJAfh1wRLXpzg=/medium.webp"", ""https://new-projects-media.propertyfinder.com/project/578bdec2-92d4-4e8e-ba68-637bda60ce52/gallery/image/MwP7I1N2f1E15KIXJpDIhUQ9c6BvWppa5bgSuJUyG1I=/medium.webp"", ""https://new-projects-media.propertyfinder.com/project/578bdec2-92d4-4e8e-ba68-637bda60ce52/gallery/image/gkdNn27dthiTbGy902MCDNw08j2vNSYnFApHISmK3DE=/medium.webp"", ""https://new-projects-media.propertyfinder.com/project/578bdec2-92d4-4e8e-ba68-637bda60ce52/gallery/image/AEJt8_lsoe5UcXO89_21c9k1rlrguUpRkaKSNjBjfsU=/medium.webp"", ""https://new-projects-media.propertyfinder.com/project/578bdec2-92d4-4e8e-ba68-637bda60ce52/gallery/image/7M52NuTxB_ArSYTGpZvTgutZKVFhfe99BYsk3XDtuqo=/medium.webp""]",False,False,25.13556968337,0,55.27152281349,5,,project,2026-02-12T17:46:45.007664+00:00,Eden House Dubai Hills
0,new_projects,True,c5e06a77-607f-4a99-8397-ef0024502f9a,"[""https://new-projects-media.propertyfinder.com/project/c5e06a77-607f-4a99-8397-ef0024502f9a/gallery/image/eFwPQvgVu63oEvkb6FReJ3l-Kuf1w_M0BcjQIUj1DEA=/medium.webp"", ""https://new-projects-media.propertyfinder.com/project/c5e06a77-607f-4a99-8397-ef0024502f9a/gallery/image/XUj0Im8-zSFXI7hOUO5NWndnV08Hku-d-wv6D7CeMhM=/medium.webp"", ""https://new-projects-media.propertyfinder.com/project/c5e06a77-607f-4a99-8397-ef0024502f9a/gallery/image/kh3o0gV-NqbLVbnoptsMn3vOVMeDY-U_tLy9Em9pNWg=/medium.webp"", ""https://new-projects-media.propertyfinder.com/project/c5e06a77-607f-4a99-8397-ef0024502f9a/gallery/image/jPr60SJUoa_-G3yosJbyFFV0yQBYOQl5DjRBeSi75D4=/medium.webp"", ""https://new-projects-media.propertyfinder.com/project/c5e06a77-607f-4a99-8397-ef0024502f9a/gallery/image/qz7Yt_gzaSQTzAsf_hYOK0-UfwIgHf_fSBINlOn5KJ0=/medium.webp"", ""https://new-projects-media.propertyfinder.com/project/c5e06a77-607f-4a99-8397-ef0024502f9a/gallery/image/D6Pt8baLcN8B4cRETncjdRwiBr7UUzd5YHCslrkbALM=/medium.webp"", ""https://new-projects-media.propertyfinder.com/project/c5e06a77-607f-4a99-8397-ef0024502f9a/gallery/image/TBdVZYyZbJO7ByMUi6vxEEvivY2QIOSxGtf50ZM_W_k=/medium.webp""]",False,False,24.41701281115,0,54.36357545057,5,,project,2026-02-12T17:46:45.007664+00:00,Nawayef West Heights
0,new_projects,True,ebe3e00a-af86-48d4-87f6-63112ee5c5d3,"[""https://new-projects-media.propertyfinder.com/project/ebe3e00a-af86-48d4-87f6-63112ee5c5d3/gallery/image/0-EAPJTdNOc6-Q_6oGkh06c9v1Eb1ucMZifCGDOUif0=/medium.webp"", ""https://new-projects-media.propertyfinder.com/project/ebe3e00a-af86-48d4-87f6-63112ee5c5d3/gallery/image/cYxcYbrlA6agVSFeuZ7zJS7dFKq6NlpqfP0enpgzqqY=/medium.webp"", ""https://new-projects-media.propertyfinder.com/project/ebe3e00a-af86-48d4-87f6-63112ee5c5d3/gallery/image/4Ghcv3vj-EEz2LfOuuW-NaYWzxcSWf5XpUsVSASqGxQ=/medium.webp"", ""https://new-projects-media.propertyfinder.com/project/ebe3e00a-af86-48d4-87f6-63112ee5c5d3/gallery/image/H3F4e78Da3eifAZ0vaq8LqHUmtwy0vSsyHPj3aHdpsE=/medium.webp"", ""https://new-projects-media.propertyfinder.com/project/ebe3e00a-af86-48d4-87f6-63112ee5c5d3/gallery/image/6XTxfeiRYxSlft-1Hta4qaxMXaADtLMoXn-yi9P7Fvw=/medium.webp"", ""https://new-projects-media.propertyfinder.com/project/ebe3e00a-af86-48d4-87f6-63112ee5c5d3/gallery/image/0cnRMuuh4k1LHD_8iV_16OZOgiiREUgwA7A-ZxrqPOw=/medium.webp"", ""https://new-projects-media.propertyfinder.com/project/ebe3e00a-af86-48d4-87f6-63112ee5c5d3/gallery/image/FsfMKYLGLwlvknwojbK_XTdLoiplPXvaF03ade4f54Q=/medium.webp"", ""https://new-projects-media.propertyfinder.com/project/ebe3e00a-af86-48d4-87f6-63112ee5c5d3/gallery/image/KWZYxMHrCDvZIltgxqZw3HwH2v8PFOKOcpIUQFrKY34=/medium.webp"", ""https://new-projects-media.propertyfinder.com/project/ebe3e00a-af86-48d4-87f6-63112ee5c5d3/gallery/image/8CV39qRkZ8dxmsJPXddPVQTbDLRaVkB-Z1FJHlwt_4w=/medium.webp"", ""https://new-projects-media.propertyfinder.com/project/ebe3e00a-af86-48d4-87f6-63112ee5c5d3/gallery/image/poE5NEzk4VdC1MGD_Iabb6mwjC_93vOfUvWk43BKanc=/medium.webp"", ""https://new-projects-media.propertyfinder.com/project/ebe3e00a-af86-48d4-87f6-63112ee5c5d3/gallery/image/LJaPMGq58t3GctHWsWeP_76RHqb_g3dkLxp8zyYutXQ=/medium.webp"", ""https://new-projects-media.propertyfinder.com/project/ebe3e00a-af86-48d4-87f6-63112ee5c5d3/gallery/image/_QcyR4a9zt6DT1mKqhGDNXAM9V7vB6vsdW4VcJ8UW5o=/medium.webp"", ""https://new-projects-media.propertyfinder.com/project/ebe3e00a-af86-48d4-87f6-63112ee5c5d3/gallery/image/A2ewkpI4kUupTEztynOnGF3d4lDFvtXunQbGtwwigJU=/medium.webp"", ""https://new-projects-media.propertyfinder.com/project/ebe3e00a-af86-48d4-87f6-63112ee5c5d3/gallery/image/BW3PbPwn0fmHc3_PgBw7IqwilNwDZyGt5jp5TBPZbfY=/medium.webp"", ""https://new-projects-media.propertyfinder.com/project/ebe3e00a-af86-48d4-87f6-63112ee5c5d3/gallery/image/PmmeEKNnRxwlWZOJ8Xa1kDjDraf84NMp9MYh7RXhD0Q=/medium.webp"", ""https://new-projects-media.propertyfinder.com/project/ebe3e00a-af86-48d4-87f6-63112ee5c5d3/gallery/image/rYiztERxJmC67sp4gRUA6w_ZN4KgZ6zIsYP6csbwFcw=/medium.webp"", ""https://new-projects-media.propertyfinder.com/project/ebe3e00a-af86-48d4-87f6-63112ee5c5d3/gallery/image/HpsxeqvDld07OmTl0GSAOgC-hvFK-kNm5diuSe1heos=/medium.webp""]",False,False,25.6796084,0,55.7398884,5,,project,2026-02-12T17:46:45.007664+00:00,Playa Viva
0,new_projects,True,005af9a8-b624-4352-b299-126dd52c99e6,"[""https://new-projects-media.propertyfinder.com/project/005af9a8-b624-4352-b299-126dd52c99e6/gallery/image/U8DvW0Let9OYJAlX9CajA7bHmh039hYcGxm117BlBjI=/medium.webp"", ""https://new-projects-media.propertyfinder.com/project/005af9a8-b624-4352-b299-126dd52c99e6/gallery/image/UL4mm3kZzlpJ9_RA3423GWyKvFU3IYxwxVBJmtJsNvc=/medium.webp"", ""https://new-projects-media.propertyfinder.com/project/005af9a8-b624-4352-b299-126dd52c99e6/gallery/image/6PgZFqMvnHJC7PJLCwPd07gi3fBeQSS1iKXoriLTpGs=/medium.webp"", ""https://new-projects-media.propertyfinder.com/project/005af9a8-b624-4352-b299-126dd52c99e6/gallery/image/CyVF-8JzLlx-HXx505e5GH2n9Da_ZQEvzF4wlD2HIgg=/medium.webp"", ""https://new-projects-media.propertyfinder.com/project/005af9a8-b624-4352-b299-126dd52c99e6/gallery/image/7EJU75BQE0V8fEWbpVyjjUF3HJtmSNElhALShbpD-0o=/medium.webp"", ""https://new-projects-media.propertyfinder.com/project/005af9a8-b624-4352-b299-126dd52c99e6/gallery/image/ZAuzfHQ4qeu8VhwSlbupQ5d8OjAm_I5J6tIjNQ5CL0Q=/medium.webp"", ""https://new-projects-media.propertyfinder.com/project/005af9a8-b624-4352-b299-126dd52c99e6/gallery/image/xCN7rCjc-DPHj15oaAeN1Up8xinLnyWNWPp0Wp3R9B8=/medium.webp"", ""https://new-projects-media.propertyfinder.com/project/005af9a8-b624-4352-b299-126dd52c99e6/gallery/image/whFbKChlkONcnzQ5oCVixNP8IkS7vhy33yYVqDqLhiE=/medium.webp"", ""https://new-projects-media.propertyfinder.com/project/005af9a8-b624-4352-b299-126dd52c99e6/gallery/image/tBXLLoY-8so3v2G-WUhpWZ05JGCGlVCpblLg95GRiMs=/medium.webp"", ""https://new-projects-media.propertyfinder.com/project/005af9a8-b624-4352-b299-126dd52c99e6/gallery/image/r95Cf7_ZqBRPC0ZNERlsz_Q5UPiviWPWW4q0H3e2oHo=/medium.webp"", ""https://new-projects-media.propertyfinder.com/project/005af9a8-b624-4352-b299-126dd52c99e6/gallery/image/-caujRksg_-zsHQYlC8VoVWPKGEsRirjkIebOnti2Tw=/medium.webp"", ""https://new-projects-media.propertyfinder.com/project/005af9a8-b624-4352-b299-126dd52c99e6/gallery/image/NIeQ1K0NYEpE5pIqX6hhnhrlr1mWbryMgi1LlGKC-bc=/medium.webp"", ""https://new-projects-media.propertyfinder.com/project/005af9a8-b624-4352-b299-126dd52c99e6/gallery/image/BTGpqxllKTJt7GNVOvJava9tNTJAVeHeWE88rQRRUn4=/medium.webp""]",False,False,25.112689,0,55.138791,5,,project,2026-02-12T17:46:45.007664+00:00,Passo by Beyond
0,new_projects,True,b5cc38b1-9e76-4354-9a22-5cb1f6ad9024,"[""https://new-projects-media.propertyfinder.com/project/b5cc38b1-9e76-4354-9a22-5cb1f6ad9024/gallery/image/12j0-kd53fZ8Rqr2uO4ZeYRCqMprhzmpbtoea7jvMTs=/medium.webp"", ""https://new-projects-media.propertyfinder.com/project/b5cc38b1-9e76-4354-9a22-5cb1f6ad9024/gallery/image/47UPbr6LW7Mq5gx9YkxCzF89wCXWTDWGUn-Ai6CX4qM=/medium.webp"", ""https://new-projects-media.propertyfinder.com/project/b5cc38b1-9e76-4354-9a22-5cb1f6ad9024/gallery/image/JtMkXr8agQwRtZS71Neb8uQ_35nqXTpx3F6lD-PbIEI=/medium.webp"", ""https://new-projects-media.propertyfinder.com/project/b5cc38b1-9e76-4354-9a22-5cb1f6ad9024/gallery/image/PGhNofM1BtRMW4PRRXJi6STLzH0GL16GxeZ4eJjoyg8=/medium.webp"", ""https://new-projects-media.propertyfinder.com/project/b5cc38b1-9e76-4354-9a22-5cb1f6ad9024/gallery/image/LlbafNHt7KLJZ-eCxYEV2u3gnpdfBhAyg9ahSakWqu8=/medium.webp"", ""https://new-projects-media.propertyfinder.com/project/b5cc38b1-9e76-4354-9a22-5cb1f6ad9024/gallery/image/MosWzwY_hg2YqT6CGluhq995jZaiCGlisTUjlN2ZGt4=/medium.webp"", ""https://new-projects-media.propertyfinder.com/project/b5cc38b1-9e76-4354-9a22-5cb1f6ad9024/gallery/image/M70d9T-6sTPOWi_IriEaQ-KbHZwL3vCNTupsf37aKNg=/medium.webp"", ""https://new-projects-media.propertyfinder.com/project/b5cc38b1-9e76-4354-9a22-5cb1f6ad9024/gallery/image/3U2a-xMeVcmDR8w-1yuNYiv76DO6FkOhOsgoxDTG0ZY=/medium.webp"", ""https://new-projects-media.propertyfinder.com/project/b5cc38b1-9e76-4354-9a22-5cb1f6ad9024/gallery/image/ENA0qhKqhdwg-F79zqGUd3G0p5XVCYC9dqSnD4toMf8=/medium.webp"", ""https://new-projects-media.propertyfinder.com/project/b5cc38b1-9e76-4354-9a22-5cb1f6ad9024/gallery/image/iVMOe4dipMkg8khtfzNn3y0WA5L3M9z01I_bRTeayC4=/medium.webp"", ""https://new-projects-media.propertyfinder.com/project/b5cc38b1-9e76-4354-9a22-5cb1f6ad9024/gallery/image/WgARfFXr_ZvEhaAdAJsEA5sVbwMWa7n-NSKDiWaQe5s=/medium.webp"", ""https://new-projects-media.propertyfinder.com/project/b5cc38b1-9e76-4354-9a22-5cb1f6ad9024/gallery/image/duzPYF7x-CcHrCdrDno04DeMIJ1uNB7EoNYcpYIagMU=/medium.webp"", ""https://new-projects-media.propertyfinder.com/project/b5cc38b1-9e76-4354-9a22-5cb1f6ad9024/gallery/image/70eifoUgUrtdAPA_zmbDgwBMsMCOcHLNQ46WUnja-Z4=/medium.webp""]",False,False,25.02130060485,0,55.21470345767,5,,project,2026-02-12T17:46:45.007664+00:00,Bo Monde
0,new_projects,True,77119bb6-fdde-482b-9127-1c0ec06d2cf1,"[""https://new-projects-media.propertyfinder.com/project/77119bb6-fdde-482b-9127-1c0ec06d2cf1/gallery/image/zvq3ID1k7cYQuWF3g5mBY1SPD4WkFUbFn0h5qqHsNC0=/medium.webp"", ""https://new-projects-media.propertyfinder.com/project/77119bb6-fdde-482b-9127-1c0ec06d2cf1/gallery/image/wzbEr0RXZMPHoQyvqJGfXTMQAmDyl0NAZ42HIBMHxSM=/medium.webp"", ""https://new-projects-media.propertyfinder.com/project/77119bb6-fdde-482b-9127-1c0ec06d2cf1/gallery/image/r3RNJtDB87Cct71wcZOx_YzRUMJQVjLDQ5pBFRi3OEs=/medium.webp"", ""https://new-projects-media.propertyfinder.com/project/77119bb6-fdde-482b-9127-1c0ec06d2cf1/gallery/image/GI5YGEfp2TV-rs3pDC_R1iODWs_hsFmqHp8-qKWbeno=/medium.webp"", ""https://new-projects-media.propertyfinder.com/project/77119bb6-fdde-482b-9127-1c0ec06d2cf1/gallery/image/akVmU-L5u7hUBmCCNo0Y0SWZOwa67TIIIiBpx1ORRws=/medium.webp"", ""https://new-projects-media.propertyfinder.com/project/77119bb6-fdde-482b-9127-1c0ec06d2cf1/gallery/image/H0c2hRockIBBtpSWxFPz7pOstZtS8X-vamv56rmDSpw=/medium.webp"", ""https://new-projects-media.propertyfinder.com/project/77119bb6-fdde-482b-9127-1c0ec06d2cf1/gallery/image/1CDoOHP638FNPHrEfViWqF4vHBhazVUe-KDHuf8HyI4=/medium.webp"", ""https://new-projects-media.propertyfinder.com/project/77119bb6-fdde-482b-9127-1c0ec06d2cf1/gallery/image/9pMkGDNFCNfdVYSFtqRBvu08iuvboBvt2ea6Bf7CXLs=/medium.webp"", ""https://new-projects-media.propertyfinder.com/project/77119bb6-fdde-482b-9127-1c0ec06d2cf1/gallery/image/rWnx9qCIrh087eCehkjRvXYAkSvvhfHR_W2bV1g91PQ=/medium.webp"", ""https://new-projects-media.propertyfinder.com/project/77119bb6-fdde-482b-9127-1c0ec06d2cf1/gallery/image/z6Mk7PNkmRUBEUiB33mp8bT7nIQR17k__xjOo24DcQg=/medium.webp"", ""https://new-projects-media.propertyfinder.com/project/77119bb6-fdde-482b-9127-1c0ec06d2cf1/gallery/image/8k6ptbG4EZww6NEBl47yNQGpZhEgUYKzBbNZ7Lj1u2M=/medium.webp"", ""https://new-projects-media.propertyfinder.com/project/77119bb6-fdde-482b-9127-1c0ec06d2cf1/gallery/image/_iFmy2iMqbfpOSoZWIPj3bmkBaXgEHZ_73uFkL1cVgU=/medium.webp""]",False,False,25.67808188304,0,55.74006227959,5,,project,2026-02-12T17:46:45.007664+00:00,Fashion TV Acacia
0,new_projects,True,fe3b5254-05ce-4709-ae77-261e179dcf62,"[""https://new-projects-media.propertyfinder.com/project/fe3b5254-05ce-4709-ae77-261e179dcf62/gallery/image/FpoJHQvA5DyPTQZ8BEIRKhOJ6zqwdan187TtuW2gaKc=/medium.webp"", ""https://new-projects-media.propertyfinder.com/project/fe3b5254-05ce-4709-ae77-261e179dcf62/gallery/image/j_5KNr30UYym5N1k4aEgfVGf20l7VMZXOznjw2yFRrE=/medium.webp"", ""https://new-projects-media.propertyfinder.com/project/fe3b5254-05ce-4709-ae77-261e179dcf62/gallery/image/ly770cbnbyGtECL52Id7nu9si6QYyaVTb7MVC9dRcR4=/medium.webp"", ""https://new-projects-media.propertyfinder.com/project/fe3b5254-05ce-4709-ae77-261e179dcf62/gallery/image/DN4VzmEIk4Z63A5DFk1RUEGgVdi6wXMIZJY29h0dW2M=/medium.webp"", ""https://new-projects-media.propertyfinder.com/project/fe3b5254-05ce-4709-ae77-261e179dcf62/gallery/image/1eoKlHnULhFeVMyddjCZejKpjYSDDjbZL_gsjjz3z8M=/medium.webp"", ""https://new-projects-media.propertyfinder.com/project/fe3b5254-05ce-4709-ae77-261e179dcf62/gallery/image/6prBLt32cxLs6BbsVlIthqDeAjJVZhQd3ixTE_ujeOQ=/medium.webp"", ""https://new-projects-media.propertyfinder.com/project/fe3b5254-05ce-4709-ae77-261e179dcf62/gallery/image/Zik4J24d-bGQucYrzLF5MyTSgfPgUPb7Ff09vs-N1lI=/medium.webp"", ""https://new-projects-media.propertyfinder.com/project/fe3b5254-05ce-4709-ae77-261e179dcf62/gallery/image/P04eWr8d-tH93yR6RFK5bvZh0ebDA8ytTw2SnLx3Z1w=/medium.webp"", ""https://new-projects-media.propertyfinder.com/project/fe3b5254-05ce-4709-ae77-261e179dcf62/gallery/image/B-63SvdAGMnxIQbQklknf8LPcT39qNlcWyDOB2Fd7Ms=/medium.webp"", ""https://new-projects-media.propertyfinder.com/project/fe3b5254-05ce-4709-ae77-261e179dcf62/gallery/image/iPkel_AKTZ0bKbi4RF4pVbTRxmAgdbR8xAO3rNL_1Z8=/medium.webp"", ""https://new-projects-media.propertyfinder.com/project/fe3b5254-05ce-4709-ae77-261e179dcf62/gallery/image/rr5ib3T6iKpqTSkFL6pX2vQ0VUtDcVAIJX2Gd79g4w8=/medium.webp""]",False,False,25.2660648212,0,55.2704403761,5,,project,2026-02-12T17:46:45.007664+00:00,IL VENTO
0,new_projects,True,6e275c21-be0e-48c5-81cd-ffad2f9169ed,"[""https://new-projects-media.propertyfinder.com/project/6e275c21-be0e-48c5-81cd-ffad2f9169ed/gallery/image/6NpJILihFGE8fZpFK_HckBtfhJrCSYk463al8B6_4hw=/medium.webp"", ""https://new-projects-media.propertyfinder.com/project/6e275c21-be0e-48c5-81cd-ffad2f9169ed/gallery/image/0dH-Wx_SXpzEvh7d-oTi8ePFV9GIaMFTpWXfnlmIKdQ=/medium.webp"", ""https://new-projects-media.propertyfinder.com/project/6e275c21-be0e-48c5-81cd-ffad2f9169ed/gallery/image/9WaYGlbvu900n_MQ3w6qDWBHLmE891p4YhkZxLrhHHc=/medium.webp"", ""https://new-projects-media.propertyfinder.com/project/6e275c21-be0e-48c5-81cd-ffad2f9169ed/gallery/image/fRzWVa-sEplWspkPpRG1J8Q85ChzZQ6nlCz7w_OzKao=/medium.webp""]",False,False,24.408553585,0,54.3690933,5,,project,2026-02-12T17:46:45.007664+00:00,Nawayef Village
0,new_projects,True,c8cb2cc2-7822-4a75-b988-0c7b44a28538,"[""https://new-projects-media.propertyfinder.com/project/c8cb2cc2-7822-4a75-b988-0c7b44a28538/gallery/image/Np2iAngfT1t-y5NDpIe26hHcX3lJo0ua-Msoq33vg_U=/medium.webp""]",False,False,25.6873364567,0,55.7424629177,5,,project,2026-02-12T17:46:45.007664+00:00,W Hotel & Residences
0,new_projects,True,c3828faa-a7ce-4931-b861-675aa7191902,"[""https://new-projects-media.propertyfinder.com/project/c3828faa-a7ce-4931-b861-675aa7191902/gallery/image/eAZtG6Aw3HWS45prWvlaNSpJ8kMxBGyLZXrXnxBZ2Ao=/medium.webp"", ""https://new-projects-media.propertyfinder.com/project/c3828faa-a7ce-4931-b861-675aa7191902/gallery/image/avgdu5_grGlOZiSlVsW_FiZ5N1Vl_4J3RIrOaq2G_Is=/medium.webp"", ""https://new-projects-media.propertyfinder.com/project/c3828faa-a7ce-4931-b861-675aa7191902/gallery/image/c7HDfRM-r3kRSxvGaTYDeH4Aup37TRBputNKwqsFJfk=/medium.webp"", ""https://new-projects-media.propertyfinder.com/project/c3828faa-a7ce-4931-b861-675aa7191902/gallery/image/PNN6l277NrS85mQQhy8RBHAuPLzaazzb4xO0JWON1Qc=/medium.webp"", ""https://new-projects-media.propertyfinder.com/project/c3828faa-a7ce-4931-b861-675aa7191902/gallery/image/R3sYSQ0CndyS5vV8IvfD4ORtaDioKhIcSa74fPa1ZLA=/medium.webp"", ""https://new-projects-media.propertyfinder.com/project/c3828faa-a7ce-4931-b861-675aa7191902/gallery/image/etLTyloj7_RxVvkcRMeOaki7kw_bXSFwHS1qXgyZ7co=/medium.webp"", ""https://new-projects-media.propertyfinder.com/project/c3828faa-a7ce-4931-b861-675aa7191902/gallery/image/O9D3CN9dKoj6p4IE2RpXk2Vp2yz3lXaJS-noT1SxZ7s=/medium.webp"", ""https://new-projects-media.propertyfinder.com/project/c3828faa-a7ce-4931-b861-675aa7191902/gallery/image/PLDMhsqzWmHOjIPa-_uZeBiUhRRUiX0Fxatk-1doFws=/medium.webp"", ""https://new-projects-media.propertyfinder.com/project/c3828faa-a7ce-4931-b861-675aa7191902/gallery/image/bHzlTHrjSB67ysL87J0GZUMcDPMpHBvYmJI-hX7WZug=/medium.webp""]",False,False,25.27950984791,0,55.25994537116,5,,project,2026-02-12T17:46:45.007664+00:00,Chelsea Residences By DAMAC
0,new_projects,True,febf1c34-2365-4194-8646-1c81a530cc04,"[""https://new-projects-media.propertyfinder.com/project/febf1c34-2365-4194-8646-1c81a530cc04/gallery/image/6XWL2MWwADNf9TIpN0NqxawHgeKqBZ0DtzBnIDKpvbg=/medium.webp"", ""https://new-projects-media.propertyfinder.com/project/febf1c34-2365-4194-8646-1c81a530cc04/gallery/image/ljtqUTuzpfwVb4VXDAkcrp3BkSVB3U4z_VobnXUGSzM=/medium.webp"", ""https://new-projects-media.propertyfinder.com/project/febf1c34-2365-4194-8646-1c81a530cc04/gallery/image/UshgXw0ENdESeetU3WB45O69BEBGa6yqlGjQb5kIYHw=/medium.webp"", ""https://new-projects-media.propertyfinder.com/project/febf1c34-2365-4194-8646-1c81a530cc04/gallery/image/5vIBPhRPussLlbojaew7u56otSGU9M5ckbR72-NqPtw=/medium.webp"", ""https://new-projects-media.propertyfinder.com/project/febf1c34-2365-4194-8646-1c81a530cc04/gallery/image/DtCbYa8HQHnMeLcjjtHcy7sXqAbTCbWoqrnQZDhyqOM=/medium.webp"", ""https://new-projects-media.propertyfinder.com/project/febf1c34-2365-4194-8646-1c81a530cc04/gallery/image/Z_gcaHHvW1i8jQr0DKw8BDwQirwqtbZPDAz64St83Uo=/medium.webp""]",False,False,25.600442,0,55.61789,5,,project,2026-02-12T17:46:45.007664+00:00,Yachtside Marina Residences
0,new_projects,True,e3dbef74-03f1-4d1e-a37f-14160b361a0f,"[""https://new-projects-media.propertyfinder.com/project/e3dbef74-03f1-4d1e-a37f-14160b361a0f/gallery/image/5la4XlmykOkwaTmQ4O7VGHPvFfzuRnGPlpfQbDcHpj0=/medium.webp"", ""https://new-projects-media.propertyfinder.com/project/e3dbef74-03f1-4d1e-a37f-14160b361a0f/gallery/image/I59jfQ_w448gj9B6RCgpb3xWpruKRMxuB4s0UrlKgDE=/medium.webp"", ""https://new-projects-media.propertyfinder.com/project/e3dbef74-03f1-4d1e-a37f-14160b361a0f/gallery/image/YReP9kKUbwT8mYc_6GniNaMWDVzqgbSZKbvwMf3ZOtQ=/medium.webp"", ""https://new-projects-media.propertyfinder.com/project/e3dbef74-03f1-4d1e-a37f-14160b361a0f/gallery/image/hwUDBU1pJLc8cnegHAq7x1yh7Ij2rQDOPHEg44uv_Ng=/medium.webp"", ""https://new-projects-media.propertyfinder.com/project/e3dbef74-03f1-4d1e-a37f-14160b361a0f/gallery/image/NTmM3hkOn-0mTvxRqGr27KtwGHeIw7HOqsc4NjT9tvU=/medium.webp"", ""https://new-projects-media.propertyfinder.com/project/e3dbef74-03f1-4d1e-a37f-14160b361a0f/gallery/image/X_fSM9JcGuBICyaV33Rdt2M6zsjFe-EfkJPvd-UJoCY=/medium.webp"", ""https://new-projects-media.propertyfinder.com/project/e3dbef74-03f1-4d1e-a37f-14160b361a0f/gallery/image/3GZErOz0v4VG8JQB_g9GTA8wD7jd2n3nf8c9HLJPZ0Y=/medium.webp"", ""https://new-projects-media.propertyfinder.com/project/e3dbef74-03f1-4d1e-a37f-14160b361a0f/gallery/image/b6ZVD7VbsQeFb_2WxIm0K6t40IDRbKKuoOtafVnrcUA=/medium.webp""]",False,False,25.0259839884,0,55.1773574577,5,,project,2026-02-12T17:46:45.007664+00:00,Pinewood Village
0,new_projects,True,83ba58b5-fb32-41bf-8728-5fdd59945951,"[""https://new-projects-media.propertyfinder.com/project/83ba58b5-fb32-41bf-8728-5fdd59945951/gallery/image/58_IFikbwGSFRsNz9drCvDEPDtNLsY0apBSujJxsWp4=/medium.webp"", ""https://new-projects-media.propertyfinder.com/project/83ba58b5-fb32-41bf-8728-5fdd59945951/gallery/image/DRgePy_Z1zeso9Rr4OH6S_ty7UON-8niBjvODpyNQmM=/medium.webp"", ""https://new-projects-media.propertyfinder.com/project/83ba58b5-fb32-41bf-8728-5fdd59945951/gallery/image/XTbla6guKSgD-BctIRtw5mBFl5QcIq1gUuh9R4SuCgM=/medium.webp"", ""https://new-projects-media.propertyfinder.com/project/83ba58b5-fb32-41bf-8728-5fdd59945951/gallery/image/N9eaAHOB45E_3OyHCf1oLRtQdbFXy4W1nxHooUArvtM=/medium.webp"", ""https://new-projects-media.propertyfinder.com/project/83ba58b5-fb32-41bf-8728-5fdd59945951/gallery/image/a-Qe52F853HWnaeelzOOUUBWN8IYcqSjPpLtm_bd1TM=/medium.webp""]",False,False,25.14055308753,0,55.13954787116,5,,project,2026-02-12T17:46:45.007664+00:00,The Alba Residences Dorchester Collection
0,new_projects,True,c6edf32a-8723-4b9b-ace7-b5b95f4c61fc,"[""https://new-projects-media.propertyfinder.com/project/c6edf32a-8723-4b9b-ace7-b5b95f4c61fc/gallery/image/ySfwdmlQpB4UV5cxLRr-UrPAlymrL4fIiVzRYfuSPf8=/medium.webp"", ""https://new-projects-media.propertyfinder.com/project/c6edf32a-8723-4b9b-ace7-b5b95f4c61fc/gallery/image/puj05v1c6T7A8AO5EYuaUkd1wVAt6xQCo2ExJqZ4_ps=/medium.webp"", ""https://new-projects-media.propertyfinder.com/project/c6edf32a-8723-4b9b-ace7-b5b95f4c61fc/gallery/image/Edu7YME-S-IGQwqGYUyCM-k9JmNSz-7ZQWDYsFFgq-M=/medium.webp"", ""https://new-projects-media.propertyfinder.com/project/c6edf32a-8723-4b9b-ace7-b5b95f4c61fc/gallery/image/oXrEkjivRIam1gh6tMOCszCDm76rnMvmgZoPld0kngE=/medium.webp"", ""https://new-projects-media.propertyfinder.com/project/c6edf32a-8723-4b9b-ace7-b5b95f4c61fc/gallery/image/ITUP-DLDefXQ_0stPWBD9JNo1-qFd2OmmDbk53vw564=/medium.webp"", ""https://new-projects-media.propertyfinder.com/project/c6edf32a-8723-4b9b-ace7-b5b95f4c61fc/gallery/image/Ncs8xBWXxuN_XN1XQgX-9mKNaWja_iH2Yojdeh9gniE=/medium.webp"", ""https://new-projects-media.propertyfinder.com/project/c6edf32a-8723-4b9b-ace7-b5b95f4c61fc/gallery/image/kun9i7o-nsYwhScgaKbzK1e7cV6SFvjIOUZJpu0rFRo=/medium.webp""]",False,False,25.08921836749,0,55.15053570271,5,,project,2026-02-12T17:46:45.007664+00:00,Six Senses Residences Dubai Marina
0,new_projects,True,4fb467d2-248e-47f5-90b1-4a2cf50b4b45,"[""https://new-projects-media.propertyfinder.com/project/4fb467d2-248e-47f5-90b1-4a2cf50b4b45/gallery/image/w4kpqZrupo3k4AWwjk9mt4eRSommRZ3-24kKOri2-BE=/medium.webp"", ""https://new-projects-media.propertyfinder.com/project/4fb467d2-248e-47f5-90b1-4a2cf50b4b45/gallery/image/NBNBexLRiglpUs7rkhC_ApOKPMOurT0iM_C1KHfyMoI=/medium.webp"", ""https://new-projects-media.propertyfinder.com/project/4fb467d2-248e-47f5-90b1-4a2cf50b4b45/gallery/image/jf0kLl_7kUwRyKBrvtLSYtlMztey_Mp5mLS2uPOwzSI=/medium.webp"", ""https://new-projects-media.propertyfinder.com/project/4fb467d2-248e-47f5-90b1-4a2cf50b4b45/gallery/image/dmvIke7fKTdnsHmIda3MGwlbsKILvVmFXSM5FignAyo=/medium.webp"", ""https://new-projects-media.propertyfinder.com/project/4fb467d2-248e-47f5-90b1-4a2cf50b4b45/gallery/image/PPQVc0M7M4iqpfcu5ff7_RflHl3NcvYux2hfA9KAGog=/medium.webp"", ""https://new-projects-media.propertyfinder.com/project/4fb467d2-248e-47f5-90b1-4a2cf50b4b45/gallery/image/_bGvFQKS5QxrIrJX0Y260ZfcwRT1OiEiZND6qbOWBNU=/medium.webp"", ""https://new-projects-media.propertyfinder.com/project/4fb467d2-248e-47f5-90b1-4a2cf50b4b45/gallery/image/PjV3uA4eNYOVpLfNtGZzzHkgpwqxKXWI7ooysE6Co3o=/medium.webp"", ""https://new-projects-media.propertyfinder.com/project/4fb467d2-248e-47f5-90b1-4a2cf50b4b45/gallery/image/UmlTbeOi97tMm0ZugpXz6Kqv4Actp_PyrYGssLoebRQ=/medium.webp"", ""https://new-projects-media.propertyfinder.com/project/4fb467d2-248e-47f5-90b1-4a2cf50b4b45/gallery/image/KHMGUtuuwcy0Iz7j1EqLe7XAyIsiAPyQIG1oT7-cpP4=/medium.webp"", ""https://new-projects-media.propertyfinder.com/project/4fb467d2-248e-47f5-90b1-4a2cf50b4b45/gallery/image/_YhfqqZDIrYtg66qlLE7gUpQA0fkn7ydfPqvmbFjRvU=/medium.webp""]",False,False,25.2886375868,0,55.2953476491,5,,project,2026-02-12T17:46:45.007664+00:00,Beach Walk Phase 4 by Imtiaz
0,new_projects,True,dbd79068-fef6-4c98-ad9c-0f5d7cd0fc9d,"[""https://new-projects-media.propertyfinder.com/project/dbd79068-fef6-4c98-ad9c-0f5d7cd0fc9d/gallery/image/4tkoUNGynw3N5O275WfIp5A2JUaGrmkfMCD3-tU6Lmo=/medium.webp"", ""https://new-projects-media.propertyfinder.com/project/dbd79068-fef6-4c98-ad9c-0f5d7cd0fc9d/gallery/image/SzxevCS4Jg-6abka9TNDDgqDba4cD9tWpQDKNnkY3lk=/medium.webp"", ""https://new-projects-media.propertyfinder.com/project/dbd79068-fef6-4c98-ad9c-0f5d7cd0fc9d/gallery/image/-PP158zxMu3BDfoJuhIxNvGkeivmwHpc77BF-KWjLHU=/medium.webp"", ""https://new-projects-media.propertyfinder.com/project/dbd79068-fef6-4c98-ad9c-0f5d7cd0fc9d/gallery/image/JEONMXqQz7I4pH_Y5TGneObulgxIJPMg6fCa5lgcT2o=/medium.webp"", ""https://new-projects-media.propertyfinder.com/project/dbd79068-fef6-4c98-ad9c-0f5d7cd0fc9d/gallery/image/azkFq3oQ26Sf7B3lpfzUDZe3dfSUqtANswFNQByTT2o=/medium.webp"", ""https://new-projects-media.propertyfinder.com/project/dbd79068-fef6-4c98-ad9c-0f5d7cd0fc9d/gallery/image/85juKT-3kSOPhCLY-hzm8hWRCpYQJH5DRWaB8ZKRQW4=/medium.webp"", ""https://new-projects-media.propertyfinder.com/project/dbd79068-fef6-4c98-ad9c-0f5d7cd0fc9d/gallery/image/_w_qFLdFUD0B4-177qACNV336O2bNaSX_T83JUCBsGk=/medium.webp"", ""https://new-projects-media.propertyfinder.com/project/dbd79068-fef6-4c98-ad9c-0f5d7cd0fc9d/gallery/image/h1dyyyYpxKM5ux991A1DLTXBWCyge9BdOn9euoztqik=/medium.webp"", ""https://new-projects-media.propertyfinder.com/project/dbd79068-fef6-4c98-ad9c-0f5d7cd0fc9d/gallery/image/vl9_S-GW-OcuDpcHKvGlYiqusAXBVntjTl7CHLXHtR8=/medium.webp""]",False,False,25.20822280956,0,55.25702407116,5,,project,2026-02-12T17:46:45.007664+00:00,City Walk Crestlane 3
0,new_projects,True,50c40402-f8e2-4fe4-9f71-032fa3b07eb6,"[""https://new-projects-media.propertyfinder.com/project/50c40402-f8e2-4fe4-9f71-032fa3b07eb6/gallery/image/Bzf3SpApsHqZNCCsI6nnFA2jUnv0R1pPtUhFqFemePs=/medium.webp"", ""https://new-projects-media.propertyfinder.com/project/50c40402-f8e2-4fe4-9f71-032fa3b07eb6/gallery/image/4dlru-L6kDUty3WioEssCzPnnS82Wb0Df_Rh2c6sO3w=/medium.webp"", ""https://new-projects-media.propertyfinder.com/project/50c40402-f8e2-4fe4-9f71-032fa3b07eb6/gallery/image/0nAYMtHjJh6cBvANqUBAsLNdlrT9qx5nZRzZfPctPlM=/medium.webp"", ""https://new-projects-media.propertyfinder.com/project/50c40402-f8e2-4fe4-9f71-032fa3b07eb6/gallery/image/_UfoTsD_JYY7J809yVfp7e2Pr4bp9gEh_qZOvGDqaG0=/medium.webp"", ""https://new-projects-media.propertyfinder.com/project/50c40402-f8e2-4fe4-9f71-032fa3b07eb6/gallery/image/aBIg3eteq1fEgyVYRm0U197iGTIY66v7i_bz0h7Sx-Q=/medium.webp"", ""https://new-projects-media.propertyfinder.com/project/50c40402-f8e2-4fe4-9f71-032fa3b07eb6/gallery/image/grIbRTnzICHtnqsdZbzNCzsDAS66sWCP2kxDz3gP0hE=/medium.webp"", ""https://new-projects-media.propertyfinder.com/project/50c40402-f8e2-4fe4-9f71-032fa3b07eb6/gallery/image/3ZB5Gtyji8XBkdlwHlXltpXPO3k1ABX0z-RVER8HXFQ=/medium.webp""]",False,False,24.4971834267,0,54.3994305287,5,,project,2026-02-12T17:46:45.007664+00:00,The District
0,new_projects,True,70221034-2ab6-40ee-9baa-857411bfb4fa,"[""https://new-projects-media.propertyfinder.com/project/70221034-2ab6-40ee-9baa-857411bfb4fa/gallery/image/rJEmme59DYpkXGUhQpjPalIxOu39o_Z5GEAFAveHUeg=/medium.webp"", ""https://new-projects-media.propertyfinder.com/project/70221034-2ab6-40ee-9baa-857411bfb4fa/gallery/image/dxs1VLz2FDcLCXTQBDrc1QQ8teyp5y13Sg97W0yecwg=/medium.webp"", ""https://new-projects-media.propertyfinder.com/project/70221034-2ab6-40ee-9baa-857411bfb4fa/gallery/image/k5CtmIX9CmgIwq9NswWeDY7UcmVyhb6I7f3D5AClFks=/medium.webp""]",False,False,25.1755521,0,55.3246742,5,,project,2026-02-12T17:46:45.007664+00:00,The Mansions
0,new_projects,True,a3370d28-e27c-40f8-ac74-d0dfeb1de1ca,"[""https://new-projects-media.propertyfinder.com/project/a3370d28-e27c-40f8-ac74-d0dfeb1de1ca/gallery/image/7tiNFoG_vNtZXmq6Chb3a4e-bxdiPPVb-59-3Kjsjkg=/medium.webp"", ""https://new-projects-media.propertyfinder.com/project/a3370d28-e27c-40f8-ac74-d0dfeb1de1ca/gallery/image/3bbk92psCuaNqSYtGLfay4yLkpw3Us_dwPUGqWmvfH0=/medium.webp"", ""https://new-projects-media.propertyfinder.com/project/a3370d28-e27c-40f8-ac74-d0dfeb1de1ca/gallery/image/rHVW0T62c3M6jdbPIfnn0Wq3JaH7ofQUnjmdbdXWY9Q=/medium.webp"", ""https://new-projects-media.propertyfinder.com/project/a3370d28-e27c-40f8-ac74-d0dfeb1de1ca/gallery/image/P2itBGlnlFr-rMLPQpymOjS8EmSbnnujMx-H1IFJp_Q=/medium.webp"", ""https://new-projects-media.propertyfinder.com/project/a3370d28-e27c-40f8-ac74-d0dfeb1de1ca/gallery/image/7T7sE3CaM47IyFeUgSX0ATJEiGZLIojY8yuZ1zeXgXI=/medium.webp"", ""https://new-projects-media.propertyfinder.com/project/a3370d28-e27c-40f8-ac74-d0dfeb1de1ca/gallery/image/iJKUF5nnLu0z8vObGd9s7wunmApJ9w6UIl1TXBXOvUs=/medium.webp"", ""https://new-projects-media.propertyfinder.com/project/a3370d28-e27c-40f8-ac74-d0dfeb1de1ca/gallery/image/UN5fxXya220XpuVwS7tFVVGyxT5xzprCDD7Y-GCKcxo=/medium.webp"", ""https://new-projects-media.propertyfinder.com/project/a3370d28-e27c-40f8-ac74-d0dfeb1de1ca/gallery/image/dote1D7MEPawq5Pxp3Wog-MHoWhiSP6MDjdwVldZNmU=/medium.webp"", ""https://new-projects-media.propertyfinder.com/project/a3370d28-e27c-40f8-ac74-d0dfeb1de1ca/gallery/image/JLurkPw3glSvh9t9ja8JPTpv3_-S4uDjEXEjGEQtEIM=/medium.webp""]",False,False,25.05119367164,0,55.30225948942,5,,project,2026-02-12T17:46:45.007664+00:00,The Acres Phase 2
0,new_projects,True,0c65a2b7-4ebb-46ab-84f5-482cae4af88e,"[""https://new-projects-media.propertyfinder.com/project/0c65a2b7-4ebb-46ab-84f5-482cae4af88e/gallery/image/8FIBo9b8YarRH92thFjIYj7n7-pXFEAtnCLy996Nmyk=/medium.webp"", ""https://new-projects-media.propertyfinder.com/project/0c65a2b7-4ebb-46ab-84f5-482cae4af88e/gallery/image/qgYwSJJXdikJPZ1R2lEQ0j2uKFAstNSZRPf9TF8G3ks=/medium.webp"", ""https://new-projects-media.propertyfinder.com/project/0c65a2b7-4ebb-46ab-84f5-482cae4af88e/gallery/image/o_SUJ_dWzyTz3Ia5QBljxTw5DE0Zrxg24pZ3yRSdrJE=/medium.webp"", ""https://new-projects-media.propertyfinder.com/project/0c65a2b7-4ebb-46ab-84f5-482cae4af88e/gallery/image/FSrqtPeU9ZzsfOoLmokChWo7M3DYsOCez_DzUNAwbw0=/medium.webp"", ""https://new-projects-media.propertyfinder.com/project/0c65a2b7-4ebb-46ab-84f5-482cae4af88e/gallery/image/vHW2EFNHhEur2BkJkXPV7zV38JEuihKWEkzhx3eTpcE=/medium.webp"", ""https://new-projects-media.propertyfinder.com/project/0c65a2b7-4ebb-46ab-84f5-482cae4af88e/gallery/image/5k5p6Emg2eUvpqTgH6BwPjU1aknFME3GMpNHqo1epIo=/medium.webp"", ""https://new-projects-media.propertyfinder.com/project/0c65a2b7-4ebb-46ab-84f5-482cae4af88e/gallery/image/gqFjOx6g4V4g_EVUH77-yZDaKuMDYTGUzkt6XwlwlEc=/medium.webp"", ""https://new-projects-media.propertyfinder.com/project/0c65a2b7-4ebb-46ab-84f5-482cae4af88e/gallery/image/wv5_JPhNdCPgJgJNz2V-NLol1ZwpF19LFmn1n5PA448=/medium.webp"", ""https://new-projects-media.propertyfinder.com/project/0c65a2b7-4ebb-46ab-84f5-482cae4af88e/gallery/image/8iqpJpL93X0lp5K90boUivEQ_VaQtljtQarJq6PLZhk=/medium.webp"", ""https://new-projects-media.propertyfinder.com/project/0c65a2b7-4ebb-46ab-84f5-482cae4af88e/gallery/image/XRb0YH_mHBV8QTgNI6aNgwRMXtYTw-8H0ttNJB3Oa70=/medium.webp"", ""https://new-projects-media.propertyfinder.com/project/0c65a2b7-4ebb-46ab-84f5-482cae4af88e/gallery/image/wGHWcqUoLvLz5eyHpCv0MFji8Gkc8h-ggU76P0mbIkM=/medium.webp""]",False,False,25.687821816,0,55.731733796,5,,project,2026-02-12T17:46:45.007664+00:00,Gianfranco Ferré Residences
0,new_projects,True,6b99381a-d869-4325-b76d-96ab2fb3b241,"[""https://new-projects-media.propertyfinder.com/project/6b99381a-d869-4325-b76d-96ab2fb3b241/gallery/image/WNpQkawZTlEF-TPIVdjLkCnWHuIaiyHmRrdljjxNj2Y=/medium.webp"", ""https://new-projects-media.propertyfinder.com/project/6b99381a-d869-4325-b76d-96ab2fb3b241/gallery/image/al5h0Gq2NqZ1MbXa7nThEVAsZgn-5uHg4KtzzAukh7I=/medium.webp"", ""https://new-projects-media.propertyfinder.com/project/6b99381a-d869-4325-b76d-96ab2fb3b241/gallery/image/CxOKw5JwhjDk7ukeaBaeDevnBK0ZdtvRxPKe3QQy66Q=/medium.webp"", ""https://new-projects-media.propertyfinder.com/project/6b99381a-d869-4325-b76d-96ab2fb3b241/gallery/image/JgpY64OpfDgt5s2e91OJqmGbUazy_GkrxCP-5EGfUbA=/medium.webp"", ""https://new-projects-media.propertyfinder.com/project/6b99381a-d869-4325-b76d-96ab2fb3b241/gallery/image/BboDDqSmyJLiQoetVC9XG2dgbxdlQ07UhR-WyGooekA=/medium.webp"", ""https://new-projects-media.propertyfinder.com/project/6b99381a-d869-4325-b76d-96ab2fb3b241/gallery/image/2ho6a9gjU8PW4XXGdQT_9U8Mczqw3emyG1FEvDjElAc=/medium.webp"", ""https://new-projects-media.propertyfinder.com/project/6b99381a-d869-4325-b76d-96ab2fb3b241/gallery/image/daHIqg0qkBKNZ3NUXu1aRONvyBn_iz7m4F_zb-AtkCk=/medium.webp""]",False,False,24.8481170687,0,55.138661627,5,,project,2026-02-12T17:46:45.007664+00:00,Greenspoint Phase 2 By Emaar
0,new_projects,True,0a943d0a-71b3-4954-b29b-117f180a1cd9,"[""https://new-projects-media.propertyfinder.com/project/0a943d0a-71b3-4954-b29b-117f180a1cd9/gallery/image/oEvqNQuJRWNzcDCrdwUgfIeHBivq0if-jDo69TEyti0=/medium.webp"", ""https://new-projects-media.propertyfinder.com/project/0a943d0a-71b3-4954-b29b-117f180a1cd9/gallery/image/T6UhqBj_t4zD3gsKMZvjkJZ-iX0Jrf_OD8zCh4z245o=/medium.webp"", ""https://new-projects-media.propertyfinder.com/project/0a943d0a-71b3-4954-b29b-117f180a1cd9/gallery/image/sjfMBtZ4kbwtKcDYH3w9WACV5czsx5vwGBRzFCrUNLg=/medium.webp"", ""https://new-projects-media.propertyfinder.com/project/0a943d0a-71b3-4954-b29b-117f180a1cd9/gallery/image/mnoYmdxPyfuqTvm7SZvAWp8oBPiO5drJWJRBObsQIBQ=/medium.webp"", ""https://new-projects-media.propertyfinder.com/project/0a943d0a-71b3-4954-b29b-117f180a1cd9/gallery/image/i7HxpJpG-RWoW4G7pTMul2yo3peEX99SUAhkyzeKcDI=/medium.webp"", ""https://new-projects-media.propertyfinder.com/project/0a943d0a-71b3-4954-b29b-117f180a1cd9/gallery/image/UW3QlUMYaNfIMxOVm-d9-sS4UEI2kQITfbaDpr3l8BQ=/medium.webp"", ""https://new-projects-media.propertyfinder.com/project/0a943d0a-71b3-4954-b29b-117f180a1cd9/gallery/image/efU6EQIRPXHioOwZM5TTTqs_2NEMgpq9WCg0q8J8tnE=/medium.webp"", ""https://new-projects-media.propertyfinder.com/project/0a943d0a-71b3-4954-b29b-117f180a1cd9/gallery/image/m_xvEDNHTq9nu_TKkQIH2aMh6o6yrUlyDXdMZotNBN4=/medium.webp""]",False,False,25.2984414973,0,55.2950434288,5,,project,2026-02-12T17:46:45.007664+00:00,Villa del Gavi
0,new_projects,True,e5365496-0a45-4d98-a354-ae9a9a78ddfe,"[""https://new-projects-media.propertyfinder.com/project/e5365496-0a45-4d98-a354-ae9a9a78ddfe/gallery/image/yuNWHxx-7_5Sk-X_OFmavE7ITsa3vdQhLVZlLzQnpyE=/medium.webp"", ""https://new-projects-media.propertyfinder.com/project/e5365496-0a45-4d98-a354-ae9a9a78ddfe/gallery/image/lUVPDAQJ6N6EwGIubMhHRFnU8iac-isYcwWUnECqdj8=/medium.webp"", ""https://new-projects-media.propertyfinder.com/project/e5365496-0a45-4d98-a354-ae9a9a78ddfe/gallery/image/GvMKBzCid7Ogi2UFP0xQiQN1iZfp_gXg_GuPgKd9lfo=/medium.webp"", ""https://new-projects-media.propertyfinder.com/project/e5365496-0a45-4d98-a354-ae9a9a78ddfe/gallery/image/l6Jt4UfFAPw4XGu7jU4Q69pPr56LABPr35VPHsPh7OY=/medium.webp"", ""https://new-projects-media.propertyfinder.com/project/e5365496-0a45-4d98-a354-ae9a9a78ddfe/gallery/image/nVgUJtgXDsKAtjJ4_-I1pPAJRWV8ez6LkZISAo8PEdo=/medium.webp"", ""https://new-projects-media.propertyfinder.com/project/e5365496-0a45-4d98-a354-ae9a9a78ddfe/gallery/image/osC0-GZNz9ebRlNdkzPfQBpe-gsD_QgFiE075datD-g=/medium.webp"", ""https://new-projects-media.propertyfinder.com/project/e5365496-0a45-4d98-a354-ae9a9a78ddfe/gallery/image/7k-huZbANWV5f80a_zfOIxDpzXMd_7WQUogsD9iQNXY=/medium.webp"", ""https://new-projects-media.propertyfinder.com/project/e5365496-0a45-4d98-a354-ae9a9a78ddfe/gallery/image/eSrSngjj4K2Qs4Cw47Z-KLG0IlNWadviyPEJt44uvwI=/medium.webp"", ""https://new-projects-media.propertyfinder.com/project/e5365496-0a45-4d98-a354-ae9a9a78ddfe/gallery/image/h4EejbdNk4QKhUti8EP9U2BrkQ58Ao28XS-Ax7ERkBo=/medium.webp"", ""https://new-projects-media.propertyfinder.com/project/e5365496-0a45-4d98-a354-ae9a9a78ddfe/gallery/image/al9kl5q1ym93y7p3H4JkC-ViNoBbxWOwqOJMjgHM4aQ=/medium.webp"", ""https://new-projects-media.propertyfinder.com/project/e5365496-0a45-4d98-a354-ae9a9a78ddfe/gallery/image/84NNVWqOlaL7cHobdvRIn0gVyiZU6h1oT_a0FHDcCfY=/medium.webp"", ""https://new-projects-media.propertyfinder.com/project/e5365496-0a45-4d98-a354-ae9a9a78ddfe/gallery/image/ooVhkxh8I_i1OV_jAuOdpG9pC6GIIpzphrYLwQ6JfG8=/medium.webp""]",False,False,25.0675985,0,55.146096,6,,project,2026-02-12T17:46:48.129423+00:00,The West Residence at Serenia District
0,new_projects,True,268cf7b3-1520-4916-b4a9-a9b363e1734a,"[""https://new-projects-media.propertyfinder.com/project/268cf7b3-1520-4916-b4a9-a9b363e1734a/gallery/image/o6ZOL3ezKSyFpYkkdV-xtQkHFR02Q3tLG602vV7msso=/medium.webp"", ""https://new-projects-media.propertyfinder.com/project/268cf7b3-1520-4916-b4a9-a9b363e1734a/gallery/image/fZ3zl6eND1QGLXoWQIp4URlH--e9p-bZqYX-i482caY=/medium.webp"", ""https://new-projects-media.propertyfinder.com/project/268cf7b3-1520-4916-b4a9-a9b363e1734a/gallery/image/nY1cXQ91rMeVcrRtl7b7w30oRdy7h0B-UP9v60yE1fY=/medium.webp"", ""https://new-projects-media.propertyfinder.com/project/268cf7b3-1520-4916-b4a9-a9b363e1734a/gallery/image/6adXtoYjsWvTPpbuzAn1BtI_CJvSskTmiPdskojgO3Y=/medium.webp"", ""https://new-projects-media.propertyfinder.com/project/268cf7b3-1520-4916-b4a9-a9b363e1734a/gallery/image/jmI_Aau33IMC1yz_drXPv_FVzUmvGhXocuXchFDFkl4=/medium.webp"", ""https://new-projects-media.propertyfinder.com/project/268cf7b3-1520-4916-b4a9-a9b363e1734a/gallery/image/qtmRUR1uz_6RV1L19mH5Gwi9accMQFeKhqiYG_gDUBk=/medium.webp""]",False,False,24.50059157497,0,54.39403027496,6,,project,2026-02-12T17:46:48.129423+00:00,Renad Tower
0,new_projects,True,f78544fd-419d-4ec6-bf9f-d1ba1eb51034,"[""https://new-projects-media.propertyfinder.com/project/f78544fd-419d-4ec6-bf9f-d1ba1eb51034/gallery/image/j78NuuUfzrZROq80vDP9xsrmxt1X1uibPB6G714c7Vc=/medium.webp""]",False,False,25.2083616771,0,55.25760318651,6,,project,2026-02-12T17:46:48.129423+00:00,City Walk Phase 3 By Meraas
0,new_projects,True,2a1d8a3e-af42-45f7-b9d5-9d77dd73c448,"[""https://new-projects-media.propertyfinder.com/project/2a1d8a3e-af42-45f7-b9d5-9d77dd73c448/gallery/image/qPq6_g_AAat7NhdJyhkp2fHJu3P0h5b0sccKNHESp1w=/medium.webp"", ""https://new-projects-media.propertyfinder.com/project/2a1d8a3e-af42-45f7-b9d5-9d77dd73c448/gallery/image/DlzNQxEOKsf9ud5VM0Wiebc-L7yJcU1vy6tdIgKsZTk=/medium.webp"", ""https://new-projects-media.propertyfinder.com/project/2a1d8a3e-af42-45f7-b9d5-9d77dd73c448/gallery/image/bsLRwmeATJ6wzQEC-U3dZ9CAw4kzTzkpdzMa06PAtbk=/medium.webp"", ""https://new-projects-media.propertyfinder.com/project/2a1d8a3e-af42-45f7-b9d5-9d77dd73c448/gallery/image/fbemrxKgcSjlfOZfWt06LNSuXh2rSs6UrRowPRpmQBE=/medium.webp"", ""https://new-projects-media.propertyfinder.com/project/2a1d8a3e-af42-45f7-b9d5-9d77dd73c448/gallery/image/h1o4gj12fqc3Tp575P10k1p69LwQv570pQvbhpbR8W0=/medium.webp"", ""https://new-projects-media.propertyfinder.com/project/2a1d8a3e-af42-45f7-b9d5-9d77dd73c448/gallery/image/CaKn4JGqLMZaMl5KgCxjdYXosaJHbnFtT9LGXtQ4sLI=/medium.webp"", ""https://new-projects-media.propertyfinder.com/project/2a1d8a3e-af42-45f7-b9d5-9d77dd73c448/gallery/image/Re1UTpUNrCRKf-lwfmlKQs6IXeC2GY-EdPwM_jbNlR8=/medium.webp"", ""https://new-projects-media.propertyfinder.com/project/2a1d8a3e-af42-45f7-b9d5-9d77dd73c448/gallery/image/WmvPhXC1Bb5bUNh7dn4VMEClP-LX6mC2wwLZ-npUjNs=/medium.webp"", ""https://new-projects-media.propertyfinder.com/project/2a1d8a3e-af42-45f7-b9d5-9d77dd73c448/gallery/image/NcYhGhgPMHwkQjMQY3GOaDyJ8AO5ZKn1SCP69JTnUqg=/medium.webp""]",False,False,25.61814257847,0,55.63696560272,6,,project,2026-02-12T17:46:48.129423+00:00,Florine Beach Residences
0,new_projects,True,dc5b9247-622d-429a-a4dc-31848860049d,"[""https://new-projects-media.propertyfinder.com/project/dc5b9247-622d-429a-a4dc-31848860049d/gallery/image/sJ0Y1EFMWalbNEz60VJCn0UoDhd_LcSMzPusN7oxTrs=/medium.webp"", ""https://new-projects-media.propertyfinder.com/project/dc5b9247-622d-429a-a4dc-31848860049d/gallery/image/Tgk44tnNca7CxpFTyxOVGcexHzKG0PH2bl6A_4b0Stg=/medium.webp"", ""https://new-projects-media.propertyfinder.com/project/dc5b9247-622d-429a-a4dc-31848860049d/gallery/image/MbfK2oiyRoQUeypmOX6E9BuRWm02RcxtAJc1FMr0S9A=/medium.webp"", ""https://new-projects-media.propertyfinder.com/project/dc5b9247-622d-429a-a4dc-31848860049d/gallery/image/4FkUAyqwurigGRPOCiJPt9Offymedmf4L0xiFcrjDhQ=/medium.webp"", ""https://new-projects-media.propertyfinder.com/project/dc5b9247-622d-429a-a4dc-31848860049d/gallery/image/KEBrjSUQP51Ds0Wz6LolePKDTh7P7d-13kW9CE69qzs=/medium.webp"", ""https://new-projects-media.propertyfinder.com/project/dc5b9247-622d-429a-a4dc-31848860049d/gallery/image/M-LIjuEhHXQyvf-4MKBjL2Rbx_wOkwpfHwEcM-7LyYI=/medium.webp"", ""https://new-projects-media.propertyfinder.com/project/dc5b9247-622d-429a-a4dc-31848860049d/gallery/image/KUdhmt_1xwFW48biPyytEV5Mk_vLLOrevHBNx7g8j4w=/medium.webp"", ""https://new-projects-media.propertyfinder.com/project/dc5b9247-622d-429a-a4dc-31848860049d/gallery/image/f7-3InleaBqNw58v1l5diYGlRcpEW16IztK_gqzVXk0=/medium.webp"", ""https://new-projects-media.propertyfinder.com/project/dc5b9247-622d-429a-a4dc-31848860049d/gallery/image/BtBytq20XKmsuEhYFgQLzIx1NKaGm_gJCJSwXY-wh2c=/medium.webp""]",False,False,25.09277943323,0,55.3067958355,6,,project,2026-02-12T17:46:48.129423+00:00,Taormina Village
0,new_projects,True,f17b247f-a073-4d59-8583-1d24d9bf5147,"[""https://new-projects-media.propertyfinder.com/project/f17b247f-a073-4d59-8583-1d24d9bf5147/gallery/image/_ZdA7cseWQujhbxOQU1R9oGdDgpK8g7rz9jVt2crLHA=/medium.webp"", ""https://new-projects-media.propertyfinder.com/project/f17b247f-a073-4d59-8583-1d24d9bf5147/gallery/image/Vglad_RDU5MBeQwsT_hf9pNfHv2yCcvQIVmQBPyIH7Y=/medium.webp"", ""https://new-projects-media.propertyfinder.com/project/f17b247f-a073-4d59-8583-1d24d9bf5147/gallery/image/8W4bGqsrtyDaMyfgfh_QszpX-8Foem14D--DOSB0iYk=/medium.webp"", ""https://new-projects-media.propertyfinder.com/project/f17b247f-a073-4d59-8583-1d24d9bf5147/gallery/image/B0V2WKGyF8mgIEZW7c3DiwqfYFSfpa30xzr7z9zyDA4=/medium.webp"", ""https://new-projects-media.propertyfinder.com/project/f17b247f-a073-4d59-8583-1d24d9bf5147/gallery/image/79JIwLnkMhxylWRuW-RDIsaVwvzwmLS9bITGa7IFYdU=/medium.webp"", ""https://new-projects-media.propertyfinder.com/project/f17b247f-a073-4d59-8583-1d24d9bf5147/gallery/image/PVKhUFoZeuhBj7M3WqZ6Dk1d7UOOGlEkqq6Yw_YcG0U=/medium.webp"", ""https://new-projects-media.propertyfinder.com/project/f17b247f-a073-4d59-8583-1d24d9bf5147/gallery/image/lrhEGiEVB1WPpElpxac0yyRHPx9K1X0T5dwONNOAk4s=/medium.webp"", ""https://new-projects-media.propertyfinder.com/project/f17b247f-a073-4d59-8583-1d24d9bf5147/gallery/image/vzaSOy6uI3BMIypNuBCwbndwC1zkrwrYKN4SmjktZHU=/medium.webp""]",False,False,25.03502,0,55.310369,6,,project,2026-02-12T17:46:48.129423+00:00,Damac Islands Phase 2
0,new_projects,True,38898e7a-0e53-4150-b9de-e043b3b40880,"[""https://new-projects-media.propertyfinder.com/project/38898e7a-0e53-4150-b9de-e043b3b40880/gallery/image/q7TMi8Gs5MWOBdcejybLPuijNjNf2GKr9D_AMB6iuJM=/medium.webp""]",False,False,25.05802,0,55.313287,6,,project,2026-02-12T17:46:48.129423+00:00,Tempo Residence
0,new_projects,True,d887bf77-23c3-4238-ba16-a447e850f98c,"[""https://new-projects-media.propertyfinder.com/project/d887bf77-23c3-4238-ba16-a447e850f98c/gallery/image/7kF4x4ZTd0I36FyUwdcGda1CbR7FkyqJfrNonSVD0e0=/medium.webp"", ""https://new-projects-media.propertyfinder.com/project/d887bf77-23c3-4238-ba16-a447e850f98c/gallery/image/syWYMNSfLIcQTKJy7XDfxq_iSK-zG1tl3MTopBgkqUo=/medium.webp"", ""https://new-projects-media.propertyfinder.com/project/d887bf77-23c3-4238-ba16-a447e850f98c/gallery/image/8RWt3ghFosrQtmPBSQXoT9AuQdWSWLz_pMWBkH4QtxY=/medium.webp""]",False,False,25.056203,0,55.311879,6,,project,2026-02-12T17:46:48.129423+00:00,Neon Tower
0,new_projects,True,d48fa591-d922-4ba8-8399-374eae105498,"[""https://new-projects-media.propertyfinder.com/project/d48fa591-d922-4ba8-8399-374eae105498/gallery/image/Y1a8wsga_b1WMPSipB_ozfN1DivdcnRmbEloGUYkDx4=/medium.webp"", ""https://new-projects-media.propertyfinder.com/project/d48fa591-d922-4ba8-8399-374eae105498/gallery/image/xe0z2JB01tXzVjC3wPB7fZISN3GrfNbrMcVE-9s1Nok=/medium.webp"", ""https://new-projects-media.propertyfinder.com/project/d48fa591-d922-4ba8-8399-374eae105498/gallery/image/rtHOepofN0UtF6CoPxZvcx9RJhdXWBCCiAsZxBXw-Hc=/medium.webp"", ""https://new-projects-media.propertyfinder.com/project/d48fa591-d922-4ba8-8399-374eae105498/gallery/image/u0q6VpUlTpBJysJLTtJk66u0e01aLPOSBVrKC4gQBBk=/medium.webp"", ""https://new-projects-media.propertyfinder.com/project/d48fa591-d922-4ba8-8399-374eae105498/gallery/image/oyh6A6c3_DUpp3RY0WPNvX8IsOQTRjzJY_fY8QKMuV0=/medium.webp"", ""https://new-projects-media.propertyfinder.com/project/d48fa591-d922-4ba8-8399-374eae105498/gallery/image/9kpuAEAxkASpiSUSUhZM9nYlsgvYxarvxvAwHK-OQZ4=/medium.webp"", ""https://new-projects-media.propertyfinder.com/project/d48fa591-d922-4ba8-8399-374eae105498/gallery/image/mbkW1oHM8SHtf_G3P92LlmplIGDmgsrdTunwNrxhqSI=/medium.webp"", ""https://new-projects-media.propertyfinder.com/project/d48fa591-d922-4ba8-8399-374eae105498/gallery/image/O8OHTBDi2YfyPUGeNFWHo6g85U6g6xkW3hnNbpv0FUE=/medium.webp"", ""https://new-projects-media.propertyfinder.com/project/d48fa591-d922-4ba8-8399-374eae105498/gallery/image/GYNaRhMEzd6LYu6z-yhbutBbaOcHH-5NUFU7lWIU1yk=/medium.webp"", ""https://new-projects-media.propertyfinder.com/project/d48fa591-d922-4ba8-8399-374eae105498/gallery/image/Bi748oaQE07BEkRBHesRd9yYjFg-oXlhq3dLyGDNZS8=/medium.webp"", ""https://new-projects-media.propertyfinder.com/project/d48fa591-d922-4ba8-8399-374eae105498/gallery/image/TrvZC2Puf__yiIoOdcK2uwC2V86jURUDSOQv3rVxDfc=/medium.webp"", ""https://new-projects-media.propertyfinder.com/project/d48fa591-d922-4ba8-8399-374eae105498/gallery/image/QIAjjfXx49rl0J-IrzFlBy81AKG3BuvHTaYYq6MgVeE=/medium.webp""]",False,False,24.5223193,0,54.6259474,6,,project,2026-02-12T17:46:48.129423+00:00,Hilton Residences Abu Dhabi Al Raha
0,new_projects,True,fc417128-fb08-459c-8104-490e8f720f85,"[""https://new-projects-media.propertyfinder.com/project/fc417128-fb08-459c-8104-490e8f720f85/gallery/image/Tamqkw5MGoi7oHx_J5zRPvhf0WXckCsZU9TmkPP9q7w=/medium.webp"", ""https://new-projects-media.propertyfinder.com/project/fc417128-fb08-459c-8104-490e8f720f85/gallery/image/ux6gv9CimEtXgKepa6oD0H3TBvRw-W6LlsN67aSY0x0=/medium.webp"", ""https://new-projects-media.propertyfinder.com/project/fc417128-fb08-459c-8104-490e8f720f85/gallery/image/TsxcudEcQMjnNrXc0cci4tnyS-6FQItUUN8gXnvYen0=/medium.webp"", ""https://new-projects-media.propertyfinder.com/project/fc417128-fb08-459c-8104-490e8f720f85/gallery/image/vbVZmz1Bd49iZy586udge9YQFqy-8GZKuJwvSmSOC5U=/medium.webp"", ""https://new-projects-media.propertyfinder.com/project/fc417128-fb08-459c-8104-490e8f720f85/gallery/image/LJX_jSSuBzNDG4hhqTT8nOgMk7WFgEUqxrGUd7SoPRc=/medium.webp"", ""https://new-projects-media.propertyfinder.com/project/fc417128-fb08-459c-8104-490e8f720f85/gallery/image/K5R_QUHvjq_kzWkS9bOPsau4p0C49PyP5VwMm-fnPPk=/medium.webp"", ""https://new-projects-media.propertyfinder.com/project/fc417128-fb08-459c-8104-490e8f720f85/gallery/image/C4qdxuPtGxFOMrbwvN-w9z3CC27WOA0bkED27S8yTVc=/medium.webp"", ""https://new-projects-media.propertyfinder.com/project/fc417128-fb08-459c-8104-490e8f720f85/gallery/image/DML2WfT-SXW1lM8bYjMV0nU47eP9C5rnzEqVRZ9taAw=/medium.webp"", ""https://new-projects-media.propertyfinder.com/project/fc417128-fb08-459c-8104-490e8f720f85/gallery/image/dRU38gHXeaKFzn-FzuYoJHWLvlvuBvkzNqdBA8VlOAc=/medium.webp"", ""https://new-projects-media.propertyfinder.com/project/fc417128-fb08-459c-8104-490e8f720f85/gallery/image/dbbvg8NzKyhEXCqKerSkxinR2oKiOtbu8ifsQ3BAeIw=/medium.webp"", ""https://new-projects-media.propertyfinder.com/project/fc417128-fb08-459c-8104-490e8f720f85/gallery/image/KDIpb1O9lHCah3ZwSnJxKNNzZajd1kbPuONVDR26Wxc=/medium.webp"", ""https://new-projects-media.propertyfinder.com/project/fc417128-fb08-459c-8104-490e8f720f85/gallery/image/-LHeeBL2WfnH_JPNQv8XJ3dEPvG8PyR8bumrPfQjpAg=/medium.webp""]",False,False,25.2182542,0,55.2977618,6,,project,2026-02-12T17:46:48.129423+00:00,The Residences DIFC
0,new_projects,True,1c6b87b0-a0fe-4ffd-bf2b-016f110376f7,"[""https://new-projects-media.propertyfinder.com/project/1c6b87b0-a0fe-4ffd-bf2b-016f110376f7/gallery/image/6LT0QqlkoAyczInzBXBV-B-TDw4kJtUM5jTYRwUcq8k=/medium.webp"", ""https://new-projects-media.propertyfinder.com/project/1c6b87b0-a0fe-4ffd-bf2b-016f110376f7/gallery/image/cLXciJtIatRS_72cu3L1cJCZjpBElhe5Hw6Pz1mUwwo=/medium.webp"", ""https://new-projects-media.propertyfinder.com/project/1c6b87b0-a0fe-4ffd-bf2b-016f110376f7/gallery/image/95fzerwWGvYQ9U6eHB7pxEWDTEq7dY0QqZxLhVkhAws=/medium.webp"", ""https://new-projects-media.propertyfinder.com/project/1c6b87b0-a0fe-4ffd-bf2b-016f110376f7/gallery/image/U1y8Kc5Cn67n0kDbqUsLGWko_hum50OsS4dlW0dj7Pg=/medium.webp"", ""https://new-projects-media.propertyfinder.com/project/1c6b87b0-a0fe-4ffd-bf2b-016f110376f7/gallery/image/6WR0Tt_msdSDdM_Alnt2ZKEpn81IKDpI8jFXzEqMtfs=/medium.webp"", ""https://new-projects-media.propertyfinder.com/project/1c6b87b0-a0fe-4ffd-bf2b-016f110376f7/gallery/image/3VR02EKHmDklYEVy4K4UOS5zFTgyIiHHyRXpshdjueg=/medium.webp"", ""https://new-projects-media.propertyfinder.com/project/1c6b87b0-a0fe-4ffd-bf2b-016f110376f7/gallery/image/PM0dwEtxi-Fd6saBLlXpglrwMdAjZo5tKg0uj9WA0Ow=/medium.webp""]",False,False,25.11295847,0,55.25711328,6,,project,2026-02-12T17:46:48.129423+00:00,Avra and Aurora
0,new_projects,True,2835e063-c3c1-4d00-a260-47112e5832cd,"[""https://new-projects-media.propertyfinder.com/project/2835e063-c3c1-4d00-a260-47112e5832cd/gallery/image/ZC0hiQtFmVvMwvdWFqMPrA7wTEbsQkFDj4LDaKuqRWc=/medium.webp"", ""https://new-projects-media.propertyfinder.com/project/2835e063-c3c1-4d00-a260-47112e5832cd/gallery/image/Pb-1WUh9hzNPPvJdYpDUDhl0GMCA-jb9qtB1jNJyPJQ=/medium.webp"", ""https://new-projects-media.propertyfinder.com/project/2835e063-c3c1-4d00-a260-47112e5832cd/gallery/image/8z0zBZCrSRe10_I3m4S1-Avf8iVwJvYq5HsfP_B7kRc=/medium.webp"", ""https://new-projects-media.propertyfinder.com/project/2835e063-c3c1-4d00-a260-47112e5832cd/gallery/image/euJ6Or--mAFbuMKST0fxMOqx80skji_B3PO4a2xUtx4=/medium.webp"", ""https://new-projects-media.propertyfinder.com/project/2835e063-c3c1-4d00-a260-47112e5832cd/gallery/image/mky1Vv0a4UnWGtAPrUhtFhbux5v6KzycVlub2A0OAN8=/medium.webp"", ""https://new-projects-media.propertyfinder.com/project/2835e063-c3c1-4d00-a260-47112e5832cd/gallery/image/MSLD1nrvRQ_rD5VrQpLORFcA0NqM-ykjNmaRrbjcYjQ=/medium.webp"", ""https://new-projects-media.propertyfinder.com/project/2835e063-c3c1-4d00-a260-47112e5832cd/gallery/image/3zaVX88nrxe_4DNMWh_3LzP7pJZPXiG_b6bb5EJmy2A=/medium.webp""]",False,False,25.28768081418,0,55.30014457302,6,,project,2026-02-12T17:46:48.129423+00:00,Tomorrow 166
0,new_projects,True,f16ec023-4147-4046-9377-5f722ae35405,"[""https://new-projects-media.propertyfinder.com/project/f16ec023-4147-4046-9377-5f722ae35405/gallery/image/RzwVMDMFjErYnLtMNYsGAWm8NK-LBvlY-Sk3ffMlX-Q=/medium.webp"", ""https://new-projects-media.propertyfinder.com/project/f16ec023-4147-4046-9377-5f722ae35405/gallery/image/KoSVZ2erILEd5yAipk-YoU1uO1UF659-7vMWMeYh0iE=/medium.webp"", ""https://new-projects-media.propertyfinder.com/project/f16ec023-4147-4046-9377-5f722ae35405/gallery/image/fKbAAcUcdVWZ7jHORPtKOavkIbxo8WXKzfINhE1a3hc=/medium.webp"", ""https://new-projects-media.propertyfinder.com/project/f16ec023-4147-4046-9377-5f722ae35405/gallery/image/_uQD-zfA8FBTZHIvb4_FTPOzGNtxA812RxPzIACPjEk=/medium.webp"", ""https://new-projects-media.propertyfinder.com/project/f16ec023-4147-4046-9377-5f722ae35405/gallery/image/eC8ZpzVZU66qoGv0ZF8Ty5uefPmstmv-oIzYEAqzMms=/medium.webp""]",False,False,24.53925216817,0,54.45261432748,6,,project,2026-02-12T17:46:48.129423+00:00,Saadiyat Lagoons Phase 2 By Aldar
0,new_projects,True,d76db591-f725-4c29-81eb-c05c4025708e,"[""https://new-projects-media.propertyfinder.com/project/d76db591-f725-4c29-81eb-c05c4025708e/gallery/image/JIoHIw9_zSxmN-sehAHqZ50TXStIz8dTdjAHZVA39fc=/medium.webp"", ""https://new-projects-media.propertyfinder.com/project/d76db591-f725-4c29-81eb-c05c4025708e/gallery/image/dA-6-p0UMl9l-v7JdBpozGdXU1WSnG2Gyp1BZGXvdzs=/medium.webp"", ""https://new-projects-media.propertyfinder.com/project/d76db591-f725-4c29-81eb-c05c4025708e/gallery/image/2UuteTdPWmGmNb6YMigrq3bR3xh0Kfc-T5DLK2wyxRQ=/medium.webp"", ""https://new-projects-media.propertyfinder.com/project/d76db591-f725-4c29-81eb-c05c4025708e/gallery/image/p_y2zUnMrN7rYiDdcXZO2Qy6bxSwbTyIrKwXUPSi4qo=/medium.webp"", ""https://new-projects-media.propertyfinder.com/project/d76db591-f725-4c29-81eb-c05c4025708e/gallery/image/JQtKgZPuAfa5iKQMAChV4UX3LyHSsYp3-3xYK6HUNv8=/medium.webp""]",False,False,25.1277114215,0,55.35623236442,6,,project,2026-02-12T17:46:48.129423+00:00,Rome By Samana
0,new_projects,True,28f0c961-6826-412e-93e2-4546c8703d40,"[""https://new-projects-media.propertyfinder.com/project/28f0c961-6826-412e-93e2-4546c8703d40/gallery/image/57FIyvvq0gdl499ReuRngjSKo6ZX8mQmzp5ZTMDgAJ0=/medium.webp"", ""https://new-projects-media.propertyfinder.com/project/28f0c961-6826-412e-93e2-4546c8703d40/gallery/image/LH_Q40RqNjBx3eSjf-rdo_liLMJUj2pGAj5vXCqJHak=/medium.webp"", ""https://new-projects-media.propertyfinder.com/project/28f0c961-6826-412e-93e2-4546c8703d40/gallery/image/5tqfku8Vwdaxt5iTQuak31fVv8QYYKwqUyl481NQ55w=/medium.webp"", ""https://new-projects-media.propertyfinder.com/project/28f0c961-6826-412e-93e2-4546c8703d40/gallery/image/xHaouW2yPRGMpHJqLwHx7PKm20rAMVmm4C0tnvsf_Gk=/medium.webp"", ""https://new-projects-media.propertyfinder.com/project/28f0c961-6826-412e-93e2-4546c8703d40/gallery/image/G8Qj7ZCh6xt5yUhXbo0ELMxTso3QxbxST7F5v9xI7NA=/medium.webp""]",False,False,25.01350245133,0,55.22442,6,,project,2026-02-12T17:46:48.129423+00:00,Damac Lagoon Views 13
0,new_projects,True,aa5b0d68-32cd-4e9a-8f9c-93b8788778eb,"[""https://new-projects-media.propertyfinder.com/project/aa5b0d68-32cd-4e9a-8f9c-93b8788778eb/gallery/image/kwjr0QIbzVtSdLRW8kQnfBFDIh3jChMbNsgGMvS9DfU=/medium.webp"", ""https://new-projects-media.propertyfinder.com/project/aa5b0d68-32cd-4e9a-8f9c-93b8788778eb/gallery/image/-GgWvT7_-qGWmAmdJpkwbo_rULZImJvL7hzx7Pw-ZrI=/medium.webp"", ""https://new-projects-media.propertyfinder.com/project/aa5b0d68-32cd-4e9a-8f9c-93b8788778eb/gallery/image/-4cHSsjWEfOxvLqAUNRPGpiVrW0PthixtI9yuBvCRlU=/medium.webp"", ""https://new-projects-media.propertyfinder.com/project/aa5b0d68-32cd-4e9a-8f9c-93b8788778eb/gallery/image/cjg6Rb6wrnIvh7e1HhyRpFPqV0ydt97lSr4MgHfePcs=/medium.webp"", ""https://new-projects-media.propertyfinder.com/project/aa5b0d68-32cd-4e9a-8f9c-93b8788778eb/gallery/image/wVUtPzxrjVNuQNEwUjnDovks0ULDpeJSX4Z9r6TVSmc=/medium.webp"", ""https://new-projects-media.propertyfinder.com/project/aa5b0d68-32cd-4e9a-8f9c-93b8788778eb/gallery/image/Y55cDnjZ-a2TMmBYyBrL6eUJTfFVCxyWQ9tGB6qyrDE=/medium.webp"", ""https://new-projects-media.propertyfinder.com/project/aa5b0d68-32cd-4e9a-8f9c-93b8788778eb/gallery/image/75XC-B1CG96l8Ru7sdjJEBO6ynnudgnjIavlB0rT4mA=/medium.webp""]",False,False,25.13038110536,0,55.35065445767,6,,project,2026-02-12T17:46:48.129423+00:00,Knightsbridge Phase 2 By Leos
0,new_projects,True,b24f25fe-26e2-48e4-a252-ea577703459a,"[""https://new-projects-media.propertyfinder.com/project/b24f25fe-26e2-48e4-a252-ea577703459a/gallery/image/tbUEO8DVZ5ZslF37nHwsMEJAN3niaP1L2PLe8o0RG2I=/medium.webp"", ""https://new-projects-media.propertyfinder.com/project/b24f25fe-26e2-48e4-a252-ea577703459a/gallery/image/_IfRBOJCj_XKwkFioJ-nYzHN5ni11ZUVU2JFhz9Tk-g=/medium.webp"", ""https://new-projects-media.propertyfinder.com/project/b24f25fe-26e2-48e4-a252-ea577703459a/gallery/image/EsI4x2aOSbsoaBtEpVOPz48XpRnPkuVY5hihR-QlyGQ=/medium.webp"", ""https://new-projects-media.propertyfinder.com/project/b24f25fe-26e2-48e4-a252-ea577703459a/gallery/image/Vo7_zrgTSQRW3uMNX4rszvYHnSpOlaSoyC6zQ94elr8=/medium.webp""]",False,False,25.6167211508,0,55.6295683498,6,,project,2026-02-12T17:46:48.129423+00:00,Palm Groove Villas
0,new_projects,True,dc384cb2-3f9d-4174-acb7-cf4cde4542e4,"[""https://new-projects-media.propertyfinder.com/project/dc384cb2-3f9d-4174-acb7-cf4cde4542e4/gallery/image/1obc1Cmsrv1xySTlOhx47e7_cvwS4OZvqsHDrjug4go=/medium.webp"", ""https://new-projects-media.propertyfinder.com/project/dc384cb2-3f9d-4174-acb7-cf4cde4542e4/gallery/image/7qPM9FNSRvcLLUHhGb0nDrGmyz5uI5Z_3rop1mGE4d0=/medium.webp"", ""https://new-projects-media.propertyfinder.com/project/dc384cb2-3f9d-4174-acb7-cf4cde4542e4/gallery/image/OBpWMA2XwbsZMkvJRXQIaOSPtcNBvfvXTQn_yFYz6os=/medium.webp"", ""https://new-projects-media.propertyfinder.com/project/dc384cb2-3f9d-4174-acb7-cf4cde4542e4/gallery/image/1WYQRAEIYCDZiN7uYB5QdZ28BPX1AAuJVk0tqdXsXF8=/medium.webp"", ""https://new-projects-media.propertyfinder.com/project/dc384cb2-3f9d-4174-acb7-cf4cde4542e4/gallery/image/Kr9j970fM-1HGf48GO0ih69gUODK75h1YWFkBvEtPH0=/medium.webp"", ""https://new-projects-media.propertyfinder.com/project/dc384cb2-3f9d-4174-acb7-cf4cde4542e4/gallery/image/1-MRyQvvfoggcgzJtWytMzgOCQKg0oxTX8HI3X7ZEUI=/medium.webp"", ""https://new-projects-media.propertyfinder.com/project/dc384cb2-3f9d-4174-acb7-cf4cde4542e4/gallery/image/MyqbaK3dX89SO0Tn-aS2-hWwMg5R3bh_gdu3BVevpvo=/medium.webp"", ""https://new-projects-media.propertyfinder.com/project/dc384cb2-3f9d-4174-acb7-cf4cde4542e4/gallery/image/90RpeFzJwS4rvkNbKOcT5pcLXYllBzpZo_3W2lzG3P8=/medium.webp"", ""https://new-projects-media.propertyfinder.com/project/dc384cb2-3f9d-4174-acb7-cf4cde4542e4/gallery/image/GIcBD6TtyN0xKj11DbD2762bd9epUvJMgm0oKSycfP0=/medium.webp"", ""https://new-projects-media.propertyfinder.com/project/dc384cb2-3f9d-4174-acb7-cf4cde4542e4/gallery/image/gzSnIYT6SPEXmau6SZEqgZl3u_VK_YBVaDzsKeCnpWM=/medium.webp"", ""https://new-projects-media.propertyfinder.com/project/dc384cb2-3f9d-4174-acb7-cf4cde4542e4/gallery/image/r7JftkKj0JprS90qdU_B2sxxfD_jiNQ5-p-8DwVbNtk=/medium.webp"", ""https://new-projects-media.propertyfinder.com/project/dc384cb2-3f9d-4174-acb7-cf4cde4542e4/gallery/image/1SoJqhlyJJ32q-zO4jux_jErT6_c_DyBlhhCOUlZQdw=/medium.webp""]",False,False,25.1800927519,0,55.3209191717,6,,project,2026-02-12T17:46:48.129423+00:00,Wynwood Horizon
0,new_projects,True,1e26cc02-5578-469f-86ad-e6fb63f68d36,"[""https://new-projects-media.propertyfinder.com/project/1e26cc02-5578-469f-86ad-e6fb63f68d36/gallery/image/3Vr7hI4Vq7tYcJNFG_tCwj8Ka_JYlL3JdR-jX1igmpE=/medium.webp"", ""https://new-projects-media.propertyfinder.com/project/1e26cc02-5578-469f-86ad-e6fb63f68d36/gallery/image/MJvG0WDfhlFYalPPyWL1PGRtLxgKLvuQA50zIHL7HDc=/medium.webp"", ""https://new-projects-media.propertyfinder.com/project/1e26cc02-5578-469f-86ad-e6fb63f68d36/gallery/image/yxA3njMmLu3zJo2fTnH0ztTl8AghDqo3LcJBcYY7J7U=/medium.webp"", ""https://new-projects-media.propertyfinder.com/project/1e26cc02-5578-469f-86ad-e6fb63f68d36/gallery/image/zmK4GYFfqg87DcTFYYcM03HlRFXldWNTsfBDj4_I4jE=/medium.webp"", ""https://new-projects-media.propertyfinder.com/project/1e26cc02-5578-469f-86ad-e6fb63f68d36/gallery/image/QIYWZoIgU5d9tdr0kODmCCz-JQe2-6GU12dS4oieFZc=/medium.webp"", ""https://new-projects-media.propertyfinder.com/project/1e26cc02-5578-469f-86ad-e6fb63f68d36/gallery/image/bL7bSxfznVV0mHjHDeJn8OvYeR8nmk1QYaijrSb8etM=/medium.webp"", ""https://new-projects-media.propertyfinder.com/project/1e26cc02-5578-469f-86ad-e6fb63f68d36/gallery/image/uU1FbmMoRa7c9atpIpuqmLOxgiLguksIwcKFywgrsXA=/medium.webp"", ""https://new-projects-media.propertyfinder.com/project/1e26cc02-5578-469f-86ad-e6fb63f68d36/gallery/image/jl85HTBaSa9I5Fk4cd_A4hNxsLUe_-roA002VQ20mEU=/medium.webp"", ""https://new-projects-media.propertyfinder.com/project/1e26cc02-5578-469f-86ad-e6fb63f68d36/gallery/image/kD9dCTGIZCxA5uoJznj0JSo6U2xPZHjoFelPC0FSEGE=/medium.webp"", ""https://new-projects-media.propertyfinder.com/project/1e26cc02-5578-469f-86ad-e6fb63f68d36/gallery/image/feXiRxtaxbWLHfA9Ns8RgkMp17C2wS3WX70yR1Son_A=/medium.webp""]",False,False,25.7161628882,0,55.83406202833,6,,project,2026-02-12T17:46:48.129423+00:00,Skai
0,new_projects,True,9f1b2388-8e95-4e4a-9228-f03bfaca7e1c,"[""https://new-projects-media.propertyfinder.com/project/9f1b2388-8e95-4e4a-9228-f03bfaca7e1c/gallery/image/xt1SZd4P96K0M9MHHsCmTNPZEaTg5bKruiwjNACufJc=/medium.webp"", ""https://new-projects-media.propertyfinder.com/project/9f1b2388-8e95-4e4a-9228-f03bfaca7e1c/gallery/image/937Fxs7oE4neyFBJd2lSPJmPQKoqwXjVG_uLLlB_cUw=/medium.webp"", ""https://new-projects-media.propertyfinder.com/project/9f1b2388-8e95-4e4a-9228-f03bfaca7e1c/gallery/image/9i74KZCaS-QuphFTwlRP1dyvOEwa3Oj5PyYmiz0XXfA=/medium.webp""]",False,False,25.01283116608,0,55.22592795372,6,,project,2026-02-12T17:46:48.129423+00:00,Damac Lagoon - Lagoon Views 11
0,new_projects,True,3b42aeac-f110-4dea-8a7e-c2492560f52e,"[""https://new-projects-media.propertyfinder.com/project/3b42aeac-f110-4dea-8a7e-c2492560f52e/gallery/image/X6Xs8R2FJGjAT-d_g6Sg9STmDmEg-ixmhKu2JsHV9EU=/medium.webp"", ""https://new-projects-media.propertyfinder.com/project/3b42aeac-f110-4dea-8a7e-c2492560f52e/gallery/image/jfhWgE1zdozSC-KovC_iC0n4ogalfTz5Q_7mY4cbWCA=/medium.webp"", ""https://new-projects-media.propertyfinder.com/project/3b42aeac-f110-4dea-8a7e-c2492560f52e/gallery/image/U5zOkWV06n6SUx1SA7QwbjITj2Ju6qAMM1Ub8WP2wug=/medium.webp"", ""https://new-projects-media.propertyfinder.com/project/3b42aeac-f110-4dea-8a7e-c2492560f52e/gallery/image/y5hHmUpqm_hKvEjLVgGTJWcQJuSy1nR-ZZyMs2ou2mY=/medium.webp"", ""https://new-projects-media.propertyfinder.com/project/3b42aeac-f110-4dea-8a7e-c2492560f52e/gallery/image/S-fUlFMzI02N2GkVvBjzwEgm__VbDA93-fqE3a2nwhg=/medium.webp"", ""https://new-projects-media.propertyfinder.com/project/3b42aeac-f110-4dea-8a7e-c2492560f52e/gallery/image/ONBVdFYd4wQqAg-ZSB3Wce37m6I1zLqe8HIOVXxXpyE=/medium.webp"", ""https://new-projects-media.propertyfinder.com/project/3b42aeac-f110-4dea-8a7e-c2492560f52e/gallery/image/mEiABJOkSYSvBLC8ud1ecey4JyzVBiENpHp5K5VSgRs=/medium.webp""]",False,False,24.8598342306,0,55.1480699058,6,,project,2026-02-12T17:46:48.129423+00:00,Grove Ridge
0,new_projects,True,8236fb40-592e-4dfe-9c25-17acee77196c,"[""https://new-projects-media.propertyfinder.com/project/8236fb40-592e-4dfe-9c25-17acee77196c/gallery/image/_P-V3WoPW7jFweTuFwidBTOv9DSjUZ3HCCfCgtAGa3w=/medium.webp"", ""https://new-projects-media.propertyfinder.com/project/8236fb40-592e-4dfe-9c25-17acee77196c/gallery/image/KcTYwO_-5VUjvB-lM4i36lcOJyerV9ETwYtHJzKVM9w=/medium.webp"", ""https://new-projects-media.propertyfinder.com/project/8236fb40-592e-4dfe-9c25-17acee77196c/gallery/image/Y92eBCKClcDd8KbR6c7-WfwxzP0SjwHpnGk-IhgvmLs=/medium.webp"", ""https://new-projects-media.propertyfinder.com/project/8236fb40-592e-4dfe-9c25-17acee77196c/gallery/image/Fc8jFPwVGgwWgtkGnSTNX_KQcQuhusvmHREotDBJG0w=/medium.webp"", ""https://new-projects-media.propertyfinder.com/project/8236fb40-592e-4dfe-9c25-17acee77196c/gallery/image/kPY4Wh3S4WYVnjSi25iwRwjsPwVDwGQa9MRAq1uMqjM=/medium.webp"", ""https://new-projects-media.propertyfinder.com/project/8236fb40-592e-4dfe-9c25-17acee77196c/gallery/image/xfptF2sSpUnNr63xgysE77J2hkkvEvDtIILelm9nmXg=/medium.webp"", ""https://new-projects-media.propertyfinder.com/project/8236fb40-592e-4dfe-9c25-17acee77196c/gallery/image/wiXihHPRefKzUfY6LPeHLBJoxrKHAUNYm6MD4AZQXBs=/medium.webp"", ""https://new-projects-media.propertyfinder.com/project/8236fb40-592e-4dfe-9c25-17acee77196c/gallery/image/wKoYrFwAR8KqXBQYAAbsVPtsnWIufZqhwcAkafFU9-Y=/medium.webp""]",False,False,25.26732320341,0,55.28552095628,6,,project,2026-02-12T17:46:48.129423+00:00,Pier Point Phase 2 By Emaar
0,new_projects,True,3b13be1e-8863-4b39-ad2b-f213b7ca1435,"[""https://new-projects-media.propertyfinder.com/project/3b13be1e-8863-4b39-ad2b-f213b7ca1435/gallery/image/7xRIF9sUmAEilc5zdoqYhUjm9R8q4b2tSfHZSewu5rw=/medium.webp"", ""https://new-projects-media.propertyfinder.com/project/3b13be1e-8863-4b39-ad2b-f213b7ca1435/gallery/image/1ie0gM0IGlc8T8WrFuENZK5QaNfeSC-iNfaADHCFW4o=/medium.webp"", ""https://new-projects-media.propertyfinder.com/project/3b13be1e-8863-4b39-ad2b-f213b7ca1435/gallery/image/bO-noLrvfxP0ufrK1VpXUNH9Rn1HvrmDaMdQ5G8lmCM=/medium.webp"", ""https://new-projects-media.propertyfinder.com/project/3b13be1e-8863-4b39-ad2b-f213b7ca1435/gallery/image/IiiFPs_MLUKa9RtrxrDuXjzLDfP68FuhLWTjhq04dJc=/medium.webp"", ""https://new-projects-media.propertyfinder.com/project/3b13be1e-8863-4b39-ad2b-f213b7ca1435/gallery/image/rLiYRUzQGHFw3q0ISa16N6YJMXa4Ip2j_NSARVzE8Ms=/medium.webp"", ""https://new-projects-media.propertyfinder.com/project/3b13be1e-8863-4b39-ad2b-f213b7ca1435/gallery/image/TPIBd70c0ya4dDZsjw-cJ74VJXSJGcADS6Fd9pUU0zQ=/medium.webp"", ""https://new-projects-media.propertyfinder.com/project/3b13be1e-8863-4b39-ad2b-f213b7ca1435/gallery/image/ipMqK7yz5VuMxS81L0r_WYBqJZrZmmokoDKglU13hPk=/medium.webp"", ""https://new-projects-media.propertyfinder.com/project/3b13be1e-8863-4b39-ad2b-f213b7ca1435/gallery/image/qC0yfrBFaK8z6SIUAmr4dNVvlG0LqarqEJHL7JGz-NM=/medium.webp"", ""https://new-projects-media.propertyfinder.com/project/3b13be1e-8863-4b39-ad2b-f213b7ca1435/gallery/image/sIk4mzIUY5J5ac9X9Zllg5dWLkrPJxnBI53qtodSQAk=/medium.webp"", ""https://new-projects-media.propertyfinder.com/project/3b13be1e-8863-4b39-ad2b-f213b7ca1435/gallery/image/NegAZqu6T6PdyBnPz6y0GY-gGU-m71KmAO2mbZF1vMo=/medium.webp""]",False,False,25.6867,0,55.734397,6,,project,2026-02-12T17:46:48.129423+00:00,Aqua Maya
0,new_projects,True,995b32ed-3c33-469b-bfd9-06153d5e0052,"[""https://new-projects-media.propertyfinder.com/project/995b32ed-3c33-469b-bfd9-06153d5e0052/gallery/image/EVHl7Bu4wwX4NlM-H4pyFxS0oSUe8aMq7c5Yfgkzzxg=/medium.webp"", ""https://new-projects-media.propertyfinder.com/project/995b32ed-3c33-469b-bfd9-06153d5e0052/gallery/image/WYf2l1ug6D6Gw9AI6GBihwHIkX_mScEwWuMb6kc_F3Q=/medium.webp"", ""https://new-projects-media.propertyfinder.com/project/995b32ed-3c33-469b-bfd9-06153d5e0052/gallery/image/VV-CNHJYiPBFcDg-jSyTROnnsIfcc6NVdONmR_uHplc=/medium.webp"", ""https://new-projects-media.propertyfinder.com/project/995b32ed-3c33-469b-bfd9-06153d5e0052/gallery/image/Iksu2xid_AeqqCwHkz6kv7s9S4QcDb8Xj8qm_tYnasA=/medium.webp"", ""https://new-projects-media.propertyfinder.com/project/995b32ed-3c33-469b-bfd9-06153d5e0052/gallery/image/aVWy7g9qSh5Ygfa25fAiUySmLb8pbXWEm3mqw1sKQA8=/medium.webp""]",False,False,25.03502,0,55.310369,6,,project,2026-02-12T17:46:48.129423+00:00,Barbados 2
0,new_projects,True,0bcb2033-0baa-43bf-ac3a-1d3cabad866a,"[""https://new-projects-media.propertyfinder.com/project/0bcb2033-0baa-43bf-ac3a-1d3cabad866a/gallery/image/bnVgRo0Em_VeNLwV4t5oHQRuhNGF6ygB_UGPH7Od__k=/medium.webp"", ""https://new-projects-media.propertyfinder.com/project/0bcb2033-0baa-43bf-ac3a-1d3cabad866a/gallery/image/_zExPVCErZUE-K7EgV_kOZxb6FMvidpy7tlfVc22OcM=/medium.webp"", ""https://new-projects-media.propertyfinder.com/project/0bcb2033-0baa-43bf-ac3a-1d3cabad866a/gallery/image/LwZaSbEDcKh6YQi8TOf9aIOhtFFlrsPeOgpI_8uioLw=/medium.webp"", ""https://new-projects-media.propertyfinder.com/project/0bcb2033-0baa-43bf-ac3a-1d3cabad866a/gallery/image/Q58gIMH52vNgourxxAFWc25cvVda2bbggVYM0r-NKeE=/medium.webp"", ""https://new-projects-media.propertyfinder.com/project/0bcb2033-0baa-43bf-ac3a-1d3cabad866a/gallery/image/Dw4vvIGvUZ9prvUExDX3P2jUDD1jXhqQMerLjnhkgPo=/medium.webp"", ""https://new-projects-media.propertyfinder.com/project/0bcb2033-0baa-43bf-ac3a-1d3cabad866a/gallery/image/qIjtaw09QOD-gx-5RaTDflFWs5Pp8yQhn1pIAIh79_Q=/medium.webp"", ""https://new-projects-media.propertyfinder.com/project/0bcb2033-0baa-43bf-ac3a-1d3cabad866a/gallery/image/zaB0s27EpRrJwBUKnArzSTdBRKsA_QcKgVGF02gUPsw=/medium.webp"", ""https://new-projects-media.propertyfinder.com/project/0bcb2033-0baa-43bf-ac3a-1d3cabad866a/gallery/image/_4HCio8AlILcvOB82U68x87ZUXC8D6_JBdIfEzWaSOs=/medium.webp"", ""https://new-projects-media.propertyfinder.com/project/0bcb2033-0baa-43bf-ac3a-1d3cabad866a/gallery/image/Ydae_L_SYrgTtHZ-ueeX9Md0jhdOjREAYuKlmRslxds=/medium.webp"", ""https://new-projects-media.propertyfinder.com/project/0bcb2033-0baa-43bf-ac3a-1d3cabad866a/gallery/image/Bk8EBHq9nA9htk922eCFHpo9hCMay2sWIXiToCiDHpM=/medium.webp"", ""https://new-projects-media.propertyfinder.com/project/0bcb2033-0baa-43bf-ac3a-1d3cabad866a/gallery/image/BauoQSIw6W3sM0n6WsTi0zyIAlXf9LP_Y7WYrbo3bHM=/medium.webp"", ""https://new-projects-media.propertyfinder.com/project/0bcb2033-0baa-43bf-ac3a-1d3cabad866a/gallery/image/dAWuZ9_2vZjpf_coKoPskPq2kXna1PrHa51Z7R_3hzg=/medium.webp"", ""https://new-projects-media.propertyfinder.com/project/0bcb2033-0baa-43bf-ac3a-1d3cabad866a/gallery/image/Ressc47lGWNtWdsbb7Do_QAyaObZiZ2ZPruFNKfXpOE=/medium.webp""]",False,False,25.0240651,0,55.2035302,7,,project,2026-02-12T17:46:51.763729+00:00,Terra Golf Collection Phase 2 By Taraf Properties
0,new_projects,True,4a2a81b1-c09e-4c3e-9fe6-685a8f36e146,"[""https://new-projects-media.propertyfinder.com/project/4a2a81b1-c09e-4c3e-9fe6-685a8f36e146/gallery/image/8eMzVmAlTmhbv3cbjnLe_hryvS7iT9kfSCUjNouOFFQ=/medium.webp"", ""https://new-projects-media.propertyfinder.com/project/4a2a81b1-c09e-4c3e-9fe6-685a8f36e146/gallery/image/xkHe_uRhc3yZ45QsM2bvoWc4TD7vBCqco7Ret4Vw4K0=/medium.webp"", ""https://new-projects-media.propertyfinder.com/project/4a2a81b1-c09e-4c3e-9fe6-685a8f36e146/gallery/image/dyCtJk9MPLfgI76o_XnfMPpoq5MUnDTG5TWFItQ8Zes=/medium.webp"", ""https://new-projects-media.propertyfinder.com/project/4a2a81b1-c09e-4c3e-9fe6-685a8f36e146/gallery/image/PlM078BRcmJVaWKBauPvuaasIAD8JrsExD-lNRNLqa4=/medium.webp"", ""https://new-projects-media.propertyfinder.com/project/4a2a81b1-c09e-4c3e-9fe6-685a8f36e146/gallery/image/lVtPQBUUHjuYf6ZubDUlPjQS8pWGSvgyu2uTD7UUiEw=/medium.webp"", ""https://new-projects-media.propertyfinder.com/project/4a2a81b1-c09e-4c3e-9fe6-685a8f36e146/gallery/image/AIOQNLmrDDzW9qdcSlUmPdn6-SxmE5GK-7j1YecDD0Y=/medium.webp"", ""https://new-projects-media.propertyfinder.com/project/4a2a81b1-c09e-4c3e-9fe6-685a8f36e146/gallery/image/9VEmYiFtEd7QHUzy5TzX4UTLGA07C1Y0dsrvPnr40aU=/medium.webp"", ""https://new-projects-media.propertyfinder.com/project/4a2a81b1-c09e-4c3e-9fe6-685a8f36e146/gallery/image/drQScxpe_wLQDwfeFsdJ-k-GDwwOXD2GjMwTEHcW0Co=/medium.webp"", ""https://new-projects-media.propertyfinder.com/project/4a2a81b1-c09e-4c3e-9fe6-685a8f36e146/gallery/image/zlQL91SuS0jYhYY2kR3qM9F2iGZMeyitG_lZTj7pEyA=/medium.webp""]",False,False,25.30529220268,0,55.31979691539,7,,project,2026-02-12T17:46:51.763729+00:00,Bay Grove Residences Phase 4 By Nakheel
0,new_projects,True,7b71e3d3-da27-43b3-82bc-884fdf99ede7,"[""https://new-projects-media.propertyfinder.com/project/7b71e3d3-da27-43b3-82bc-884fdf99ede7/gallery/image/t-f0S6M21hJiXFkSjQbWzYd8hV1S0ci8W-APQ-QNVzA=/medium.webp"", ""https://new-projects-media.propertyfinder.com/project/7b71e3d3-da27-43b3-82bc-884fdf99ede7/gallery/image/XtGuTgYhY64W6SD1Grt4AVQu4jD_w_X7OwLhrd5Q1TM=/medium.webp"", ""https://new-projects-media.propertyfinder.com/project/7b71e3d3-da27-43b3-82bc-884fdf99ede7/gallery/image/1nTUoW53h5DPCVANCqOB0gem1zwBPxFemj9DKL02Ztc=/medium.webp"", ""https://new-projects-media.propertyfinder.com/project/7b71e3d3-da27-43b3-82bc-884fdf99ede7/gallery/image/uFve6Lz8-M_ssFk4ZHwo1BLIgyaKxQprXEFUwfRi3lY=/medium.webp"", ""https://new-projects-media.propertyfinder.com/project/7b71e3d3-da27-43b3-82bc-884fdf99ede7/gallery/image/2hwzCwQSknL0oySF83FQ42NB_DWUuF4W8fMyMAJgAys=/medium.webp"", ""https://new-projects-media.propertyfinder.com/project/7b71e3d3-da27-43b3-82bc-884fdf99ede7/gallery/image/QRasUn-vfUN4bVGFAOkCiZWYrKaAf4nPY7S0gdaUauA=/medium.webp"", ""https://new-projects-media.propertyfinder.com/project/7b71e3d3-da27-43b3-82bc-884fdf99ede7/gallery/image/cWNaJFpkl0wxnouPO8gyAFLMmYOefy06eSqWGcC5yho=/medium.webp"", ""https://new-projects-media.propertyfinder.com/project/7b71e3d3-da27-43b3-82bc-884fdf99ede7/gallery/image/Y3aW8gbFLvxTMDVoUgYOyUTbDgTIyiUIVP9942xbzMQ=/medium.webp"", ""https://new-projects-media.propertyfinder.com/project/7b71e3d3-da27-43b3-82bc-884fdf99ede7/gallery/image/BOyNmOX5s1Dvrv0pNr4hFJdkMXnPnoCKyetXjK-3Tlg=/medium.webp"", ""https://new-projects-media.propertyfinder.com/project/7b71e3d3-da27-43b3-82bc-884fdf99ede7/gallery/image/XsW1TeXQJtUef-vakIKO1G_T935YP0CCtmSsebMUizw=/medium.webp""]",False,False,25.06331166293,0,55.32144007669,7,,project,2026-02-12T17:46:51.763729+00:00,The Greens at Sobha Sanctuary
0,new_projects,True,e70f2692-a568-42b8-8bbf-0b476f5dbbe0,"[""https://new-projects-media.propertyfinder.com/project/e70f2692-a568-42b8-8bbf-0b476f5dbbe0/gallery/image/URzWIKyBu2pSYCXYZ94vy-XJOzc7U5kGkor39791m3U=/medium.webp"", ""https://new-projects-media.propertyfinder.com/project/e70f2692-a568-42b8-8bbf-0b476f5dbbe0/gallery/image/cV8S3GAnf5T165EZEhxEUrHqJEy-zVehLzXZXOWKYZE=/medium.webp"", ""https://new-projects-media.propertyfinder.com/project/e70f2692-a568-42b8-8bbf-0b476f5dbbe0/gallery/image/pYe3Neb6Z0yWCBuinTUb4_pYYFsJDoyMx3jv5bIg_DY=/medium.webp""]",False,False,25.2105251,0,55.2736092,7,,project,2026-02-12T17:46:51.763729+00:00,Sol Luxe
0,new_projects,True,14e131c2-0775-404d-aa6d-9123a7483754,"[""https://new-projects-media.propertyfinder.com/project/14e131c2-0775-404d-aa6d-9123a7483754/gallery/image/Fn98DxXzJLpk9AJ_oyJyJV2O5_7jfGMNtManvMLsHxA=/medium.webp"", ""https://new-projects-media.propertyfinder.com/project/14e131c2-0775-404d-aa6d-9123a7483754/gallery/image/NszvmfMM9iNxGG7JYUB18J7mlo2EXXw0e-OL0HORMt8=/medium.webp"", ""https://new-projects-media.propertyfinder.com/project/14e131c2-0775-404d-aa6d-9123a7483754/gallery/image/aFoUXjb6-T4zE3h19N3iJdoKZezhRUAnu_6YNmgYB9s=/medium.webp"", ""https://new-projects-media.propertyfinder.com/project/14e131c2-0775-404d-aa6d-9123a7483754/gallery/image/lBZIE-Fhl_tvppk8bdZqc9mOVyA9PxEz5fn3eQk6wD8=/medium.webp"", ""https://new-projects-media.propertyfinder.com/project/14e131c2-0775-404d-aa6d-9123a7483754/gallery/image/qJ2faHqGEK1NEtjU8R0FPyFLUkq3aq8QWIv_EzBKTrg=/medium.webp"", ""https://new-projects-media.propertyfinder.com/project/14e131c2-0775-404d-aa6d-9123a7483754/gallery/image/aUTK-z-Z-POoP7-b9_bQ7OOSRe6XxEMta7zH1UiboJk=/medium.webp""]",False,False,25.067666,0,55.246585,7,,project,2026-02-12T17:46:51.763729+00:00,Butterfly Towers
0,new_projects,True,8d57e0c9-fd61-4aba-b2bd-7d2a964347ac,"[""https://new-projects-media.propertyfinder.com/project/8d57e0c9-fd61-4aba-b2bd-7d2a964347ac/gallery/image/oYrT0zJ_hmuGs29BCNMBwkq2ra5sKJDjJmMbG8DhzAw=/medium.webp"", ""https://new-projects-media.propertyfinder.com/project/8d57e0c9-fd61-4aba-b2bd-7d2a964347ac/gallery/image/p1oQ-AYI7f7oscnkn8KMKPumHvuVf9yRcwrSnUnzyd8=/medium.webp"", ""https://new-projects-media.propertyfinder.com/project/8d57e0c9-fd61-4aba-b2bd-7d2a964347ac/gallery/image/Uvc5ilvnUpW-WPZQnGcONWE5b6zW4NHQhYIz1NEsq4k=/medium.webp"", ""https://new-projects-media.propertyfinder.com/project/8d57e0c9-fd61-4aba-b2bd-7d2a964347ac/gallery/image/wfZbw_9-y0v8Za_WafN8JxI5F1SOQsrjkKClrF7wISU=/medium.webp"", ""https://new-projects-media.propertyfinder.com/project/8d57e0c9-fd61-4aba-b2bd-7d2a964347ac/gallery/image/tpRK3DNyY438wyKxHvSXYdsnmth66pKWFYGnp6YtxB8=/medium.webp"", ""https://new-projects-media.propertyfinder.com/project/8d57e0c9-fd61-4aba-b2bd-7d2a964347ac/gallery/image/rOILvs5lE6QNq0fkIJ0pXrUoi5VdkKOHqnYt4KsWBMY=/medium.webp"", ""https://new-projects-media.propertyfinder.com/project/8d57e0c9-fd61-4aba-b2bd-7d2a964347ac/gallery/image/AODRVIHByjE2M8TZNYw2WjloMzfY4HlWih2xiAn-7GI=/medium.webp"", ""https://new-projects-media.propertyfinder.com/project/8d57e0c9-fd61-4aba-b2bd-7d2a964347ac/gallery/image/tFAtvIupSA9PM_DmSIA2rqFV3tMhrFEO7GASoLpAQPA=/medium.webp""]",False,False,25.11492858618,0,55.13745518478,7,,project,2026-02-12T17:46:51.763729+00:00,Luna Sky Palace
0,new_projects,True,b8c0a124-4e3f-4e7c-80a1-a19a54112caf,"[""https://new-projects-media.propertyfinder.com/project/b8c0a124-4e3f-4e7c-80a1-a19a54112caf/gallery/image/VAewrv2T6rc1Tc-Zk6R9qY30Hks0Vr8qBY9iop6Loiw=/medium.webp"", ""https://new-projects-media.propertyfinder.com/project/b8c0a124-4e3f-4e7c-80a1-a19a54112caf/gallery/image/kMKEIAbPztdedCgVLu28h-YEhM_0FahWuSoF1zKj1gQ=/medium.webp"", ""https://new-projects-media.propertyfinder.com/project/b8c0a124-4e3f-4e7c-80a1-a19a54112caf/gallery/image/plT4odXdryQyuOFQYwvDe2jJSVGjr7ymt_6RhYpimOw=/medium.webp"", ""https://new-projects-media.propertyfinder.com/project/b8c0a124-4e3f-4e7c-80a1-a19a54112caf/gallery/image/1IgDkprkKRXsz47uri3jPneQUwjTUll4m8WgnWoh7iA=/medium.webp"", ""https://new-projects-media.propertyfinder.com/project/b8c0a124-4e3f-4e7c-80a1-a19a54112caf/gallery/image/1HRU6wMVgYd4IEFpDnhWRr9n3lt4QpHEdfvPT5Zevos=/medium.webp"", ""https://new-projects-media.propertyfinder.com/project/b8c0a124-4e3f-4e7c-80a1-a19a54112caf/gallery/image/hQenl0w6Kk79qq09zKqdGBm1L9GbPKx3CUU2oCGZp2w=/medium.webp""]",False,False,25.11492858618,0,55.13745518478,7,,project,2026-02-12T17:46:51.763729+00:00,Omniyat Bespoke
0,new_projects,True,3e4ef4a7-2699-4205-a789-f80334e3d3ba,"[""https://new-projects-media.propertyfinder.com/project/3e4ef4a7-2699-4205-a789-f80334e3d3ba/gallery/image/tnoanlNQ6TKYy37ow9MYyYP4nOvwl4u9vEZEod8czKY=/medium.webp"", ""https://new-projects-media.propertyfinder.com/project/3e4ef4a7-2699-4205-a789-f80334e3d3ba/gallery/image/aTLo4vJD5dTX0KjkNvr_lbIfVwiFdR4_hGPF7Rltlwg=/medium.webp"", ""https://new-projects-media.propertyfinder.com/project/3e4ef4a7-2699-4205-a789-f80334e3d3ba/gallery/image/zqRyBhhBScX-v_l08FkWh2QZsH6X5OPXT6LU8fXQCH4=/medium.webp"", ""https://new-projects-media.propertyfinder.com/project/3e4ef4a7-2699-4205-a789-f80334e3d3ba/gallery/image/ooiXOarroZvtWOtJyTcmrTn-Ee3fYJe-_dbdidJ-igk=/medium.webp""]",False,False,25.090928,0,55.14676,7,,project,2026-02-12T17:46:51.763729+00:00,Sky Edition at Seahaven
0,new_projects,True,6618406a-c1b9-48fc-9ba2-cd406fcfdf35,"[""https://new-projects-media.propertyfinder.com/project/6618406a-c1b9-48fc-9ba2-cd406fcfdf35/gallery/image/B0CHIWk-VjzufRrPUkHfGJydQb8HGAZrhugAMokqL9w=/medium.webp"", ""https://new-projects-media.propertyfinder.com/project/6618406a-c1b9-48fc-9ba2-cd406fcfdf35/gallery/image/rqHkr9ec9QnGN6nGyDlNTaof2_GDvgI3ZhGVNo43fvI=/medium.webp"", ""https://new-projects-media.propertyfinder.com/project/6618406a-c1b9-48fc-9ba2-cd406fcfdf35/gallery/image/iS2YLGHtL1Ve4bZVms6hYoz4s61cYL1k294JGDyCYTo=/medium.webp"", ""https://new-projects-media.propertyfinder.com/project/6618406a-c1b9-48fc-9ba2-cd406fcfdf35/gallery/image/ZKAEOXhNDoqEFn5Q3E6MFkS9i3Hzmv1JQq5hllsomC0=/medium.webp"", ""https://new-projects-media.propertyfinder.com/project/6618406a-c1b9-48fc-9ba2-cd406fcfdf35/gallery/image/vJHgwpZo8nwo1MEcjYLa4O8u5ZiQObh818WT08uxh9g=/medium.webp"", ""https://new-projects-media.propertyfinder.com/project/6618406a-c1b9-48fc-9ba2-cd406fcfdf35/gallery/image/NoAQbyuo3uNHtpNEonAVKYteSo7ZjdteAqliNzbbkJ4=/medium.webp"", ""https://new-projects-media.propertyfinder.com/project/6618406a-c1b9-48fc-9ba2-cd406fcfdf35/gallery/image/H0-XKlnUs0_LnyRJ_Bv_m9jB4uWqArEgplLv8AKbFVE=/medium.webp"", ""https://new-projects-media.propertyfinder.com/project/6618406a-c1b9-48fc-9ba2-cd406fcfdf35/gallery/image/MoUFVjsDaCIWN8w-xPQxhqt55quTAKb8HU_aF_x9Pok=/medium.webp"", ""https://new-projects-media.propertyfinder.com/project/6618406a-c1b9-48fc-9ba2-cd406fcfdf35/gallery/image/5z2DrjYN2PDRxo0ifAjk0Iv98FoQNCeDKON-VpCx9WQ=/medium.webp"", ""https://new-projects-media.propertyfinder.com/project/6618406a-c1b9-48fc-9ba2-cd406fcfdf35/gallery/image/hpOSUBB0hhrvi5tgI2wPq4fOMtD3z45PLPKiKHl6shI=/medium.webp""]",False,False,25.268220612,0,55.2703741232,7,,project,2026-02-12T17:46:51.763729+00:00,Breez by Danube
0,new_projects,True,90d155f4-a416-4941-8db1-475cbcb7f1e1,"[""https://new-projects-media.propertyfinder.com/project/90d155f4-a416-4941-8db1-475cbcb7f1e1/gallery/image/ep8GCFQmBNopUg3fyFc_dVIC2FGqSQtxtEFfbaM4PuQ=/medium.webp"", ""https://new-projects-media.propertyfinder.com/project/90d155f4-a416-4941-8db1-475cbcb7f1e1/gallery/image/IR43uK8pOMvcnfHax3T9cc32rWvyrHudQ6U0fRlrrQs=/medium.webp"", ""https://new-projects-media.propertyfinder.com/project/90d155f4-a416-4941-8db1-475cbcb7f1e1/gallery/image/_-lvete17K11y2WvDJ9KXcACfOHSGAIyd4U8l-L4-30=/medium.webp"", ""https://new-projects-media.propertyfinder.com/project/90d155f4-a416-4941-8db1-475cbcb7f1e1/gallery/image/Kw2rnu8oFRZgcYB0FioXLI_kQ0rLhSYAO5_xYwGGJ8s=/medium.webp"", ""https://new-projects-media.propertyfinder.com/project/90d155f4-a416-4941-8db1-475cbcb7f1e1/gallery/image/DidmwYQMObD3Bd39rzaPE_ajXd4VIU4Esk0d8nDm4B8=/medium.webp"", ""https://new-projects-media.propertyfinder.com/project/90d155f4-a416-4941-8db1-475cbcb7f1e1/gallery/image/oA4xoG_HHcaRFP91U7pwIM1nI3Up-LYjrTVjcvzB_a0=/medium.webp"", ""https://new-projects-media.propertyfinder.com/project/90d155f4-a416-4941-8db1-475cbcb7f1e1/gallery/image/VwU0792zEHg6ha-aQNb00K8FerJAIACe3BUigooLhQg=/medium.webp""]",False,False,25.129152,0,55.260458,7,,project,2026-02-12T17:46:51.763729+00:00,Rosehill by Emaar
0,new_projects,True,c8f5c6df-02b7-40e1-9b20-df2641ad21b0,"[""https://new-projects-media.propertyfinder.com/project/c8f5c6df-02b7-40e1-9b20-df2641ad21b0/gallery/image/FXMMteNc9dsnD5clOOdApy1X_2a0KApsIcbqwSRfxX0=/medium.webp"", ""https://new-projects-media.propertyfinder.com/project/c8f5c6df-02b7-40e1-9b20-df2641ad21b0/gallery/image/FlIHYjygHLVYc3eoeH6kfr8OHCcNd_90eluwBlC6rvQ=/medium.webp"", ""https://new-projects-media.propertyfinder.com/project/c8f5c6df-02b7-40e1-9b20-df2641ad21b0/gallery/image/YHKiarN3kg259cyPnhDHXPqGxKbRGJfDxqJ-uUVokgE=/medium.webp"", ""https://new-projects-media.propertyfinder.com/project/c8f5c6df-02b7-40e1-9b20-df2641ad21b0/gallery/image/zpoN0Ns06yKgjoNkWFZOIbqFXwVLxvCzPQL2HtPaZos=/medium.webp"", ""https://new-projects-media.propertyfinder.com/project/c8f5c6df-02b7-40e1-9b20-df2641ad21b0/gallery/image/wd3DpQClLNufnCU2MSsqraybV_eRn8eFpY6O0qiuuoE=/medium.webp"", ""https://new-projects-media.propertyfinder.com/project/c8f5c6df-02b7-40e1-9b20-df2641ad21b0/gallery/image/RG5NyM7enKAgzBCoG1YA2wdNbbCpP8BmCdBv4xnQtfM=/medium.webp"", ""https://new-projects-media.propertyfinder.com/project/c8f5c6df-02b7-40e1-9b20-df2641ad21b0/gallery/image/LjrfzFFG3AsjWgPLoEGIw73-ZLZuZZoNMuCOUtL-bZI=/medium.webp"", ""https://new-projects-media.propertyfinder.com/project/c8f5c6df-02b7-40e1-9b20-df2641ad21b0/gallery/image/NU6vV5xITz2bHhGbrphAFpO_TiosL1SXMOtCXchIGmo=/medium.webp"", ""https://new-projects-media.propertyfinder.com/project/c8f5c6df-02b7-40e1-9b20-df2641ad21b0/gallery/image/lXD629jrcPnA09logUSbyMdLyVNjdhHjfOPxsiPT3nw=/medium.webp"", ""https://new-projects-media.propertyfinder.com/project/c8f5c6df-02b7-40e1-9b20-df2641ad21b0/gallery/image/4_t9n4IB3Nuo0j-SXmevgHo5fV5AbM7VlaOWjmBpWLY=/medium.webp"", ""https://new-projects-media.propertyfinder.com/project/c8f5c6df-02b7-40e1-9b20-df2641ad21b0/gallery/image/2wc6ev_2E0WrenYbQuL8x3nteqrTIvesmo5jS5-bPuU=/medium.webp"", ""https://new-projects-media.propertyfinder.com/project/c8f5c6df-02b7-40e1-9b20-df2641ad21b0/gallery/image/nSylDuA4Ch-kQxV4oKQ_LZKyIIqu7f61zrb0zrOcqxE=/medium.webp""]",False,False,25.05520086333,0,55.15875590445,7,,project,2026-02-12T17:46:51.763729+00:00,Altiera Heights
0,new_projects,True,2a8edf9e-524f-4390-9d15-c9af12f24a31,"[""https://new-projects-media.propertyfinder.com/project/2a8edf9e-524f-4390-9d15-c9af12f24a31/gallery/image/rIjj9Fe_b-dcWytniyr4uLr62c3LXCq0K-HcTMx65W8=/medium.webp"", ""https://new-projects-media.propertyfinder.com/project/2a8edf9e-524f-4390-9d15-c9af12f24a31/gallery/image/ixm1eNHZaGvhHQuy5byH3kcrCZGIb6FKtUWx0Q3JAuA=/medium.webp""]",False,False,24.4251255,0,54.3412497,7,,project,2026-02-12T17:46:51.763729+00:00,Yamm Beach Villas
0,new_projects,True,2ed8ea87-eea8-483b-9562-fb795d7d0144,"[""https://new-projects-media.propertyfinder.com/project/2ed8ea87-eea8-483b-9562-fb795d7d0144/gallery/image/HFqrKsFH6v6tYtlRbKKAYcDXqKZARIvig3ZZGxWGchA=/medium.webp"", ""https://new-projects-media.propertyfinder.com/project/2ed8ea87-eea8-483b-9562-fb795d7d0144/gallery/image/pvYs9t2zfvnQnMtfUVZv8gCOi7cckVdUS6W_m3u-VZY=/medium.webp"", ""https://new-projects-media.propertyfinder.com/project/2ed8ea87-eea8-483b-9562-fb795d7d0144/gallery/image/HvodJbTrZLpDjEarZDzHRtMdg9uMxjabzgk0zYHwDiI=/medium.webp"", ""https://new-projects-media.propertyfinder.com/project/2ed8ea87-eea8-483b-9562-fb795d7d0144/gallery/image/FA7eG6QK82XE6cbzfLgIuNekfaUWyh4zv20RZ4R6sXE=/medium.webp"", ""https://new-projects-media.propertyfinder.com/project/2ed8ea87-eea8-483b-9562-fb795d7d0144/gallery/image/c52rSBG1_8sVWO2UAwqtU9MfnE4kq7rLAUQz8c4nu5c=/medium.webp"", ""https://new-projects-media.propertyfinder.com/project/2ed8ea87-eea8-483b-9562-fb795d7d0144/gallery/image/1U1-vlBoTlg6UFuJ4hGvEuPG0iLzTsTB4mK9Ef6inqM=/medium.webp""]",False,False,25.61589956422,0,55.6212221999,7,,project,2026-02-12T17:46:51.763729+00:00,Coral Beach Villas
0,new_projects,True,0f4da80f-9d7e-4645-8ae1-53069c38bc68,"[""https://new-projects-media.propertyfinder.com/project/0f4da80f-9d7e-4645-8ae1-53069c38bc68/gallery/image/zX2mneXJXwV-cEC0QZ96ojrod_t1krEDZBRxWOUrf8s=/medium.webp"", ""https://new-projects-media.propertyfinder.com/project/0f4da80f-9d7e-4645-8ae1-53069c38bc68/gallery/image/AbMly0W-ZnXY6WRt5eCz19jkTiC4kvi3ih44oitxT1o=/medium.webp"", ""https://new-projects-media.propertyfinder.com/project/0f4da80f-9d7e-4645-8ae1-53069c38bc68/gallery/image/VEaAnG4gd4IyUiOls31ScxEkS09qiYrAT4xNbI0W91g=/medium.webp"", ""https://new-projects-media.propertyfinder.com/project/0f4da80f-9d7e-4645-8ae1-53069c38bc68/gallery/image/s2F11SaVE3Vd2Nc09_z7QenXqtjQrr24lCfdOYmLbis=/medium.webp""]",False,False,24.9621914792,0,55.2305156614,7,,project,2026-02-12T17:46:51.763729+00:00,Montura 2 at Grand Polo
0,new_projects,True,3e945687-4938-4ace-afdc-492a1e7797ab,"[""https://new-projects-media.propertyfinder.com/project/3e945687-4938-4ace-afdc-492a1e7797ab/gallery/image/izLE-_7rqlr7u4TuXbklnpJc2kXZGErqU1TNrD55gQ8=/medium.webp"", ""https://new-projects-media.propertyfinder.com/project/3e945687-4938-4ace-afdc-492a1e7797ab/gallery/image/B-ev9BHc8zRag3hXY3TweEcYqd72zGhrKvPGEh47ioY=/medium.webp"", ""https://new-projects-media.propertyfinder.com/project/3e945687-4938-4ace-afdc-492a1e7797ab/gallery/image/p3w_m7N8lLjiNfsR_AFAjE55sDeO9y8nPKCNQtRESuk=/medium.webp"", ""https://new-projects-media.propertyfinder.com/project/3e945687-4938-4ace-afdc-492a1e7797ab/gallery/image/g0I1PmCRkVWLzsfXNdQyyLJequt4938kLpjuNd6PgN4=/medium.webp"", ""https://new-projects-media.propertyfinder.com/project/3e945687-4938-4ace-afdc-492a1e7797ab/gallery/image/x3Qw5ODApKq6auXNIaPmhyZZ2YanTgidYjp5NcY9D3E=/medium.webp"", ""https://new-projects-media.propertyfinder.com/project/3e945687-4938-4ace-afdc-492a1e7797ab/gallery/image/YwKfUu5fNd0VYbByaYu5mW7cLen0CFPxoQmeOBVraZ0=/medium.webp"", ""https://new-projects-media.propertyfinder.com/project/3e945687-4938-4ace-afdc-492a1e7797ab/gallery/image/TzfKmU1beMfreGIBivr8NkK9Px28A_05N3q1DZGvMbM=/medium.webp"", ""https://new-projects-media.propertyfinder.com/project/3e945687-4938-4ace-afdc-492a1e7797ab/gallery/image/DiXemyu0nUJ7lNPUvVYYUNWuzYre-rLow0zD_LGmvbU=/medium.webp""]",False,False,25.687176,0,55.736251,7,,project,2026-02-12T17:46:51.763729+00:00,Arthouse Residences
0,new_projects,True,9f831f2c-ad32-434a-8dad-b04a12511903,"[""https://new-projects-media.propertyfinder.com/project/9f831f2c-ad32-434a-8dad-b04a12511903/gallery/image/Xz9--vqTljrTIlCxGawR2yXrMA6-WeSHIYgOQvmS1YA=/medium.webp"", ""https://new-projects-media.propertyfinder.com/project/9f831f2c-ad32-434a-8dad-b04a12511903/gallery/image/c1O_iiOtqs3Z6XC7j149lOwAfBTTC6NbY8R6VB1zmj0=/medium.webp"", ""https://new-projects-media.propertyfinder.com/project/9f831f2c-ad32-434a-8dad-b04a12511903/gallery/image/cCBOrw-tHiFy9-iR3gsMGFvMtpsd4HYnQJqphJFSxTE=/medium.webp"", ""https://new-projects-media.propertyfinder.com/project/9f831f2c-ad32-434a-8dad-b04a12511903/gallery/image/OUhWHlT8w15ZhWAaFZE6EKUG_rckfRknAPcQbd5XPcM=/medium.webp"", ""https://new-projects-media.propertyfinder.com/project/9f831f2c-ad32-434a-8dad-b04a12511903/gallery/image/QrgIYMwnqOoxxKITCVdqfX6ynQLjcyi9zC-_z9sSLss=/medium.webp"", ""https://new-projects-media.propertyfinder.com/project/9f831f2c-ad32-434a-8dad-b04a12511903/gallery/image/MR4gBuxrdQvCxGZJS6P3z1aSt9ablbQdEUIW9Df-FM0=/medium.webp"", ""https://new-projects-media.propertyfinder.com/project/9f831f2c-ad32-434a-8dad-b04a12511903/gallery/image/YBFPrFrEu617YMq-3WjqQ8ucSJVhVJXIufcFAR_ayMY=/medium.webp""]",False,False,25.18797436172,0,55.28817862442,7,,project,2026-02-12T17:46:51.763729+00:00,Vela Dorchester Collection
0,new_projects,True,47caec93-7077-4423-993b-61c3f3b52ad4,"[""https://new-projects-media.propertyfinder.com/project/47caec93-7077-4423-993b-61c3f3b52ad4/gallery/image/6_BwzRXa4IrTeGeXCnl7Lwg6s71XbcvhpBcEyGZ2Pb8=/medium.webp"", ""https://new-projects-media.propertyfinder.com/project/47caec93-7077-4423-993b-61c3f3b52ad4/gallery/image/tpzUo9eiK6wKbUvNX-jUMm9j72INwPKYbFoeJg9GgDM=/medium.webp"", ""https://new-projects-media.propertyfinder.com/project/47caec93-7077-4423-993b-61c3f3b52ad4/gallery/image/wdpuTtOFSHV7K0aU8UbHnIrbT0FGNBFT5bevd2YZf-U=/medium.webp"", ""https://new-projects-media.propertyfinder.com/project/47caec93-7077-4423-993b-61c3f3b52ad4/gallery/image/4_giheEDt7Xmvl4k77uBQyzZynmPiQCqeHpse4sSY-U=/medium.webp""]",False,False,25.3008939879,0,55.3156104577,7,,project,2026-02-12T17:46:51.763729+00:00,Ocean Walk
0,new_projects,True,3b22fc7e-c241-4ae7-8485-04de7a26a99c,"[""https://new-projects-media.propertyfinder.com/project/3b22fc7e-c241-4ae7-8485-04de7a26a99c/gallery/image/xg_OBPvjtIDtiCIFLUt4KpK59ocn5-yzNmsp0dY_brs=/medium.webp"", ""https://new-projects-media.propertyfinder.com/project/3b22fc7e-c241-4ae7-8485-04de7a26a99c/gallery/image/ewVG0oWjUY_Mgf3OwIRavIvbF7G4t6xHHdNKsWtkc_Q=/medium.webp"", ""https://new-projects-media.propertyfinder.com/project/3b22fc7e-c241-4ae7-8485-04de7a26a99c/gallery/image/RH4T6A-3j8idFHjOqs6Se372HebO1oPdD1zmChi2lJE=/medium.webp"", ""https://new-projects-media.propertyfinder.com/project/3b22fc7e-c241-4ae7-8485-04de7a26a99c/gallery/image/1xkRCo10Bs8o3oLhqe_Kc4OVJu3wPUyhaZ96kMPJupI=/medium.webp"", ""https://new-projects-media.propertyfinder.com/project/3b22fc7e-c241-4ae7-8485-04de7a26a99c/gallery/image/fhUBE8u7cwY0xEwF4-NZeJKSPXcP5_qaO5VExH123Ow=/medium.webp"", ""https://new-projects-media.propertyfinder.com/project/3b22fc7e-c241-4ae7-8485-04de7a26a99c/gallery/image/yp9_Y_p7QvkV__WW2Ol_VKg17hZ5bMQq0K054nOmOA0=/medium.webp"", ""https://new-projects-media.propertyfinder.com/project/3b22fc7e-c241-4ae7-8485-04de7a26a99c/gallery/image/T3WWwmdS49Ipq7k7AsO6-_evktTJDXM8iLY_QvKEhak=/medium.webp""]",False,False,25.2976632273,0,55.3204805659,7,,project,2026-02-12T17:46:51.763729+00:00,Ocean Bay by Samana
0,new_projects,True,26cd6210-cafb-4707-9743-8ceedb2e64c6,"[""https://new-projects-media.propertyfinder.com/project/26cd6210-cafb-4707-9743-8ceedb2e64c6/gallery/image/HWDAuCQaQdWmJ22bPU4Y2atdcq_IDUOmsCzI8MSzdIA=/medium.webp"", ""https://new-projects-media.propertyfinder.com/project/26cd6210-cafb-4707-9743-8ceedb2e64c6/gallery/image/M92sAeBNZT-yO1e8LaH-ifWl0OQ7Jx6vEpxmZN0WyqA=/medium.webp"", ""https://new-projects-media.propertyfinder.com/project/26cd6210-cafb-4707-9743-8ceedb2e64c6/gallery/image/oLKOqa32s4XSswQww6axFrPyb0bZ31tW17dCRFDvlic=/medium.webp"", ""https://new-projects-media.propertyfinder.com/project/26cd6210-cafb-4707-9743-8ceedb2e64c6/gallery/image/se6yTDBD158jiMGo29u4nN_tLg8VEPYLtvvfvRbMIHI=/medium.webp"", ""https://new-projects-media.propertyfinder.com/project/26cd6210-cafb-4707-9743-8ceedb2e64c6/gallery/image/MiZ-MZsjGXRalQw-5MAAw1I37E2fhDhseuWqU4XH0Ck=/medium.webp"", ""https://new-projects-media.propertyfinder.com/project/26cd6210-cafb-4707-9743-8ceedb2e64c6/gallery/image/TCgpqkYYBt944NRl6UrSWqfQV5dgiWHRKsCE0Pdo-lw=/medium.webp"", ""https://new-projects-media.propertyfinder.com/project/26cd6210-cafb-4707-9743-8ceedb2e64c6/gallery/image/t7Y6v9LsyxoUgVgthl7iuM0mYWEEMe1rxyD0sbL5Cn4=/medium.webp"", ""https://new-projects-media.propertyfinder.com/project/26cd6210-cafb-4707-9743-8ceedb2e64c6/gallery/image/y4uMopJ9ewh3R_Wo5PRVGYdGBpPX-zguSXuQc00-woA=/medium.webp"", ""https://new-projects-media.propertyfinder.com/project/26cd6210-cafb-4707-9743-8ceedb2e64c6/gallery/image/qOW1hX5ZQULX6Wr7ZPtVduY_4YueE-04jR09riJz73E=/medium.webp"", ""https://new-projects-media.propertyfinder.com/project/26cd6210-cafb-4707-9743-8ceedb2e64c6/gallery/image/Y9RXzXVbjmzHKhlMzukaRHxtJ2a2eSI3mFZBdkiJ4gc=/medium.webp"", ""https://new-projects-media.propertyfinder.com/project/26cd6210-cafb-4707-9743-8ceedb2e64c6/gallery/image/62djq4KR6nWkFNE7GnKX6Xi1Jlmk8WegvOSErOHbwVQ=/medium.webp""]",False,False,25.13081940851,0,55.35090009325,7,,project,2026-02-12T17:46:51.763729+00:00,Knightsbridge
0,new_projects,True,f00bcc25-ca68-4fa9-adcc-0dff8f19e9f8,"[""https://new-projects-media.propertyfinder.com/project/f00bcc25-ca68-4fa9-adcc-0dff8f19e9f8/gallery/image/fVw0Sq5Akh0p_KNVfAUo0V_fl_WcQb5khpXPTKaF330=/medium.webp"", ""https://new-projects-media.propertyfinder.com/project/f00bcc25-ca68-4fa9-adcc-0dff8f19e9f8/gallery/image/-Y-kbV56pJhfVBbpc2hsT0hIe8Vxtsos3v2IBlwyUl4=/medium.webp"", ""https://new-projects-media.propertyfinder.com/project/f00bcc25-ca68-4fa9-adcc-0dff8f19e9f8/gallery/image/a2QYCSkYKQdSjQDWTca2kxWBogcNz4NKKk-Fqln4yyo=/medium.webp"", ""https://new-projects-media.propertyfinder.com/project/f00bcc25-ca68-4fa9-adcc-0dff8f19e9f8/gallery/image/aiBKtDcFGpzQSbq0DOYGyiG6ZytTARN45kxECDrOwAs=/medium.webp"", ""https://new-projects-media.propertyfinder.com/project/f00bcc25-ca68-4fa9-adcc-0dff8f19e9f8/gallery/image/2QDcSQH4wLZx-iCzqAG_s6GLjvjakI5s3I1Av0PlOAw=/medium.webp"", ""https://new-projects-media.propertyfinder.com/project/f00bcc25-ca68-4fa9-adcc-0dff8f19e9f8/gallery/image/Y10ItJem2JV3_S4cgu4ed1NMD45cf86a0TIu38b6j7M=/medium.webp"", ""https://new-projects-media.propertyfinder.com/project/f00bcc25-ca68-4fa9-adcc-0dff8f19e9f8/gallery/image/QtCEWQqJ6cmzj3OMySDLm0g1_D4xZnt5rVmttHCzhPk=/medium.webp"", ""https://new-projects-media.propertyfinder.com/project/f00bcc25-ca68-4fa9-adcc-0dff8f19e9f8/gallery/image/62SkWxHj0X2LmVa7ZgN0Ppc-s3oK6XTQ2Cdx05ai9zI=/medium.webp"", ""https://new-projects-media.propertyfinder.com/project/f00bcc25-ca68-4fa9-adcc-0dff8f19e9f8/gallery/image/VqoMCSDft48bfZVnj38MKFi3gpusQXyeL_ia2gdhfvU=/medium.webp""]",False,False,25.11118462678,0,55.14548203938,7,,project,2026-02-12T17:46:51.763729+00:00,Como Residences
0,new_projects,True,0b780079-b425-4e2a-8f33-b2353db650c9,"[""https://new-projects-media.propertyfinder.com/project/0b780079-b425-4e2a-8f33-b2353db650c9/gallery/image/zX2mneXJXwV-cEC0QZ96ojrod_t1krEDZBRxWOUrf8s=/medium.webp"", ""https://new-projects-media.propertyfinder.com/project/0b780079-b425-4e2a-8f33-b2353db650c9/gallery/image/AbMly0W-ZnXY6WRt5eCz19jkTiC4kvi3ih44oitxT1o=/medium.webp"", ""https://new-projects-media.propertyfinder.com/project/0b780079-b425-4e2a-8f33-b2353db650c9/gallery/image/uHqkwAB0eq1NcbdtIsXJ4Fp23C3KIJQ9Razy6C2I22c=/medium.webp"", ""https://new-projects-media.propertyfinder.com/project/0b780079-b425-4e2a-8f33-b2353db650c9/gallery/image/VEaAnG4gd4IyUiOls31ScxEkS09qiYrAT4xNbI0W91g=/medium.webp""]",False,False,24.9602922365,0,55.223207,7,,project,2026-02-12T17:46:51.763729+00:00,Montura at Grand Polo
0,new_projects,True,cd0c4aa7-0947-4218-9a10-8f4c0f0551b7,"[""https://new-projects-media.propertyfinder.com/project/cd0c4aa7-0947-4218-9a10-8f4c0f0551b7/gallery/image/vmq3DpbUi9WsKwNM7KE8ZuPeWcfsNuDfYuu8Y2puOrg=/medium.webp"", ""https://new-projects-media.propertyfinder.com/project/cd0c4aa7-0947-4218-9a10-8f4c0f0551b7/gallery/image/AtKdNfNjmM7xfSTuKmKZhK_quVWVesXCTAAmqNTfv0s=/medium.webp"", ""https://new-projects-media.propertyfinder.com/project/cd0c4aa7-0947-4218-9a10-8f4c0f0551b7/gallery/image/N-jNbNZ64Dp-rUqQP9vNm4zNu1HmqrHYD0lVMyVsEY0=/medium.webp"", ""https://new-projects-media.propertyfinder.com/project/cd0c4aa7-0947-4218-9a10-8f4c0f0551b7/gallery/image/pTTUSEXYIMnOi1nCEs__jhr_ooImyJ-whMsXaPDzbC4=/medium.webp"", ""https://new-projects-media.propertyfinder.com/project/cd0c4aa7-0947-4218-9a10-8f4c0f0551b7/gallery/image/bG8jg4jYR00Dz6Yv7bt7YVkZGdkwFLOxOx_wkmRxBik=/medium.webp""]",False,False,25.2081118491,0,55.2978047153,7,,project,2026-02-12T17:46:51.763729+00:00,Eden House Za’abeel
0,new_projects,True,84c37602-b36d-4e7c-9865-db77e74cedbe,"[""https://new-projects-media.propertyfinder.com/project/84c37602-b36d-4e7c-9865-db77e74cedbe/gallery/image/lZwvUqDci-tWAx-wfqpePhT-MqJCZ4pogtXkSiMJLn0=/medium.webp"", ""https://new-projects-media.propertyfinder.com/project/84c37602-b36d-4e7c-9865-db77e74cedbe/gallery/image/BQ6iK0G74SGFm1M7NwoEiLfzGpOkdOEsXplusGPizsQ=/medium.webp"", ""https://new-projects-media.propertyfinder.com/project/84c37602-b36d-4e7c-9865-db77e74cedbe/gallery/image/5tqWkop4mv-ouYlkbduBJu59wAY56ERyWKT8UvrLQDA=/medium.webp"", ""https://new-projects-media.propertyfinder.com/project/84c37602-b36d-4e7c-9865-db77e74cedbe/gallery/image/wc3FphfeLFQlwf2YcjoExS25_umThUI4gHq3vXOGaWA=/medium.webp"", ""https://new-projects-media.propertyfinder.com/project/84c37602-b36d-4e7c-9865-db77e74cedbe/gallery/image/nUeiFfVLvuK9UGVvWqwtGSwct6PgORZYbP2T-6zhL_E=/medium.webp"", ""https://new-projects-media.propertyfinder.com/project/84c37602-b36d-4e7c-9865-db77e74cedbe/gallery/image/C-LYTzdJUOmnpioNIVWd-rk6rOEDkxNGiGzuCY5X770=/medium.webp""]",False,False,25.039135,0,55.135637,7,,project,2026-02-12T17:46:51.763729+00:00,Sparklz
0,new_projects,True,22a28084-620b-4d1f-b3a8-e27acf350d8c,"[""https://new-projects-media.propertyfinder.com/project/22a28084-620b-4d1f-b3a8-e27acf350d8c/gallery/image/PfOD3DcSNGYm7u7sDLSIBTJOMFPU6_KGSSvn6EkTdAY=/medium.webp"", ""https://new-projects-media.propertyfinder.com/project/22a28084-620b-4d1f-b3a8-e27acf350d8c/gallery/image/LzuH27CUf4jpA7qhNE7KojPt2_4SkqZQbuDRGu2XiUk=/medium.webp"", ""https://new-projects-media.propertyfinder.com/project/22a28084-620b-4d1f-b3a8-e27acf350d8c/gallery/image/zfLFDfR9dPAEnYzVCBVzw3pfNg9wiKLCuXrLKFF552E=/medium.webp"", ""https://new-projects-media.propertyfinder.com/project/22a28084-620b-4d1f-b3a8-e27acf350d8c/gallery/image/ViYjBmYyVgL6i3lTywu4iSJmu-dCbfnGwt1Thm5pPSE=/medium.webp"", ""https://new-projects-media.propertyfinder.com/project/22a28084-620b-4d1f-b3a8-e27acf350d8c/gallery/image/zmRG1uxPwZWA-GGGXImPNO83tX6GaHuvVcD-s7IwpGM=/medium.webp"", ""https://new-projects-media.propertyfinder.com/project/22a28084-620b-4d1f-b3a8-e27acf350d8c/gallery/image/Z17vxbIujh9mxwWzSiKXG-j1sqikmrGpgh0dPqavjhA=/medium.webp"", ""https://new-projects-media.propertyfinder.com/project/22a28084-620b-4d1f-b3a8-e27acf350d8c/gallery/image/CmvIxpbuPwQp4IJ9DFc5iVUoRg7nF9pOOFfRqGEECJA=/medium.webp""]",False,False,25.020375,0,55.245805,7,,project,2026-02-12T17:46:51.763729+00:00,Gems Estates phase 2 By Damac
