amenities,amenity_count,bathrooms,bedrooms,category,currency,has_coordinates,id,images,is_price_outlier,is_size_outlier,latitude,location,location_depth,longitude,page,price,price_per_sqft,property_type,record_type,scraped_at_utc,share_url,size,title
,0,,,commercial_rent,AED,True,51611110,"[""https://static.shared.propertyfinder.ae/media/images/listing/CWHX5RXRKAPGTF1CFVA137K4B8/cc0cf1d5-33eb-4c6e-9d8d-ae0938c09c2d/416x272.jpg"", ""https://static.shared.propertyfinder.ae/media/images/listing/CWHX5RXRKAPGTF1CFVA137K4B8/cc0cf1d5-33eb-4c6e-9d8d-ae0938c09c2d/668x452.jpg""]",False,False,25.097360610961914,"Magnum Opus Tower, Barsha Heights (Tecom), Dubai",3,55.17354202270508,1,1416750.0,,Office Space,,2026-02-12T17:05:07.592433+00:00,,,Mainland License | Premium Office | Close To Metro
,0,,,commercial_rent,AED,True,16292570,"[""https://static.shared.propertyfinder.ae/media/images/listing/99AFJD6XY9SM4MET1PWQ170G20/39a2b6b5-36d4-40e9-ab8f-db7957599666/416x272.jpg"", ""https://static.shared.propertyfinder.ae/media/images/listing/99AFJD6XY9SM4MET1PWQ170G20/39a2b6b5-36d4-40e9-ab8f-db7957599666/668x452.jpg""]",False,False,25.076444625854492,"Jumeirah Business Centre 5 (JBC 5), JLT Cluster W, Jumeirah Lake Towers, Dubai",4,55.14978790283203,1,1229760.0,,Office Space,,2026-02-12T17:05:07.592433+00:00,,,High Floor | A Grade Turnkey | Community Expert
,0,,,commercial_rent,AED,True,16294633,"[""https://static.shared.propertyfinder.ae/media/images/listing/W3S59X9AJC0ZMEBHBYW1JR5QPC/38c42d3b-089f-4aae-b349-2beccfc793d1/416x272.jpg"", ""https://static.shared.propertyfinder.ae/media/images/listing/W3S59X9AJC0ZMEBHBYW1JR5QPC/38c42d3b-089f-4aae-b349-2beccfc793d1/668x452.jpg""]",False,False,25.222679138183594,"Convention Tower, Trade Centre Second, World Trade Center, Dubai",4,55.28900146484375,1,605148.0,,Office Space,,2026-02-12T17:05:07.592433+00:00,,,Premium Quality | Great Location | All Inclusive
,0,,,commercial_rent,AED,True,16295154,"[""https://static.shared.propertyfinder.ae/media/images/listing/Z90GVEHJDE81CEET8QFF86A7ZM/f998edf6-9307-4b79-beb1-2c2252556cda/416x272.jpg"", ""https://static.shared.propertyfinder.ae/media/images/listing/Z90GVEHJDE81CEET8QFF86A7ZM/f998edf6-9307-4b79-beb1-2c2252556cda/668x452.jpg""]",False,False,25.230085372924805,"The H Hotel, Sheikh Zayed Road, Dubai",3,55.28697204589844,1,525000.0,,Office Space,,2026-02-12T17:05:07.592433+00:00,,,RARE LUXURY OFFICE | FITTED | UNFURNISHED
,0,,,commercial_rent,AED,True,16302713,"[""https://static.shared.propertyfinder.ae/media/images/listing/GQTH009D8NKVNBTHKM11X4TM9C/411afd12-1cb2-4a47-ba5e-ae1b71d6f219/416x272.jpg"", ""https://static.shared.propertyfinder.ae/media/images/listing/GQTH009D8NKVNBTHKM11X4TM9C/411afd12-1cb2-4a47-ba5e-ae1b71d6f219/668x452.jpg""]",False,False,25.230085372924805,"The H Hotel, Sheikh Zayed Road, Dubai",3,55.28697204589844,1,525000.0,,Office Space,,2026-02-12T17:05:07.592433+00:00,,,Fitted Office | 5 Star Hotel | Prime Location
,0,,,commercial_rent,AED,True,16289339,"[""https://static.shared.propertyfinder.ae/media/images/listing/4Q3Y1Y53B47EPQZ91FWWG8Z9W4/634f7f2e-72af-4a84-90d1-15dde9147f24/416x272.jpg"", ""https://static.shared.propertyfinder.ae/media/images/listing/4Q3Y1Y53B47EPQZ91FWWG8Z9W4/634f7f2e-72af-4a84-90d1-15dde9147f24/668x452.jpg""]",False,False,25.21571159362793,"Maze Tower, Sheikh Zayed Road, Dubai",3,55.27940368652344,1,3052000.0,,Office Space,,2026-02-12T17:05:07.592433+00:00,,,7630 SQ FT | FULLY FITTED OFFICE | PANORAMIC VIEW
,0,,,commercial_rent,AED,True,16271023,"[""https://static.shared.propertyfinder.ae/media/images/listing/M8AQ1ZW9HR7376XENVJE8MYMSG/e6961e85-b4b6-40ef-94a5-9022f348baf0/416x272.jpg"", ""https://static.shared.propertyfinder.ae/media/images/listing/M8AQ1ZW9HR7376XENVJE8MYMSG/e6961e85-b4b6-40ef-94a5-9022f348baf0/668x452.jpg""]",False,False,25.077173233032227,"Red Diamond, Jumeirah Lake Towers, Dubai",3,55.15502166748047,1,457200.0,,Office Space,,2026-02-12T17:05:07.592433+00:00,,,Fitted Office | JLT | Main Road
,0,,,commercial_rent,AED,True,16222955,"[""https://static.shared.propertyfinder.ae/media/images/listing/5PQ5KSD5EPBBWH3NH53KDMVA78/86444b03-b9f7-4c50-8d36-268162a49401/416x272.jpg"", ""https://static.shared.propertyfinder.ae/media/images/listing/5PQ5KSD5EPBBWH3NH53KDMVA78/86444b03-b9f7-4c50-8d36-268162a49401/668x452.jpg""]",False,False,25.06743621826172,"Mazaya Business Avenue AA1, Mazaya Business Avenue, Jumeirah Lake Towers, Dubai",4,55.144325256347656,1,897492.0,,Office Space,,2026-02-12T17:05:07.592433+00:00,,,Half Floor Unit| Vacant | Ready to Move in
,0,,,commercial_rent,AED,True,16216239,"[""https://static.shared.propertyfinder.ae/media/images/listing/3N2DEZ8HJ816H5CGPDFK6GA6SR/6d56dbb1-8d20-4d0f-932a-87084ca42174/416x272.jpg"", ""https://static.shared.propertyfinder.ae/media/images/listing/3N2DEZ8HJ816H5CGPDFK6GA6SR/6d56dbb1-8d20-4d0f-932a-87084ca42174/668x452.jpg""]",False,False,25.186038970947266,"Ontario Tower, Business Bay, Dubai",3,55.26225662231445,1,395000.0,,Office Space,,2026-02-12T17:05:07.592433+00:00,,,High Floor | Prime Location | 3 Parking Spaces
,0,,,commercial_rent,AED,True,16293084,"[""https://static.shared.propertyfinder.ae/media/images/listing/TVMRR0Q0QF6GWNQRE6DYFZ4H78/81687c01-7831-4e0d-96c1-2b83125fcdac/416x272.jpg"", ""https://static.shared.propertyfinder.ae/media/images/listing/TVMRR0Q0QF6GWNQRE6DYFZ4H78/81687c01-7831-4e0d-96c1-2b83125fcdac/668x452.jpg""]",False,False,25.26177406311035,"Industrial Area 18, Sharjah Industrial Area, Sharjah",3,55.49519348144531,1,350000.0,,Warehouse,,2026-02-12T17:05:07.592433+00:00,,,Prime Location I 7.5Mtr Height I 20KW
,0,,,commercial_rent,AED,True,16215188,"[""https://static.shared.propertyfinder.ae/media/images/listing/DB15Y6Y3VC7YYR4KYBY6WR7EB4/53e6344c-aa00-4f1b-91db-86bb5bb50eb4/416x272.jpg"", ""https://static.shared.propertyfinder.ae/media/images/listing/DB15Y6Y3VC7YYR4KYBY6WR7EB4/53e6344c-aa00-4f1b-91db-86bb5bb50eb4/668x452.jpg""]",False,False,25.183889389038086,"Al Manara Tower, Business Bay, Dubai",3,55.25972366333008,1,219000.0,,Office Space,,2026-02-12T17:05:07.592433+00:00,,,Fitted | Glass Partitions | Prime Location
,0,,,commercial_rent,AED,True,16215056,"[""https://static.shared.propertyfinder.ae/media/images/listing/FVKVWBTGR5ZPGSRQ2Y9DCXTSWC/46c1bc33-6ee8-40d1-8d85-5cb4f138a129/416x272.jpg"", ""https://static.shared.propertyfinder.ae/media/images/listing/FVKVWBTGR5ZPGSRQ2Y9DCXTSWC/46c1bc33-6ee8-40d1-8d85-5cb4f138a129/668x452.jpg""]",False,False,25.188640594482422,"Clover Bay Tower, Business Bay, Dubai",3,55.26969909667969,1,320000.0,,Office Space,,2026-02-12T17:05:07.592433+00:00,,,Furnished | Corner Office | Burj Khalifa View
,0,,,commercial_rent,AED,True,16245863,"[""https://static.shared.propertyfinder.ae/media/images/listing/2QG2ZREDT6QJGJ3475SFKP00E0/fb3d2b47-9931-40e9-90ff-8e8ca73dca58/416x272.jpg"", ""https://static.shared.propertyfinder.ae/media/images/listing/2QG2ZREDT6QJGJ3475SFKP00E0/fb3d2b47-9931-40e9-90ff-8e8ca73dca58/668x452.jpg""]",True,False,25.076444625854492,"Jumeirah Business Centre 5 (JBC 5), JLT Cluster W, Jumeirah Lake Towers, Dubai",4,55.14978790283203,1,4090168.0,,Office Space,,2026-02-12T17:05:07.592433+00:00,,,A Grade Turnkey | Large Office | Community Expert
,0,,,commercial_rent,AED,True,16290968,"[""https://static.shared.propertyfinder.ae/media/images/listing/1WW58P5V5C04AD4MBN3N27SE1C/c2ffc786-2276-4323-ac63-d338402bbd31/416x272.jpg"", ""https://static.shared.propertyfinder.ae/media/images/listing/1WW58P5V5C04AD4MBN3N27SE1C/c2ffc786-2276-4323-ac63-d338402bbd31/668x452.jpg""]",True,False,24.98343849182129,"Phase 1, Dubai Investment Park (DIP), Dubai",3,55.15414047241211,1,23294505.0,,Warehouse,,2026-02-12T17:05:07.592433+00:00,,,Exclusive Logistics Pre Leasing | Grade A Hub
,0,,,commercial_rent,AED,True,16233331,"[""https://static.shared.propertyfinder.ae/media/images/listing/9J7TFPS3R4ND18A407ZEE8VKDC/fbc2e217-ed8e-43a5-a16b-a01a9cdcd3d7/416x272.jpg"", ""https://static.shared.propertyfinder.ae/media/images/listing/9J7TFPS3R4ND18A407ZEE8VKDC/fbc2e217-ed8e-43a5-a16b-a01a9cdcd3d7/668x452.jpg""]",False,False,25.068204879760742,"Mazaya Business Avenue BB1, Mazaya Business Avenue, Jumeirah Lake Towers, Dubai",4,55.14501190185547,1,658875.0,,Office Space,,2026-02-12T17:05:07.592433+00:00,,,5 Parkings | One of A Kind Office | Turnkey
,0,,,commercial_rent,AED,True,16232684,"[""https://static.shared.propertyfinder.ae/media/images/listing/CZS25J1YF56FC6N9GXXYZZSGK4/64d3c0e2-9e79-44da-9eb5-a1ac1731baf7/416x272.jpg"", ""https://static.shared.propertyfinder.ae/media/images/listing/CZS25J1YF56FC6N9GXXYZZSGK4/64d3c0e2-9e79-44da-9eb5-a1ac1731baf7/668x452.jpg""]",False,False,25.068204879760742,"Mazaya Business Avenue BB1, Mazaya Business Avenue, Jumeirah Lake Towers, Dubai",4,55.14501190185547,1,1481000.0,,Office Space,,2026-02-12T17:05:07.592433+00:00,,,Turnkey Office | Furnished | DMCC License
,0,,,commercial_rent,AED,True,16267167,"[""https://static.shared.propertyfinder.ae/media/images/listing/PMPFB39Y6VYYT4DW1KMXPAR33C/e640cffe-26d1-4bc5-920f-611bcb33e9de/416x272.jpg"", ""https://static.shared.propertyfinder.ae/media/images/listing/PMPFB39Y6VYYT4DW1KMXPAR33C/e640cffe-26d1-4bc5-920f-611bcb33e9de/668x452.jpg""]",False,False,25.633222579956055,"Khatt, Ras Al Khaimah",2,56.00853729248047,1,120000.0,,Staff Accommodation,,2026-02-12T17:05:07.592433+00:00,,,8 BR Villa for Rent|Fahlain| Labour Accommodation
,0,,,commercial_rent,AED,True,16233322,"[""https://static.shared.propertyfinder.ae/media/images/listing/JWS6DMSRAJNJH0NA2AVZ9W6FGM/9d68423f-5a2e-4b7b-a6d2-61808fc07373/416x272.jpg"", ""https://static.shared.propertyfinder.ae/media/images/listing/JWS6DMSRAJNJH0NA2AVZ9W6FGM/9d68423f-5a2e-4b7b-a6d2-61808fc07373/668x452.jpg""]",False,False,25.068456649780273,"Silver Tower (Ag Tower), JLT Cluster I, Jumeirah Lake Towers, Dubai",4,55.142635345458984,1,349999.0,,Office Space,,2026-02-12T17:05:07.592433+00:00,,,2 Parkings | Furnished | Community Expert
,0,,,commercial_rent,AED,True,16233299,"[""https://static.shared.propertyfinder.ae/media/images/listing/0WYEADXQTDQ9NCVZ4HKRTJ4YMM/89350cc2-b526-43df-9519-21f972a231b5/416x272.jpg"", ""https://static.shared.propertyfinder.ae/media/images/listing/0WYEADXQTDQ9NCVZ4HKRTJ4YMM/89350cc2-b526-43df-9519-21f972a231b5/668x452.jpg""]",False,False,25.077316284179688,"Oaks Liwa Heights, JLT Cluster W, Jumeirah Lake Towers, Dubai",4,55.15049743652344,1,200000.0,,Office Space,,2026-02-12T17:05:07.592433+00:00,,,A Grade | DMCC | High Floor | Fitted
,0,,,commercial_rent,AED,True,16238409,"[""https://static.shared.propertyfinder.ae/media/images/listing/TB08E9MD1KPCBG964C60T5ENSR/0182b470-230f-43c2-8507-288a3c550a86/416x272.jpg"", ""https://static.shared.propertyfinder.ae/media/images/listing/TB08E9MD1KPCBG964C60T5ENSR/0182b470-230f-43c2-8507-288a3c550a86/668x452.jpg""]",True,False,25.043970108032227,"Casa Flores, Green Community Motor City, Motor City, Dubai",4,55.23432922363281,1,3200000.0,,Retail,,2026-02-12T17:05:07.592433+00:00,,,Investment Opportunity | Prime Location
,0,,,commercial_rent,AED,True,16206409,"[""https://static.shared.propertyfinder.ae/media/images/listing/F8VTWQ8W7BHD5FJ6BREZVPV7YR/d9d349cb-19f3-4a92-922f-16914e03763a/416x272.jpg"", ""https://static.shared.propertyfinder.ae/media/images/listing/F8VTWQ8W7BHD5FJ6BREZVPV7YR/d9d349cb-19f3-4a92-922f-16914e03763a/668x452.jpg""]",False,False,25.17959213256836,"Sobha Ivory Tower 1, Sobha Ivory Towers, Business Bay, Dubai",4,55.27180862426758,1,315000.0,,Office Space,,2026-02-12T17:05:07.592433+00:00,,,BRAND NEW | LUXURY FITOUT | READY TO MOVE
,0,,,commercial_rent,AED,True,16225633,"[""https://static.shared.propertyfinder.ae/media/images/listing/Z05CF5CZY04D3FMBQW96R14KBW/421301b3-b488-480e-b76e-d36f07c64df1/416x272.jpg"", ""https://static.shared.propertyfinder.ae/media/images/listing/Z05CF5CZY04D3FMBQW96R14KBW/421301b3-b488-480e-b76e-d36f07c64df1/668x452.jpg""]",False,False,25.097360610961914,"Magnum Opus Tower, Barsha Heights (Tecom), Dubai",3,55.17354202270508,1,258375.0,,Office Space,,2026-02-12T17:05:07.592433+00:00,,,Upgraded Tower | Premium Office | Close To Metro
,0,,,commercial_rent,AED,True,16256589,"[""https://static.shared.propertyfinder.ae/media/images/listing/8NXDM2E2YRRQSRDYYG1PHDR6QC/0bb64121-f369-4613-a294-34574c58cdb8/416x272.jpg"", ""https://static.shared.propertyfinder.ae/media/images/listing/8NXDM2E2YRRQSRDYYG1PHDR6QC/0bb64121-f369-4613-a294-34574c58cdb8/668x452.jpg""]",False,False,25.173500061035156,"AZIZI Riviera 29, AZIZI Riviera, Meydan One, Meydan, Dubai",5,55.30610275268555,1,399000.0,,Retail,,2026-02-12T17:05:07.592433+00:00,,,Fitted Restaurant | Fully Equipped Kitchen
,0,,,commercial_rent,AED,True,51191556,"[""https://static.shared.propertyfinder.ae/media/images/listing/TK15V99TZFRMNV88SY2EYKFBE0/7afdf868-7d10-4874-bc05-5aa06bcfaa06/416x272.jpg"", ""https://static.shared.propertyfinder.ae/media/images/listing/TK15V99TZFRMNV88SY2EYKFBE0/7afdf868-7d10-4874-bc05-5aa06bcfaa06/668x452.jpg""]",True,False,24.985824584960938,"Freezone North, Jebel Ali Freezone, Jebel Ali, Dubai",4,55.04335021972656,1,3150000.0,,Warehouse,,2026-02-12T17:05:07.592433+00:00,,,Spacious Warehouse | With Racking | 10 Mtrs
,0,,,commercial_rent,AED,True,16249563,"[""https://static.shared.propertyfinder.ae/media/images/listing/M61B5FZDKSZ13M0MVBX2S36E0C/4b471b6a-a0c2-4083-96fe-14bd62891fc6/416x272.jpg"", ""https://static.shared.propertyfinder.ae/media/images/listing/M61B5FZDKSZ13M0MVBX2S36E0C/4b471b6a-a0c2-4083-96fe-14bd62891fc6/668x452.jpg""]",False,False,25.1807804107666,"Business Tower, Business Bay, Dubai",3,55.26863098144531,1,285000.0,,Retail,,2026-02-12T17:05:07.592433+00:00,,,Vacant | Business Bay | LLC License
,0,,,commercial_rent,AED,True,16246745,"[""https://static.shared.propertyfinder.ae/media/images/listing/D2FBAWVJMYW2XYBVE49MX66NFG/c584ce18-233d-4640-bbb9-90eae871d510/416x272.jpg"", ""https://static.shared.propertyfinder.ae/media/images/listing/D2FBAWVJMYW2XYBVE49MX66NFG/c584ce18-233d-4640-bbb9-90eae871d510/668x452.jpg""]",False,False,25.07074546813965,"Jumeirah Business Centre 1 (JBC 1), JLT Cluster G, Jumeirah Lake Towers, Dubai",4,55.14360046386719,2,236285.0,,Office Space,,2026-02-12T17:05:10.807134+00:00,,,Lake View | Glass Fitted | Prime Location
,0,,,commercial_rent,AED,True,16259723,"[""https://static.shared.propertyfinder.ae/media/images/listing/2V8TH6YBK3CHCYBTE08X48YGNG/634aea2b-d103-436b-aa14-7257f37d3368/416x272.jpg"", ""https://static.shared.propertyfinder.ae/media/images/listing/2V8TH6YBK3CHCYBTE08X48YGNG/634aea2b-d103-436b-aa14-7257f37d3368/668x452.jpg""]",False,False,25.20029067993164,"Building 3, Emaar Square, Downtown Dubai, Dubai",4,55.27206039428711,2,35200.0,,Business Centre,,2026-02-12T17:05:10.807134+00:00,,,Premium Desk | Downtown Business Address
,0,,,commercial_rent,AED,True,15730271,"[""https://static.shared.propertyfinder.ae/media/images/listing/X6JVK0EE9BDYXG80T9ESW9TGAW/b685c51b-6e78-44ef-a2df-88640778f2a3/416x272.jpg"", ""https://static.shared.propertyfinder.ae/media/images/listing/X6JVK0EE9BDYXG80T9ESW9TGAW/b685c51b-6e78-44ef-a2df-88640778f2a3/668x452.jpg""]",False,False,25.097034454345703,"The Onyx Tower 1, The Onyx Towers, Greens, Dubai",4,55.168514251708984,2,1500000.0,,Office Space,,2026-02-12T17:05:10.807134+00:00,,,Fitted & Partitioned Office for Rent | Onyx Tower
,0,,,commercial_rent,AED,True,16215287,"[""https://static.shared.propertyfinder.ae/media/images/listing/RMNM7VGK2QT83Q7CFJ1FWBQ2GG/547bba77-674c-4dc0-9d53-76eb75cf5098/416x272.jpg"", ""https://static.shared.propertyfinder.ae/media/images/listing/RMNM7VGK2QT83Q7CFJ1FWBQ2GG/547bba77-674c-4dc0-9d53-76eb75cf5098/668x452.jpg""]",False,False,25.068410873413086,"Binghatti Azure, District 16, Jumeirah Village Circle, Dubai",4,55.21212387084961,2,420000.0,,Retail,,2026-02-12T17:05:10.807134+00:00,,,ROAD FACING| GREAT CEILING HEIGHT | BRAND NEW
,0,,,commercial_rent,AED,True,16293057,"[""https://static.shared.propertyfinder.ae/media/images/listing/Y5X8X6QGMGZ90Y99J4ACN2N29W/ab17ebb4-74e9-49a8-ac5f-e2b14b34a3f0/416x272.jpg"", ""https://static.shared.propertyfinder.ae/media/images/listing/Y5X8X6QGMGZ90Y99J4ACN2N29W/ab17ebb4-74e9-49a8-ac5f-e2b14b34a3f0/668x452.jpg""]",True,False,24.971237182617188,"Freezone South, Jebel Ali Freezone, Jebel Ali, Dubai",4,55.053863525390625,2,4500000.0,,Warehouse,,2026-02-12T17:05:10.807134+00:00,,,Industrial Shed | 150000 sqft | 4 x 5 Ton Cranes
,0,,,commercial_rent,AED,True,16293051,"[""https://static.shared.propertyfinder.ae/media/images/listing/3KHVRC3EE0ZAMK5HCB917WTB8W/b4311458-1014-4482-9baf-90333972496f/416x272.jpg"", ""https://static.shared.propertyfinder.ae/media/images/listing/3KHVRC3EE0ZAMK5HCB917WTB8W/b4311458-1014-4482-9baf-90333972496f/668x452.jpg""]",False,False,24.985824584960938,"Freezone North, Jebel Ali Freezone, Jebel Ali, Dubai",4,55.04335021972656,2,1347000.0,,Warehouse,,2026-02-12T17:05:10.807134+00:00,,,NO SUBLEASE | Manufacturing or Logistics/Storage
,0,,,commercial_rent,AED,True,16256646,"[""https://static.shared.propertyfinder.ae/media/images/listing/5DCB8JN6Y25W20Y8G28BBTYES0/3dc10229-f2a4-4ef2-91bd-f2f7692277cb/416x272.jpg"", ""https://static.shared.propertyfinder.ae/media/images/listing/5DCB8JN6Y25W20Y8G28BBTYES0/3dc10229-f2a4-4ef2-91bd-f2f7692277cb/668x452.jpg""]",False,False,25.25241470336914,"BurJuman Business Tower, Mankhool, Bur Dubai, Dubai",4,55.30215072631836,2,38000.0,,Business Centre,,2026-02-12T17:05:10.807134+00:00,,,Serviced Office | BurJuman Business Centre
,0,,,commercial_rent,AED,True,16218027,"[""https://static.shared.propertyfinder.ae/media/images/listing/DZK873NYV33GFAGTDDVZM65SD8/1d7c617a-949c-450d-ab5e-dd7e998859a4/416x272.jpg"", ""https://static.shared.propertyfinder.ae/media/images/listing/DZK873NYV33GFAGTDDVZM65SD8/1d7c617a-949c-450d-ab5e-dd7e998859a4/668x452.jpg""]",True,False,25.136259078979492,"Atria Square, Al Barsha 1, Al Barsha, Dubai",4,55.19091796875,2,4593078.0,,Office Space,,2026-02-12T17:05:10.807134+00:00,,,Brand New | Office Space | Grade A Building
,0,,,commercial_rent,AED,True,16277970,"[""https://static.shared.propertyfinder.ae/media/images/listing/8N1NPFEDFJ018WDFJXPRGS36EC/e0c98a3a-18db-45d7-b4df-8ce7e99e1b0d/416x272.jpg"", ""https://static.shared.propertyfinder.ae/media/images/listing/8N1NPFEDFJ018WDFJXPRGS36EC/e0c98a3a-18db-45d7-b4df-8ce7e99e1b0d/668x452.jpg""]",False,False,25.011554718017578,"Jebel Ali Industrial 1, Jebel Ali Industrial, Jebel Ali, Dubai",4,55.11389923095703,2,590300.0,,Warehouse,,2026-02-12T17:05:10.807134+00:00,,,250 KW Power| Air Conditioned 5903 Sqft
,0,,,commercial_rent,AED,True,16227457,"[""https://static.shared.propertyfinder.ae/media/images/listing/ADYKS21BGQJJP21GDH59KN96D8/76d40527-b583-4eac-98d9-863aaec548e7/416x272.jpg"", ""https://static.shared.propertyfinder.ae/media/images/listing/ADYKS21BGQJJP21GDH59KN96D8/76d40527-b583-4eac-98d9-863aaec548e7/668x452.jpg""]",False,False,25.185789108276367,"Opal Tower, Business Bay, Dubai",3,55.27592086791992,2,280000.0,,Office Space,,2026-02-12T17:05:10.807134+00:00,,,Furnished | Fitted | Partitioned | Open View
,0,,,commercial_rent,AED,True,16274318,"[""https://static.shared.propertyfinder.ae/media/images/listing/7XSQGGKH8FAGJ9GJP5ZTN138BM/22002150-c496-4adc-b441-16c599fabb0a/416x272.jpg"", ""https://static.shared.propertyfinder.ae/media/images/listing/7XSQGGKH8FAGJ9GJP5ZTN138BM/22002150-c496-4adc-b441-16c599fabb0a/668x452.jpg""]",False,False,25.011554718017578,"Jebel Ali Industrial 1, Jebel Ali Industrial, Jebel Ali, Dubai",4,55.11389923095703,2,162160.0,,Warehouse,,2026-02-12T17:05:10.807134+00:00,,,AED 40/sqft Only 4054 Sqft Warehouse in Jebel Ali
,0,,,commercial_rent,AED,True,16274271,"[""https://static.shared.propertyfinder.ae/media/images/listing/X4Y462A4HYWS8EJBNSZX7SD224/9dcdcbbb-7bf0-46dd-b811-a89ed93bdf5d/416x272.jpg"", ""https://static.shared.propertyfinder.ae/media/images/listing/X4Y462A4HYWS8EJBNSZX7SD224/9dcdcbbb-7bf0-46dd-b811-a89ed93bdf5d/668x452.jpg""]",False,False,25.011554718017578,"Jebel Ali Industrial 1, Jebel Ali Industrial, Jebel Ali, Dubai",4,55.11389923095703,2,174800.0,,Warehouse,,2026-02-12T17:05:10.807134+00:00,,,Only AED 40 psft 4370 sqft Warehouse|Jebel Ali 1
,0,,,commercial_rent,AED,True,16293070,"[""https://static.shared.propertyfinder.ae/media/images/listing/3GC4VEJKPAG31EJ97JEDMCRXN0/8c334bf0-c4a6-420f-8b79-9c3b71b49b15/416x272.jpg"", ""https://static.shared.propertyfinder.ae/media/images/listing/3GC4VEJKPAG31EJ97JEDMCRXN0/8c334bf0-c4a6-420f-8b79-9c3b71b49b15/668x452.jpg""]",False,False,24.985824584960938,"Freezone North, Jebel Ali Freezone, Jebel Ali, Dubai",4,55.04335021972656,2,1200000.0,,Warehouse,,2026-02-12T17:05:10.807134+00:00,,,Logistics | Racked | Multiple Loading Bays
,0,,,commercial_rent,AED,True,16096740,"[""https://static.shared.propertyfinder.ae/media/images/listing/005PGCYKFSWD9XDRMCMS1M0PG0/cfdaa19d-f009-46ef-ad84-8ef322b75dd0/416x272.jpg"", ""https://static.shared.propertyfinder.ae/media/images/listing/005PGCYKFSWD9XDRMCMS1M0PG0/cfdaa19d-f009-46ef-ad84-8ef322b75dd0/668x452.jpg""]",False,False,25.06511116027832,"Dubai Star, JLT Cluster L, Jumeirah Lake Towers, Dubai",4,55.137657165527344,2,185000.0,,Office Space,,2026-02-12T17:05:10.807134+00:00,,,Furnished Office | Premium Fit Out | Brand New
,0,,,commercial_rent,AED,True,16290760,"[""https://static.shared.propertyfinder.ae/media/images/listing/S7T38PB8W43X1PXK0HQ2Y76YDW/79eea193-947a-4fd8-9814-e380d2d7d3a5/416x272.jpg"", ""https://static.shared.propertyfinder.ae/media/images/listing/S7T38PB8W43X1PXK0HQ2Y76YDW/79eea193-947a-4fd8-9814-e380d2d7d3a5/668x452.jpg""]",True,False,25.179397583007812,"Ras Al Khor Industrial 2, Ras Al Khor Industrial, Ras Al Khor, Dubai",4,55.355831146240234,2,4073279.0,,Warehouse,,2026-02-12T17:05:10.807134+00:00,,,Exclusive | 380 KW | 11 Meters | Corner Unit
,0,,,commercial_rent,AED,True,16193695,"[""https://static.shared.propertyfinder.ae/media/images/listing/R3G4G6Z7MN5FX2JCQ43V0AG11G/07b72e2a-0f88-4b0d-b0d5-241723c44753/416x272.jpg"", ""https://static.shared.propertyfinder.ae/media/images/listing/R3G4G6Z7MN5FX2JCQ43V0AG11G/07b72e2a-0f88-4b0d-b0d5-241723c44753/668x452.jpg""]",False,False,25.222679138183594,"Convention Tower, Trade Centre Second, World Trade Center, Dubai",4,55.28900146484375,2,108000.0,,Office Space,,2026-02-12T17:05:10.807134+00:00,,,PRIVATE| DWTC /DED| BILLS INCLUDED| NO COMMISSION
,0,,,commercial_rent,AED,True,16238313,"[""https://static.shared.propertyfinder.ae/media/images/listing/J0FEZX0NCVK5HG3D3D2PCEP5EM/1519230d-d111-4312-940c-125510d9c0e2/416x272.jpg"", ""https://static.shared.propertyfinder.ae/media/images/listing/J0FEZX0NCVK5HG3D3D2PCEP5EM/1519230d-d111-4312-940c-125510d9c0e2/668x452.jpg""]",False,False,25.053926467895508,"Binghatti Royale, District 18, Jumeirah Village Circle, Dubai",4,55.19969177246094,2,1228220.0,,Retail,,2026-02-12T17:05:10.807134+00:00,,,Park Facing | Suitable for All kinds of Business
,0,,,commercial_rent,AED,True,16212288,"[""https://static.shared.propertyfinder.ae/media/images/listing/HNP4EQX1MW49FBQ4YEAM9CYWT0/a861412c-fe76-43ee-88c5-d93d79adfa03/416x272.jpg"", ""https://static.shared.propertyfinder.ae/media/images/listing/HNP4EQX1MW49FBQ4YEAM9CYWT0/a861412c-fe76-43ee-88c5-d93d79adfa03/668x452.jpg""]",False,False,25.097578048706055,"I Rise Tower, Barsha Heights (Tecom), Dubai",3,55.18110275268555,2,232000.0,,Office Space,,2026-02-12T17:05:10.807134+00:00,,,Prime Location I Vacant I Furnished
,0,,,commercial_rent,AED,True,16283212,"[""https://static.shared.propertyfinder.ae/media/images/listing/9NVC4WFCMFPFJD29WBE6B829W8/247f854a-5206-48f4-903c-625444003d55/416x272.jpg"", ""https://static.shared.propertyfinder.ae/media/images/listing/9NVC4WFCMFPFJD29WBE6B829W8/247f854a-5206-48f4-903c-625444003d55/668x452.jpg""]",False,False,25.185365676879883,"Park Lane Tower, Business Bay, Dubai",3,55.261940002441406,2,70000.0,,Office Space,,2026-02-12T17:05:10.807134+00:00,,,Fully Fitted | Community View | High Floor
,0,,,commercial_rent,AED,True,15995180,"[""https://static.shared.propertyfinder.ae/media/images/listing/8VHFHVQ997FKK85GFG71S8HN4W/0132d01e-7a1d-432a-b538-6e7c248165cd/416x272.jpg"", ""https://static.shared.propertyfinder.ae/media/images/listing/8VHFHVQ997FKK85GFG71S8HN4W/0132d01e-7a1d-432a-b538-6e7c248165cd/668x452.jpg""]",False,False,25.186389923095703,"Westburry Tower 1, Westburry Square, Business Bay, Dubai",4,55.2744255065918,2,230000.0,,Office Space,,2026-02-12T17:05:10.807134+00:00,,,Furnished | Fitted | Burj View | Prime Location
,0,,,commercial_rent,AED,True,16186593,"[""https://static.shared.propertyfinder.ae/media/images/listing/PF0MDS89ZQCM4AEF6NZ6J09GE4/2ae0e67e-0455-4068-88cb-7ebd66349e67/416x272.jpg"", ""https://static.shared.propertyfinder.ae/media/images/listing/PF0MDS89ZQCM4AEF6NZ6J09GE4/2ae0e67e-0455-4068-88cb-7ebd66349e67/668x452.jpg""]",False,False,25.184873580932617,"The Metropolis, Business Bay, Dubai",3,55.276729583740234,2,375000.0,,Office Space,,2026-02-12T17:05:10.807134+00:00,,,Fully Furnished| Prime Location | Community Expert
,0,,,commercial_rent,AED,True,16277779,"[""https://static.shared.propertyfinder.ae/media/images/listing/H5VJEEKWDEX24CT0MYXQ37GK94/def6664e-8eeb-4faf-9345-ca3058979c06/416x272.jpg"", ""https://static.shared.propertyfinder.ae/media/images/listing/H5VJEEKWDEX24CT0MYXQ37GK94/def6664e-8eeb-4faf-9345-ca3058979c06/668x452.jpg""]",False,False,24.971237182617188,"Freezone South, Jebel Ali Freezone, Jebel Ali, Dubai",4,55.053863525390625,2,2250000.0,,Warehouse,,2026-02-12T17:05:10.807134+00:00,,,JAFZA FREEZONE I NEW FACILITY I Q2 2026
,0,,,commercial_rent,AED,True,51153758,"[""https://static.shared.propertyfinder.ae/media/images/listing/NAX48E7TEFPRDWRFXRMR5RQE5R/a0fcfc49-507d-4dcb-a9fd-757ec4418e75/416x272.jpg"", ""https://static.shared.propertyfinder.ae/media/images/listing/NAX48E7TEFPRDWRFXRMR5RQE5R/a0fcfc49-507d-4dcb-a9fd-757ec4418e75/668x452.jpg""]",False,False,25.222679138183594,"Convention Tower, Trade Centre Second, World Trade Center, Dubai",4,55.28900146484375,2,605148.0,,Office Space,,2026-02-12T17:05:10.807134+00:00,,,Private Serviced Office | DWTC | High End
,0,,,commercial_rent,AED,True,16293089,"[""https://static.shared.propertyfinder.ae/media/images/listing/92Z0C98YJ9CMQ0GNCRRZD3F53C/ed4e8789-853f-4a4f-b5e7-cb4ca6265d4c/416x272.jpg"", ""https://static.shared.propertyfinder.ae/media/images/listing/92Z0C98YJ9CMQ0GNCRRZD3F53C/ed4e8789-853f-4a4f-b5e7-cb4ca6265d4c/668x452.jpg""]",False,False,25.3082218170166,"Al Sajaa Industrial, Al Sajaa, Sharjah",3,55.65555953979492,2,200000.0,,Warehouse,,2026-02-12T17:05:10.807134+00:00,,,Prime Location I 2 7.5Mtr Height I 20KW
,0,,,commercial_rent,AED,True,16272269,"[""https://static.shared.propertyfinder.ae/media/images/listing/WZE2JAHJ5B11BJG20ZXYNMJR34/d7b31e32-4b5b-4594-b071-5cbe4a6089d0/416x272.jpg"", ""https://static.shared.propertyfinder.ae/media/images/listing/WZE2JAHJ5B11BJG20ZXYNMJR34/d7b31e32-4b5b-4594-b071-5cbe4a6089d0/668x452.jpg""]",False,False,25.3082218170166,"Al Sajaa Industrial, Al Sajaa, Sharjah",3,55.65555953979492,2,150000.0,,Land,,2026-02-12T17:05:10.807134+00:00,,,Prime Location •BRAND NEW•2- ROOMS•READY TO MOVE
"[""AN"", ""DN"", ""CR"", ""SY"", ""CP"", ""SP"", ""LB"", ""VC""]",8,1,,commercial_rent,AED,True,16272180,"[""https://static.shared.propertyfinder.ae/media/images/listing/RA5Z4B5F7KE75FXPYSRHJ3CYS0/1d93300d-0238-44a9-8645-dc83ead3048e/416x272.jpg"", ""https://static.shared.propertyfinder.ae/media/images/listing/RA5Z4B5F7KE75FXPYSRHJ3CYS0/1d93300d-0238-44a9-8645-dc83ead3048e/668x452.jpg""]",False,False,25.3082218170166,"Al Sajaa Industrial, Al Sajaa, Sharjah",3,55.65555953979492,3,65000.0,61.904761904761905,Warehouse,property,2026-02-12T17:45:45.049835+00:00,https://www.propertyfinder.ae/en/plp/commercial-rent/warehouse-for-rent-sharjah-al-sajaa-al-sajaa-industrial-16272180.html,1050.0,READY TO MOVE•GOOD LOCATION •CHEAPEST •Nice Height
"[""CP""]",1,4,,commercial_rent,AED,True,15949021,"[""https://static.shared.propertyfinder.ae/media/images/listing/G8H83B19H0ZQXT4H43J5F4CEN8/594d008d-9759-4888-9929-b9353628e98a/416x272.jpg"", ""https://static.shared.propertyfinder.ae/media/images/listing/G8H83B19H0ZQXT4H43J5F4CEN8/594d008d-9759-4888-9929-b9353628e98a/668x452.jpg""]",False,False,25.072267532348633,"Indigo Icon, JLT Cluster F, Jumeirah Lake Towers, Dubai",4,55.143211364746094,3,2750000.0,240.17467248908298,Office Space,property,2026-02-12T17:45:45.049835+00:00,https://www.propertyfinder.ae/en/plp/commercial-rent/office-space-for-rent-dubai-jumeirah-lake-towers-jlt-cluster-f-indigo-icon-15949021.html,11450.0,Brand New Fitout | Premium Office | Near The Metro
"[""AN"", ""CP"", ""DN"", ""CR"", ""LB""]",5,,,commercial_rent,AED,True,16214975,"[""https://static.shared.propertyfinder.ae/media/images/listing/0Y5P5EX9SMZQTZGWK08KR96R1C/8d6c0415-5431-48c4-965a-5d5a5a06a6b7/416x272.jpg"", ""https://static.shared.propertyfinder.ae/media/images/listing/0Y5P5EX9SMZQTZGWK08KR96R1C/8d6c0415-5431-48c4-965a-5d5a5a06a6b7/668x452.jpg""]",False,False,25.18429183959961,"Bayswater, Business Bay, Dubai",3,55.26414489746094,3,175000.0,230.8707124010554,Office Space,property,2026-02-12T17:45:45.049835+00:00,https://www.propertyfinder.ae/en/plp/commercial-rent/office-space-for-rent-dubai-business-bay-bayswater-16214975.html,758.0,Fully furnished | Prime location | Vacant I Canal
"[""AN""]",1,2,,commercial_rent,AED,True,16233147,"[""https://static.shared.propertyfinder.ae/media/images/listing/2EG9MPMDAH4D3F7BTG1JET6W3R/fd6703a7-1fad-44ec-ac8d-152d730802f5/416x272.jpg"", ""https://static.shared.propertyfinder.ae/media/images/listing/2EG9MPMDAH4D3F7BTG1JET6W3R/fd6703a7-1fad-44ec-ac8d-152d730802f5/668x452.jpg""]",False,False,25.548364639282227,"Umm Al Thuoob, Umm Al Quwain",2,55.700618743896484,3,716695.0,35.0,Warehouse,property,2026-02-12T17:45:45.049835+00:00,https://www.propertyfinder.ae/en/plp/commercial-rent/warehouse-for-rent-umm-al-quwain-umm-al-thuoob-16233147.html,20477.0,Spacious 1 BR Warehouse in Umm Al Thuoob
"[""CP"", ""LB""]",2,,,commercial_rent,AED,True,16012447,"[""https://static.shared.propertyfinder.ae/media/images/listing/GJ1TRQ3TT3ABJF6TDF166MVC8M/6d3b88c9-1c45-4ddc-962a-64f8b4508fe4/416x272.jpg"", ""https://static.shared.propertyfinder.ae/media/images/listing/GJ1TRQ3TT3ABJF6TDF166MVC8M/6d3b88c9-1c45-4ddc-962a-64f8b4508fe4/668x452.jpg""]",False,False,25.19129180908203,"B2B Tower, Business Bay, Dubai",3,55.28525924682617,3,97000.0,250.64599483204134,Office Space,property,2026-02-12T17:45:45.049835+00:00,https://www.propertyfinder.ae/en/plp/commercial-rent/office-space-for-rent-dubai-business-bay-b2b-tower-16012447.html,387.0,Fully Fitted Office | B2B | Business Bay
[],0,,,commercial_rent,AED,True,16224182,"[""https://static.shared.propertyfinder.ae/media/images/listing/8ARRHB0P7KB24Z82HZ49YP9WQ4/7a076938-dc17-443a-91b8-b0c28b92283f/416x272.jpg"", ""https://static.shared.propertyfinder.ae/media/images/listing/8ARRHB0P7KB24Z82HZ49YP9WQ4/7a076938-dc17-443a-91b8-b0c28b92283f/668x452.jpg""]",False,False,24.98343849182129,"Phase 1, Dubai Investment Park (DIP), Dubai",3,55.15414047241211,3,2408901.0,55.000251153020685,Warehouse,property,2026-02-12T17:45:45.049835+00:00,https://www.propertyfinder.ae/en/plp/commercial-rent/warehouse-for-rent-dubai-dubai-investment-park-dip-phase-1-16224182.html,43798.0,Ideal for Retailers| Standalone Warehouse| 160 kW
"[""AN"", ""CP"", ""CR"", ""LB""]",4,1,1,commercial_rent,AED,True,16271720,"[""https://static.shared.propertyfinder.ae/media/images/listing/AN9Y790B1CF87G8R852HGFMNY4/fc209c22-55b3-48fc-a855-f6a6b09f5cf5/416x272.jpg"", ""https://static.shared.propertyfinder.ae/media/images/listing/AN9Y790B1CF87G8R852HGFMNY4/fc209c22-55b3-48fc-a855-f6a6b09f5cf5/668x452.jpg""]",False,False,25.076444625854492,"Jumeirah Business Centre 5 (JBC 5), JLT Cluster W, Jumeirah Lake Towers, Dubai",4,55.14978790283203,3,205000.0,146.53323802716227,Office Space,property,2026-02-12T17:45:45.049835+00:00,https://www.propertyfinder.ae/en/plp/commercial-rent/office-space-for-rent-dubai-jumeirah-lake-towers-jlt-cluster-w-jumeirah-business-centre-5-jbc-5-16271720.html,1399.0,Fitted | Vacant Now | Grade A | Partitioned
"[""AN"", ""CP"", ""CR""]",3,,,commercial_rent,AED,True,16167737,"[""https://static.shared.propertyfinder.ae/media/images/listing/1EEPKATM5AVB99X2J1EE79BEAR/ea69cfa0-58a6-42b9-94ca-1e15856321a7/416x272.jpg"", ""https://static.shared.propertyfinder.ae/media/images/listing/1EEPKATM5AVB99X2J1EE79BEAR/ea69cfa0-58a6-42b9-94ca-1e15856321a7/668x452.jpg""]",False,False,25.097578048706055,"I Rise Tower, Barsha Heights (Tecom), Dubai",3,55.18110275268555,3,360000.0,333.64226135310474,Office Space,property,2026-02-12T17:45:45.049835+00:00,https://www.propertyfinder.ae/en/plp/commercial-rent/office-space-for-rent-dubai-barsha-heights-tecom-i-rise-tower-16167737.html,1079.0,Furnished | Sea View | Vacant in March
[],0,2,,commercial_rent,AED,True,51194241,"[""https://static.shared.propertyfinder.ae/media/images/listing/TZ4BFBAAPP3Z4RP18F6ZXH2TNC/08523008-0ae6-4491-9dbc-72856e5d11e8/416x272.jpg"", ""https://static.shared.propertyfinder.ae/media/images/listing/TZ4BFBAAPP3Z4RP18F6ZXH2TNC/08523008-0ae6-4491-9dbc-72856e5d11e8/668x452.jpg""]",False,False,25.19129180908203,"B2B Tower, Business Bay, Dubai",3,55.28525924682617,3,89999.0,214.28333333333333,Office Space,property,2026-02-12T17:45:45.049835+00:00,https://www.propertyfinder.ae/en/plp/commercial-rent/office-space-for-rent-dubai-business-bay-b2b-tower-2Oz084bbLOq.html,420.0,Fitted Office with Parking|High Floor|Canal View
"[""AN"", ""CP"", ""DN"", ""CR"", ""LB""]",5,1,3,commercial_rent,AED,True,16185084,"[""https://static.shared.propertyfinder.ae/media/images/listing/Q3HAYG8KX29A80C73S8XRP7ADM/327dc489-131b-4335-9416-3791bb50f04d/416x272.jpg"", ""https://static.shared.propertyfinder.ae/media/images/listing/Q3HAYG8KX29A80C73S8XRP7ADM/327dc489-131b-4335-9416-3791bb50f04d/668x452.jpg""]",False,False,25.184873580932617,"The Metropolis, Business Bay, Dubai",3,55.276729583740234,3,290000.0,250.21570319240726,Office Space,property,2026-02-12T17:45:45.049835+00:00,https://www.propertyfinder.ae/en/plp/commercial-rent/office-space-for-rent-dubai-business-bay-the-metropolis-16185084.html,1159.0,Fitted | Furnished | Partitioned  | 2 Parkings
[],0,,,commercial_rent,AED,True,16219657,"[""https://static.shared.propertyfinder.ae/media/images/listing/94S520Z7YM1CPR86J91BK9SK6G/8451431c-038c-492e-80ed-e2bd16810a4c/416x272.jpg"", ""https://static.shared.propertyfinder.ae/media/images/listing/94S520Z7YM1CPR86J91BK9SK6G/8451431c-038c-492e-80ed-e2bd16810a4c/668x452.jpg""]",True,False,24.971237182617188,"Freezone South, Jebel Ali Freezone, Jebel Ali, Dubai",4,55.053863525390625,3,4200000.0,47.25897920604915,Warehouse,property,2026-02-12T17:45:45.049835+00:00,https://www.propertyfinder.ae/en/plp/commercial-rent/warehouse-for-rent-dubai-jebel-ali-jebel-ali-freezone-freezone-south-16219657.html,88872.0,High-Spec Warehouse With 10 Loading Bays
[],0,,,commercial_rent,AED,True,16219580,"[""https://static.shared.propertyfinder.ae/media/images/listing/EG5X07MJDES48GX6V1CXM39WSR/8d9c329a-70cb-4b85-b324-1f4aac1e58f1/416x272.jpg"", ""https://static.shared.propertyfinder.ae/media/images/listing/EG5X07MJDES48GX6V1CXM39WSR/8d9c329a-70cb-4b85-b324-1f4aac1e58f1/668x452.jpg""]",True,False,24.9027042388916,"Dubai Logistics City, Dubai South (Dubai World Central), Dubai",3,55.11320495605469,3,7475000.0,60.386961263481034,Warehouse,property,2026-02-12T17:45:45.049835+00:00,https://www.propertyfinder.ae/en/plp/commercial-rent/warehouse-for-rent-dubai-dubai-south-dubai-world-central-dubai-logistics-city-16219580.html,123785.0,Grade A Warehouse | 24 Docks | Q1 2026
[],0,6,,commercial_rent,AED,True,16219545,"[""https://static.shared.propertyfinder.ae/media/images/listing/17WK6TGSMEW3XD9PFJAT62HQ5M/3e926f82-4807-4f36-8b06-bd23f1daea8b/416x272.jpg"", ""https://static.shared.propertyfinder.ae/media/images/listing/17WK6TGSMEW3XD9PFJAT62HQ5M/3e926f82-4807-4f36-8b06-bd23f1daea8b/668x452.jpg""]",True,False,24.9027042388916,"Dubai Logistics City, Dubai South (Dubai World Central), Dubai",3,55.11320495605469,3,4200000.0,55.998506706487824,Warehouse,property,2026-02-12T17:45:45.049835+00:00,https://www.propertyfinder.ae/en/plp/commercial-rent/warehouse-for-rent-dubai-dubai-south-dubai-world-central-dubai-logistics-city-16219545.html,75002.0,Fully Racked Cold Storage | 4 Chambers
[],0,1,,commercial_rent,AED,True,16219516,"[""https://static.shared.propertyfinder.ae/media/images/listing/G5K3C0CFGY5M6SWGMGC4Y6B3BM/52655e0f-a776-424f-ad69-1fbaece4a37d/416x272.jpg"", ""https://static.shared.propertyfinder.ae/media/images/listing/G5K3C0CFGY5M6SWGMGC4Y6B3BM/52655e0f-a776-424f-ad69-1fbaece4a37d/668x452.jpg""]",False,False,24.971237182617188,"Freezone South, Jebel Ali Freezone, Jebel Ali, Dubai",4,55.053863525390625,3,3099600.0,42.0,Warehouse,property,2026-02-12T17:45:45.049835+00:00,https://www.propertyfinder.ae/en/plp/commercial-rent/warehouse-for-rent-dubai-jebel-ali-jebel-ali-freezone-freezone-south-16219516.html,73800.0,Racked Logistics Warehouse for Lease in JAFZA
[],0,,,commercial_rent,AED,True,16219459,"[""https://static.shared.propertyfinder.ae/media/images/listing/FTBKVV5W4Q3R0T07207MVS53SR/74f7e3ae-db54-4bb9-a9aa-b49ca465e5a7/416x272.jpg"", ""https://static.shared.propertyfinder.ae/media/images/listing/FTBKVV5W4Q3R0T07207MVS53SR/74f7e3ae-db54-4bb9-a9aa-b49ca465e5a7/668x452.jpg""]",True,False,24.971237182617188,"Freezone South, Jebel Ali Freezone, Jebel Ali, Dubai",4,55.053863525390625,3,5500000.0,37.99523332527374,Warehouse,property,2026-02-12T17:45:45.049835+00:00,https://www.propertyfinder.ae/en/plp/commercial-rent/warehouse-for-rent-dubai-jebel-ali-jebel-ali-freezone-freezone-south-16219459.html,144755.0,High Power Warehouse | 3 Floor Offices | For Rent
[],0,,,commercial_rent,AED,True,16219337,"[""https://static.shared.propertyfinder.ae/media/images/listing/JEVH7MVF4KZ2NWAY0TG5ZMYNFW/71fe3b81-eca4-4449-bf7d-f22bb0d90b48/416x272.jpg"", ""https://static.shared.propertyfinder.ae/media/images/listing/JEVH7MVF4KZ2NWAY0TG5ZMYNFW/71fe3b81-eca4-4449-bf7d-f22bb0d90b48/668x452.jpg""]",False,False,24.971237182617188,"Freezone South, Jebel Ali Freezone, Jebel Ali, Dubai",4,55.053863525390625,3,2450000.0,38.45791605186324,Warehouse,property,2026-02-12T17:45:45.049835+00:00,https://www.propertyfinder.ae/en/plp/commercial-rent/warehouse-for-rent-dubai-jebel-ali-jebel-ali-freezone-freezone-south-16219337.html,63706.0,"High Power Warehouse | 2,500 KVA | For Lease"
[],0,,,commercial_rent,AED,True,16219225,"[""https://static.shared.propertyfinder.ae/media/images/listing/7E920HWY751BG90VP10ZKCJD7R/519596ce-0d5c-467f-87d4-e9bac8aa18e8/416x272.jpg"", ""https://static.shared.propertyfinder.ae/media/images/listing/7E920HWY751BG90VP10ZKCJD7R/519596ce-0d5c-467f-87d4-e9bac8aa18e8/668x452.jpg""]",True,False,24.971237182617188,"Freezone South, Jebel Ali Freezone, Jebel Ali, Dubai",4,55.053863525390625,3,9000000.0,49.948386667110654,Warehouse,property,2026-02-12T17:45:45.049835+00:00,https://www.propertyfinder.ae/en/plp/commercial-rent/warehouse-for-rent-dubai-jebel-ali-jebel-ali-freezone-freezone-south-16219225.html,180186.0,New 180K Sq Ft High-Spec Warehouse | 21 Dock Bays
[],0,,,commercial_rent,AED,True,16219142,"[""https://static.shared.propertyfinder.ae/media/images/listing/313Q46KBDTWH4ZZPQ6B0PS3EVR/5a4aeac5-fbfc-4c8c-a3f7-77bd07ffdb81/416x272.jpg"", ""https://static.shared.propertyfinder.ae/media/images/listing/313Q46KBDTWH4ZZPQ6B0PS3EVR/5a4aeac5-fbfc-4c8c-a3f7-77bd07ffdb81/668x452.jpg""]",False,False,24.985824584960938,"Freezone North, Jebel Ali Freezone, Jebel Ali, Dubai",4,55.04335021972656,3,1145419.0,47.399917235671424,Warehouse,property,2026-02-12T17:45:45.049835+00:00,https://www.propertyfinder.ae/en/plp/commercial-rent/warehouse-for-rent-dubai-jebel-ali-jebel-ali-freezone-freezone-north-16219142.html,24165.0,Energy Sector Serviced Warehouse | Ready Jan 2026
[],0,,,commercial_rent,AED,True,16219087,"[""https://static.shared.propertyfinder.ae/media/images/listing/8J1PYA004Z1DGXF9HKJ9ZSS8ZC/32b2bbb5-0ea7-4994-a23a-d7a493212137/416x272.jpg"", ""https://static.shared.propertyfinder.ae/media/images/listing/8J1PYA004Z1DGXF9HKJ9ZSS8ZC/32b2bbb5-0ea7-4994-a23a-d7a493212137/668x452.jpg""]",False,False,24.985824584960938,"Freezone North, Jebel Ali Freezone, Jebel Ali, Dubai",4,55.04335021972656,3,1395360.0,47.380645161290325,Warehouse,property,2026-02-12T17:45:45.049835+00:00,https://www.propertyfinder.ae/en/plp/commercial-rent/warehouse-for-rent-dubai-jebel-ali-jebel-ali-freezone-freezone-north-16219087.html,29450.0,Energy Sector | No Sub-Lease Fee | Oil and Gas
[],0,2,,commercial_rent,AED,True,16216561,"[""https://static.shared.propertyfinder.ae/media/images/listing/APMZ9DQT6RF6Z893QAPJZMFPYR/a6717ef6-9e9d-482b-b07d-f2cbac75f4a4/416x272.jpg"", ""https://static.shared.propertyfinder.ae/media/images/listing/APMZ9DQT6RF6Z893QAPJZMFPYR/a6717ef6-9e9d-482b-b07d-f2cbac75f4a4/668x452.jpg""]",False,False,25.17959213256836,"Sobha Ivory Tower 1, Sobha Ivory Towers, Business Bay, Dubai",4,55.27180862426758,3,235000.0,199.490662139219,Office Space,property,2026-02-12T17:45:45.049835+00:00,https://www.propertyfinder.ae/en/plp/commercial-rent/office-space-for-rent-dubai-business-bay-sobha-ivory-towers-sobha-ivory-tower-1-16216561.html,1178.0,TWO PARKING | FURNISHED UNIT | LESS TRAFFIC
"[""CP"", ""SY"", ""CR""]",3,,,commercial_rent,AED,True,16192529,"[""https://static.shared.propertyfinder.ae/media/images/listing/VJD1RWCVVJ19X76QYJ3VMQXW3R/5cde3e87-8eef-4b13-9780-cbbcc5adcca3/416x272.jpg"", ""https://static.shared.propertyfinder.ae/media/images/listing/VJD1RWCVVJ19X76QYJ3VMQXW3R/5cde3e87-8eef-4b13-9780-cbbcc5adcca3/668x452.jpg""]",False,False,25.097578048706055,"I Rise Tower, Barsha Heights (Tecom), Dubai",3,55.18110275268555,3,216000.0,268.65671641791045,Office Space,property,2026-02-12T17:45:45.049835+00:00,https://www.propertyfinder.ae/en/plp/commercial-rent/office-space-for-rent-dubai-barsha-heights-tecom-i-rise-tower-16192529.html,804.0,Prime Location I Vacant I Furnished
[],0,,,commercial_rent,AED,True,16212142,"[""https://static.shared.propertyfinder.ae/media/images/listing/M384N2JDZC3XSB9B64R2CN0HRR/8d5e3c2b-1f11-42d4-a7dc-8683cbecd7f4/416x272.jpg"", ""https://static.shared.propertyfinder.ae/media/images/listing/M384N2JDZC3XSB9B64R2CN0HRR/8d5e3c2b-1f11-42d4-a7dc-8683cbecd7f4/668x452.jpg""]",True,False,24.971237182617188,"Freezone South, Jebel Ali Freezone, Jebel Ali, Dubai",4,55.053863525390625,3,3263808.0,48.0,Warehouse,property,2026-02-12T17:45:45.050832+00:00,https://www.propertyfinder.ae/en/plp/commercial-rent/warehouse-for-rent-dubai-jebel-ali-jebel-ali-freezone-freezone-south-16212142.html,67996.0,12m Eaves | Dock Loading | Leasehold Warehouse
"[""AN""]",1,,,commercial_rent,AED,True,16285457,"[""https://static.shared.propertyfinder.ae/media/images/listing/32KEWTSH92EJ53S2GF8NS8JSCM/4bfed23c-098e-423f-92ab-4a6ee69c19b0/416x272.jpg"", ""https://static.shared.propertyfinder.ae/media/images/listing/32KEWTSH92EJ53S2GF8NS8JSCM/4bfed23c-098e-423f-92ab-4a6ee69c19b0/668x452.jpg""]",False,False,24.332622528076172,"ICAD - Industrial City Of Abu Dhabi, Mussafah, Abu Dhabi",3,54.4943962097168,3,205000.0,69.77535738597686,Warehouse,property,2026-02-12T17:45:45.050832+00:00,https://www.propertyfinder.ae/en/plp/commercial-rent/warehouse-for-rent-abu-dhabi-mussafah-icad-industrial-city-of-abu-dhabi-16285457.html,2938.0,Prime Area Warehouse | Move-In Ready | Spacious
"[""AN""]",1,,,commercial_rent,AED,True,16285438,"[""https://static.shared.propertyfinder.ae/media/images/listing/VX9X1GEPNE139Z7B2AM6PDB8A8/a250ab78-6dff-44d8-918e-3068e510490e/416x272.jpg"", ""https://static.shared.propertyfinder.ae/media/images/listing/VX9X1GEPNE139Z7B2AM6PDB8A8/a250ab78-6dff-44d8-918e-3068e510490e/668x452.jpg""]",False,False,24.332622528076172,"ICAD - Industrial City Of Abu Dhabi, Mussafah, Abu Dhabi",3,54.4943962097168,3,140000.0,68.1265206812652,Warehouse,property,2026-02-12T17:45:45.050832+00:00,https://www.propertyfinder.ae/en/plp/commercial-rent/warehouse-for-rent-abu-dhabi-mussafah-icad-industrial-city-of-abu-dhabi-16285438.html,2055.0,Move-In Ready | Spacious Prime Area Warehouse
[],0,,,commercial_rent,AED,True,16230002,"[""https://static.shared.propertyfinder.ae/media/images/listing/1JP9DN22GAPBRJSGS4VFCPM47C/4528f24f-0fad-4caa-906d-d2a9ff3d41b6/416x272.jpg"", ""https://static.shared.propertyfinder.ae/media/images/listing/1JP9DN22GAPBRJSGS4VFCPM47C/4528f24f-0fad-4caa-906d-d2a9ff3d41b6/668x452.jpg""]",False,False,25.22117042541504,"Latifa Tower, Sheikh Zayed Road, Dubai",3,55.28102111816406,3,330000.0,234.20865862313698,Office Space,property,2026-02-12T17:45:45.050832+00:00,https://www.propertyfinder.ae/en/plp/commercial-rent/office-space-for-rent-dubai-sheikh-zayed-road-latifa-tower-16230002.html,1409.0,SZR | Furnished | Awesome Fitting
"[""AN"", ""CP"", ""DN"", ""CR"", ""LB""]",5,,1,commercial_rent,AED,True,16166115,"[""https://static.shared.propertyfinder.ae/media/images/listing/8BQGSW8KTNV7GE5T8CH5K717W4/eb5b7f49-5d64-4d3e-899f-543499e0af95/416x272.jpg"", ""https://static.shared.propertyfinder.ae/media/images/listing/8BQGSW8KTNV7GE5T8CH5K717W4/eb5b7f49-5d64-4d3e-899f-543499e0af95/668x452.jpg""]",False,False,25.18771743774414,"Tamani Art Tower, Business Bay, Dubai",3,55.28125762939453,4,120000.0,281.0304449648712,Office Space,property,2026-02-12T17:45:49.319548+00:00,https://www.propertyfinder.ae/en/plp/commercial-rent/office-space-for-rent-dubai-business-bay-tamani-art-tower-16166115.html,427.0,Vacant | Furnished | Partitioned  | Spacious
"[""AN"", ""LB""]",2,,,commercial_rent,AED,True,16145506,"[""https://static.shared.propertyfinder.ae/media/images/listing/QK57M45EKN6GJEJX61JQEA7QZ4/e926d893-c781-482a-bc25-bbe31137f338/416x272.jpg"", ""https://static.shared.propertyfinder.ae/media/images/listing/QK57M45EKN6GJEJX61JQEA7QZ4/e926d893-c781-482a-bc25-bbe31137f338/668x452.jpg""]",False,False,25.097360610961914,"Magnum Opus Tower, Barsha Heights (Tecom), Dubai",3,55.17354202270508,4,649500.0,375.0,Office Space,property,2026-02-12T17:45:49.319548+00:00,https://www.propertyfinder.ae/en/plp/commercial-rent/office-space-for-rent-dubai-barsha-heights-tecom-magnum-opus-tower-16145506.html,1732.0,LUXURY|CORNER UNIT| VACANT| FULLY FURNISHED
[],0,,,commercial_rent,AED,True,16144493,"[""https://static.shared.propertyfinder.ae/media/images/listing/ZX23ZCV1N2P7FFYABGT922J0HM/69722313-79e2-4f7e-b4dd-d633f0f5b185/416x272.jpg"", ""https://static.shared.propertyfinder.ae/media/images/listing/ZX23ZCV1N2P7FFYABGT922J0HM/69722313-79e2-4f7e-b4dd-d633f0f5b185/668x452.jpg""]",False,False,25.097360610961914,"Magnum Opus Tower, Barsha Heights (Tecom), Dubai",3,55.17354202270508,4,458580.0,374.96320523303353,Office Space,property,2026-02-12T17:45:49.319548+00:00,https://www.propertyfinder.ae/en/plp/commercial-rent/office-space-for-rent-dubai-barsha-heights-tecom-magnum-opus-tower-16144493.html,1223.0,Open space| Fully furnished|Near metro|VACANT
"[""AN"", ""CP"", ""CR"", ""LB""]",4,1,,commercial_rent,AED,True,16179927,"[""https://static.shared.propertyfinder.ae/media/images/listing/EVRKFRJBMA1J57J7JYYE42MYDR/f9498ac8-5662-4424-94dd-9c412bef21a1/416x272.jpg"", ""https://static.shared.propertyfinder.ae/media/images/listing/EVRKFRJBMA1J57J7JYYE42MYDR/f9498ac8-5662-4424-94dd-9c412bef21a1/668x452.jpg""]",False,False,25.072166442871094,"Saba Tower 1, JLT Cluster E, Jumeirah Lake Towers, Dubai",4,55.14103317260742,4,690000.0,294.6199829205807,Office Space,property,2026-02-12T17:45:49.319548+00:00,https://www.propertyfinder.ae/en/plp/commercial-rent/office-space-for-rent-dubai-jumeirah-lake-towers-jlt-cluster-e-saba-tower-1-16179927.html,2342.0,Vacant | Fully Furnished | Grade A | SZR View
[],0,,,commercial_rent,AED,True,16252492,"[""https://static.shared.propertyfinder.ae/media/images/listing/WXKQZRKGZQDC96PP5K5TQNZGFG/b624b990-4e3c-4a0d-ac00-6c290de2eddc/416x272.jpg"", ""https://static.shared.propertyfinder.ae/media/images/listing/WXKQZRKGZQDC96PP5K5TQNZGFG/b624b990-4e3c-4a0d-ac00-6c290de2eddc/668x452.jpg""]",False,False,24.974517822265625,"Phase 2, Dubai Investment Park (DIP), Dubai",3,55.19830322265625,4,341320.0,70.0,Warehouse,property,2026-02-12T17:45:49.319548+00:00,https://www.propertyfinder.ae/en/plp/commercial-rent/warehouse-for-rent-dubai-dubai-investment-park-dip-phase-2-16252492.html,4876.0,GRADE A WAREHOUSE | MEZZANINE | 4876 SQFT | 33KW
"[""CP""]",1,,,commercial_rent,AED,True,16101326,"[""https://static.shared.propertyfinder.ae/media/images/listing/745AM0WVEZ11GJ15E3604ZZ5V8/54081386-dd1c-4a91-8fa9-bb2e0050735f/416x272.jpg"", ""https://static.shared.propertyfinder.ae/media/images/listing/745AM0WVEZ11GJ15E3604ZZ5V8/54081386-dd1c-4a91-8fa9-bb2e0050735f/668x452.jpg""]",True,False,25.097360610961914,"Magnum Opus Tower, Barsha Heights (Tecom), Dubai",3,55.17354202270508,4,3429750.0,375.41046409807353,Office Space,property,2026-02-12T17:45:49.319548+00:00,https://www.propertyfinder.ae/en/plp/commercial-rent/office-space-for-rent-dubai-barsha-heights-tecom-magnum-opus-tower-16101326.html,9136.0,Full Floor | Brand New Fit-Out
[],0,,,commercial_rent,AED,True,15611836,"[""https://static.shared.propertyfinder.ae/media/images/listing/RBS8NHPGQGCXAMGB5B0V3JDF8R/447d84ac-3ed4-4fb0-84c2-412bd641ee9e/416x272.jpg"", ""https://static.shared.propertyfinder.ae/media/images/listing/RBS8NHPGQGCXAMGB5B0V3JDF8R/447d84ac-3ed4-4fb0-84c2-412bd641ee9e/668x452.jpg""]",False,False,25.07743263244629,"Jumeirah Business Centre 2 (JBC 2), JLT Cluster V, Jumeirah Lake Towers, Dubai",4,55.15104675292969,4,485925.0,475.0,Office Space,property,2026-02-12T17:45:49.319548+00:00,https://www.propertyfinder.ae/en/plp/commercial-rent/office-space-for-rent-dubai-jumeirah-lake-towers-jlt-cluster-v-jumeirah-business-centre-2-jbc-2-15611836.html,1023.0,Grade A Tower | Turn Key | Brand New Fit Out
[],0,,,commercial_rent,AED,True,16058624,"[""https://static.shared.propertyfinder.ae/media/images/listing/8NDW8SGEY34ZZMMTHQH5ARFFX0/3499f888-9ff7-4c44-858c-9d56fd92475d/416x272.jpg"", ""https://static.shared.propertyfinder.ae/media/images/listing/8NDW8SGEY34ZZMMTHQH5ARFFX0/3499f888-9ff7-4c44-858c-9d56fd92475d/668x452.jpg""]",True,False,25.097360610961914,"Magnum Opus Tower, Barsha Heights (Tecom), Dubai",3,55.17354202270508,4,3200000.0,350.0711081938519,Office Space,property,2026-02-12T17:45:49.319548+00:00,https://www.propertyfinder.ae/en/plp/commercial-rent/office-space-for-rent-dubai-barsha-heights-tecom-magnum-opus-tower-16058624.html,9141.0,Modern Grade A Office | 12 Parkings | New Fit Out
"[""CP""]",1,1,,commercial_rent,AED,True,16026891,"[""https://static.shared.propertyfinder.ae/media/images/listing/R4CFPHX192YTY8N5FN2WVQHDT0/74ecac04-0779-499a-a800-2486c330c15f/416x272.jpg"", ""https://static.shared.propertyfinder.ae/media/images/listing/R4CFPHX192YTY8N5FN2WVQHDT0/74ecac04-0779-499a-a800-2486c330c15f/668x452.jpg""]",False,False,25.208513259887695,"South Tower, Emirates Financial Towers, DIFC, Dubai",4,55.276187896728516,4,750000.0,553.9143279172821,Office Space,property,2026-02-12T17:45:49.319548+00:00,https://www.propertyfinder.ae/en/plp/commercial-rent/office-space-for-rent-dubai-difc-emirates-financial-towers-south-tower-16026891.html,1354.0,Premium Fitout | Fully Fitted and Furnished Office
[],0,,,commercial_rent,AED,True,16236647,"[""https://static.shared.propertyfinder.ae/media/images/listing/VE05G0TTT4MDD5CE37K2P8K5N8/b306567d-3138-4b72-bdb4-02c78dbf015c/416x272.jpg"", ""https://static.shared.propertyfinder.ae/media/images/listing/VE05G0TTT4MDD5CE37K2P8K5N8/b306567d-3138-4b72-bdb4-02c78dbf015c/668x452.jpg""]",False,False,25.09654426574707,"The Onyx Tower 2, The Onyx Towers, Greens, Dubai",4,55.168785095214844,4,375000.0,363.02032913843175,Office Space,property,2026-02-12T17:45:49.319548+00:00,https://www.propertyfinder.ae/en/plp/commercial-rent/office-space-for-rent-dubai-greens-the-onyx-towers-the-onyx-tower-2-16236647.html,1033.0,Fitted & Partitioned Office for Rent | Vacant
[],0,2,,commercial_rent,AED,True,16142887,"[""https://static.shared.propertyfinder.ae/media/images/listing/MPSDRG6TNBHM2MR97TN8H53XZG/85c959da-7b71-42ef-b5de-b40ff72101f4/416x272.jpg"", ""https://static.shared.propertyfinder.ae/media/images/listing/MPSDRG6TNBHM2MR97TN8H53XZG/85c959da-7b71-42ef-b5de-b40ff72101f4/668x452.jpg""]",False,False,25.18771743774414,"Tamani Art Tower, Business Bay, Dubai",3,55.28125762939453,4,84000.0,191.34396355353076,Office Space,property,2026-02-12T17:45:49.319548+00:00,https://www.propertyfinder.ae/en/plp/commercial-rent/office-space-for-rent-dubai-business-bay-tamani-art-tower-16142887.html,439.0,Well Fitted  Vacant  Lowest Rent in Tower Grab it
"[""AN"", ""CP"", ""VC"", ""LB"", ""CR"", ""DN"", ""SY"", ""SP""]",8,1,,commercial_rent,AED,True,51071991,"[""https://static.shared.propertyfinder.ae/media/images/listing/9WV3F0CA15YFGKNG8X3S7C61G8/29eae059-2cf1-4a35-bb7d-4578a64e37c3/416x272.jpg"", ""https://static.shared.propertyfinder.ae/media/images/listing/9WV3F0CA15YFGKNG8X3S7C61G8/29eae059-2cf1-4a35-bb7d-4578a64e37c3/668x452.jpg""]",False,False,25.3082218170166,"Al Sajaa Industrial, Al Sajaa, Sharjah",3,55.65555953979492,4,115000.0,52.27272727272727,Warehouse,property,2026-02-12T17:45:49.319548+00:00,https://www.propertyfinder.ae/en/plp/commercial-rent/warehouse-for-rent-sharjah-al-sajaa-al-sajaa-industrial-2PAhGs6cGzA.html,2200.0,READY TO MOVE•BRAND NEW•HIGH POWER•PRIME LOCATION
[],0,1,,commercial_rent,AED,True,15666017,"[""https://static.shared.propertyfinder.ae/media/images/listing/0Z3QSEGQCWN231KQ5A9TA2AN1G/187bd347-fe8b-4b48-9a5e-eaed9dfcd126/416x272.jpg"", ""https://static.shared.propertyfinder.ae/media/images/listing/0Z3QSEGQCWN231KQ5A9TA2AN1G/187bd347-fe8b-4b48-9a5e-eaed9dfcd126/668x452.jpg""]",False,False,25.17470932006836,"Azizi Riviera 59, AZIZI Riviera, Meydan One, Meydan, Dubai",5,55.31447982788086,4,359900.0,342.4357754519505,Shop,property,2026-02-12T17:45:49.319548+00:00,https://www.propertyfinder.ae/en/plp/commercial-rent/shop-for-rent-dubai-meydan-meydan-one-azizi-riviera-azizi-riviera-59-15666017.html,1051.0,Huge Layout / Spacious / Comercial
[],0,,,commercial_rent,AED,True,16134145,"[""https://static.shared.propertyfinder.ae/media/images/listing/B7GC5MBJ5WDETARR2S9H7AV1F4/7356a4d3-41e8-44a2-bfd5-6477c467e854/416x272.jpg"", ""https://static.shared.propertyfinder.ae/media/images/listing/B7GC5MBJ5WDETARR2S9H7AV1F4/7356a4d3-41e8-44a2-bfd5-6477c467e854/668x452.jpg""]",False,False,25.0458984375,"Detroit House, Motor City, Dubai",3,55.231651306152344,4,400266.0,200.03298350824588,Office Space,property,2026-02-12T17:45:49.319548+00:00,https://www.propertyfinder.ae/en/plp/commercial-rent/office-space-for-rent-dubai-motor-city-detroit-house-16134145.html,2001.0,Fitted - Partitioned Three parkings | Motor City
[],0,,,commercial_rent,AED,True,16219578,"[""https://static.shared.propertyfinder.ae/media/images/listing/1TDBSKBP9YHJF5T325EX8JFBC0/2afcd253-edb3-4400-b41e-c129bc40a2ac/416x272.jpg"", ""https://static.shared.propertyfinder.ae/media/images/listing/1TDBSKBP9YHJF5T325EX8JFBC0/2afcd253-edb3-4400-b41e-c129bc40a2ac/668x452.jpg""]",False,False,24.98343849182129,"Phase 1, Dubai Investment Park (DIP), Dubai",3,55.15414047241211,4,1500000.0,57.69230769230769,Warehouse,property,2026-02-12T17:45:49.319548+00:00,https://www.propertyfinder.ae/en/plp/commercial-rent/warehouse-for-rent-dubai-dubai-investment-park-dip-phase-1-16219578.html,26000.0,400 KW 26000 sqft Industrial Warehouse in DIP 1
"[""DN"", ""LB""]",2,,,commercial_rent,AED,True,16219618,"[""https://static.shared.propertyfinder.ae/media/images/listing/742JQD12FGAYDKQKDHCXCGXEJC/b449a233-ae0d-485d-9dd0-28d8e8defe30/416x272.jpg"", ""https://static.shared.propertyfinder.ae/media/images/listing/742JQD12FGAYDKQKDHCXCGXEJC/b449a233-ae0d-485d-9dd0-28d8e8defe30/668x452.jpg""]",False,False,25.069055557250977,"Mazaya Business Avenue BB2, Mazaya Business Avenue, Jumeirah Lake Towers, Dubai",4,55.14579772949219,4,110000.0,87.3015873015873,Office Space,property,2026-02-12T17:45:49.319548+00:00,https://www.propertyfinder.ae/en/plp/commercial-rent/office-space-for-rent-dubai-jumeirah-lake-towers-mazaya-business-avenue-mazaya-business-avenue-bb2-16219618.html,1260.0,Fitted Office Space | High Floor | Vacant
[],0,,,commercial_rent,AED,True,15959953,"[""https://static.shared.propertyfinder.ae/media/images/listing/ZX36P4E9JGFRTM9T5NC9D9HS64/a61142dd-4ab7-4836-902b-6663eb771f3a/416x272.jpg"", ""https://static.shared.propertyfinder.ae/media/images/listing/ZX36P4E9JGFRTM9T5NC9D9HS64/a61142dd-4ab7-4836-902b-6663eb771f3a/668x452.jpg""]",True,False,25.097360610961914,"Magnum Opus Tower, Barsha Heights (Tecom), Dubai",3,55.17354202270508,4,3500000.0,382.6809534222611,Office Space,property,2026-02-12T17:45:49.319548+00:00,https://www.propertyfinder.ae/en/plp/commercial-rent/office-space-for-rent-dubai-barsha-heights-tecom-magnum-opus-tower-15959953.html,9146.0,Premium Fit Out | Great Location | Close to Metro
[],0,,,commercial_rent,AED,True,16168094,"[""https://static.shared.propertyfinder.ae/media/images/listing/T76J2KPKEJ5GQSZR079B13MYQM/85d37cc0-08c8-4a06-867c-07a4e62936ad/416x272.jpg"", ""https://static.shared.propertyfinder.ae/media/images/listing/T76J2KPKEJ5GQSZR079B13MYQM/85d37cc0-08c8-4a06-867c-07a4e62936ad/668x452.jpg""]",False,False,25.186826705932617,"The Binary Tower, Business Bay, Dubai",3,55.26713180541992,4,395000.0,354.57809694793536,Office Space,property,2026-02-12T17:45:49.319548+00:00,https://www.propertyfinder.ae/en/plp/commercial-rent/office-space-for-rent-dubai-business-bay-the-binary-tower-16168094.html,1114.0,Upgraded Office | Grade A | Vacant
"[""AN"", ""CP"", ""DN"", ""CR"", ""LB""]",5,1,1,commercial_rent,AED,True,16302760,"[""https://static.shared.propertyfinder.ae/media/images/listing/4FCE48H86HDVYN06D53DAA6KSR/38d8dbdb-4296-4c76-a365-d01bd2640ab2/416x272.jpg"", ""https://static.shared.propertyfinder.ae/media/images/listing/4FCE48H86HDVYN06D53DAA6KSR/38d8dbdb-4296-4c76-a365-d01bd2640ab2/668x452.jpg""]",False,False,25.187631607055664,"The Prism, Business Bay, Dubai",3,55.261417388916016,4,165000.0,173.31932773109244,Office Space,property,2026-02-12T17:45:49.319548+00:00,https://www.propertyfinder.ae/en/plp/commercial-rent/office-space-for-rent-dubai-business-bay-the-prism-16302760.html,952.0,Semi Furnished | Close to Metro | Vacant
"[""AN"", ""CR"", ""LB""]",3,,,commercial_rent,AED,True,16160707,"[""https://static.shared.propertyfinder.ae/media/images/listing/R3F83V0DW6DK84BB31NCJH1E20/34dc7354-6a25-4b0b-8915-f2debc8c495a/416x272.jpg"", ""https://static.shared.propertyfinder.ae/media/images/listing/R3F83V0DW6DK84BB31NCJH1E20/34dc7354-6a25-4b0b-8915-f2debc8c495a/668x452.jpg""]",False,False,25.185239791870117,"The Burlington, Business Bay, Dubai",3,55.265037536621094,4,350000.0,279.7761790567546,Office Space,property,2026-02-12T17:45:49.319548+00:00,https://www.propertyfinder.ae/en/plp/commercial-rent/office-space-for-rent-dubai-business-bay-the-burlington-16160707.html,1251.0,VACANT IN FEB | BUGATTI VIEW | FULLY FURNISHED
[],0,,,commercial_rent,AED,True,16236617,"[""https://static.shared.propertyfinder.ae/media/images/listing/CYMZFA88DMH4P5JPC7DNKXVSWW/a813c9a6-4125-46da-8859-0516407887f5/416x272.jpg"", ""https://static.shared.propertyfinder.ae/media/images/listing/CYMZFA88DMH4P5JPC7DNKXVSWW/a813c9a6-4125-46da-8859-0516407887f5/668x452.jpg""]",False,False,25.115951538085938,"Al Quoz Industrial Area 4, Al Quoz Industrial Area, Al Quoz, Dubai",4,55.23420715332031,4,800000.0,200.0,Warehouse,property,2026-02-12T17:45:49.319548+00:00,https://www.propertyfinder.ae/en/plp/commercial-rent/warehouse-for-rent-dubai-al-quoz-al-quoz-industrial-area-al-quoz-industrial-area-4-16236617.html,4000.0,"GRADE A | BEST FOR SHOWROOM, RETAIL AND F&B"
[],0,,,commercial_rent,AED,True,16205981,"[""https://static.shared.propertyfinder.ae/media/images/listing/0YGZREVWSG1JN0XBZ3W0B5SHB0/f1bce326-9e1c-4b8b-8d34-123347100936/416x272.jpg"", ""https://static.shared.propertyfinder.ae/media/images/listing/0YGZREVWSG1JN0XBZ3W0B5SHB0/f1bce326-9e1c-4b8b-8d34-123347100936/668x452.jpg""]",True,False,24.84636878967285,"Saih Shuaib 3, Dubai Industrial City, Dubai",3,55.07842254638672,4,5495700.0,70.0,Warehouse,property,2026-02-12T17:45:49.319548+00:00,https://www.propertyfinder.ae/en/plp/commercial-rent/warehouse-for-rent-dubai-dubai-industrial-city-saih-shuaib-3-16205981.html,78510.0,2000 KW 78510 sqft Brand New Warehouse In DIC
[],0,,,commercial_rent,AED,True,16205968,"[""https://static.shared.propertyfinder.ae/media/images/listing/MK034DBDDCBCB2X18PC1HBC7GR/f0cdb61a-f950-4a55-8acf-1b5802af7d33/416x272.jpg"", ""https://static.shared.propertyfinder.ae/media/images/listing/MK034DBDDCBCB2X18PC1HBC7GR/f0cdb61a-f950-4a55-8acf-1b5802af7d33/668x452.jpg""]",False,False,24.974517822265625,"Phase 2, Dubai Investment Park (DIP), Dubai",3,55.19830322265625,4,234500.0,70.0,Warehouse,property,2026-02-12T17:45:49.319548+00:00,https://www.propertyfinder.ae/en/plp/commercial-rent/warehouse-for-rent-dubai-dubai-investment-park-dip-phase-2-16205968.html,3350.0,3350 Sqft | Amazing and Lovely Warehouse in DIP 2
[],0,,,commercial_rent,AED,True,16205942,"[""https://static.shared.propertyfinder.ae/media/images/listing/KH8X5JRVDY3MD0D12GQDDBS1VW/e09ff9b0-5700-44b6-92d4-88ea3815d96e/416x272.jpg"", ""https://static.shared.propertyfinder.ae/media/images/listing/KH8X5JRVDY3MD0D12GQDDBS1VW/e09ff9b0-5700-44b6-92d4-88ea3815d96e/668x452.jpg""]",False,False,24.974517822265625,"Phase 2, Dubai Investment Park (DIP), Dubai",3,55.19830322265625,4,526350.0,75.0,Warehouse,property,2026-02-12T17:45:49.319548+00:00,https://www.propertyfinder.ae/en/plp/commercial-rent/warehouse-for-rent-dubai-dubai-investment-park-dip-phase-2-16205942.html,7018.0,Road facing 7018 Sqft in DIP with 10 m Height
[],0,,,commercial_rent,AED,True,16205912,"[""https://static.shared.propertyfinder.ae/media/images/listing/ZT3CJPVPE5CKKGWM7SX3YFSJ78/d499b0c0-fa65-4e34-9f82-55e358f20082/416x272.jpg"", ""https://static.shared.propertyfinder.ae/media/images/listing/ZT3CJPVPE5CKKGWM7SX3YFSJ78/d499b0c0-fa65-4e34-9f82-55e358f20082/668x452.jpg""]",False,False,24.974517822265625,"Phase 2, Dubai Investment Park (DIP), Dubai",3,55.19830322265625,4,629655.0,64.99329066886871,Warehouse,property,2026-02-12T17:45:49.319548+00:00,https://www.propertyfinder.ae/en/plp/commercial-rent/warehouse-for-rent-dubai-dubai-investment-park-dip-phase-2-16205912.html,9688.0,93 kW 9687 Sqft Warehouse in DIP
[],0,,,commercial_rent,AED,True,16205893,"[""https://static.shared.propertyfinder.ae/media/images/listing/JYHE0RRCBP8HXVG88W8BGCXF2R/4c422837-141b-4402-bdfe-a731ea8f37dc/416x272.jpg"", ""https://static.shared.propertyfinder.ae/media/images/listing/JYHE0RRCBP8HXVG88W8BGCXF2R/4c422837-141b-4402-bdfe-a731ea8f37dc/668x452.jpg""]",False,False,24.98343849182129,"Phase 1, Dubai Investment Park (DIP), Dubai",3,55.15414047241211,5,572080.0,80.0,Warehouse,property,2026-02-12T17:45:54.613519+00:00,https://www.propertyfinder.ae/en/plp/commercial-rent/warehouse-for-rent-dubai-dubai-investment-park-dip-phase-1-16205893.html,7151.0,Road Facing 80 KW Power 6026 sqft Brand New
[],0,,,commercial_rent,AED,True,16205748,"[""https://static.shared.propertyfinder.ae/media/images/listing/NEGAW2K43EWT1YBMSVCWR7AS58/029137a3-d99e-4aae-8b53-c825df5e6cb5/416x272.jpg"", ""https://static.shared.propertyfinder.ae/media/images/listing/NEGAW2K43EWT1YBMSVCWR7AS58/029137a3-d99e-4aae-8b53-c825df5e6cb5/668x452.jpg""]",False,False,24.974517822265625,"Phase 2, Dubai Investment Park (DIP), Dubai",3,55.19830322265625,5,1194050.0,65.0,Warehouse,property,2026-02-12T17:45:54.613519+00:00,https://www.propertyfinder.ae/en/plp/commercial-rent/warehouse-for-rent-dubai-dubai-investment-park-dip-phase-2-16205748.html,18370.0,133 KW 18370 sqft Warehouse in DIP
[],0,,,commercial_rent,AED,True,15302610,"[""https://static.shared.propertyfinder.ae/media/images/listing/01K6MWSMY2ZH3848WSTBX7N3A8/51035ba8-4e97-454a-a9e3-256cca8d0d51/416x272.jpg"", ""https://static.shared.propertyfinder.ae/media/images/listing/01K6MWSMY2ZH3848WSTBX7N3A8/51035ba8-4e97-454a-a9e3-256cca8d0d51/668x452.jpg""]",False,False,25.090639114379883,"Aurora Tower, Dubai Media City, Dubai",3,55.15288162231445,5,2180430.0,210.0,Office Space,property,2026-02-12T17:45:54.613519+00:00,https://www.propertyfinder.ae/en/plp/commercial-rent/office-space-for-rent-dubai-dubai-media-city-aurora-tower-15302610.html,10383.0,Full Floor | DDA | Service Charge Included
[],0,,,commercial_rent,AED,True,15818706,"[""https://static.shared.propertyfinder.ae/media/images/listing/01KC61TQ90SZMJBASF57K3SPR4/a35773df-5b55-4f05-9d37-5beeb7130451/416x272.jpg"", ""https://static.shared.propertyfinder.ae/media/images/listing/01KC61TQ90SZMJBASF57K3SPR4/a35773df-5b55-4f05-9d37-5beeb7130451/668x452.jpg""]",False,False,25.21103286743164,"Burj Daman, DIFC, Dubai",3,55.28205108642578,5,1800000.0,593.6675461741424,Office Space,property,2026-02-12T17:45:54.613519+00:00,https://www.propertyfinder.ae/en/plp/commercial-rent/office-space-for-rent-dubai-difc-burj-daman-15818706.html,3032.0,"Fitted | 3,032 Sq Ft | Grade A | 7 Parking"
"[""AN"", ""DN"", ""CR"", ""LB""]",4,1,,commercial_rent,AED,True,16122434,"[""https://static.shared.propertyfinder.ae/media/images/listing/A067SVJAM1QY66E97E3XVATVT4/10a7de69-f07d-4b6d-ab3f-3cb03c8d4756/416x272.jpg"", ""https://static.shared.propertyfinder.ae/media/images/listing/A067SVJAM1QY66E97E3XVATVT4/10a7de69-f07d-4b6d-ab3f-3cb03c8d4756/668x452.jpg""]",False,False,25.177818298339844,"Matloob Building, Al Safa 1, Al Safa, Dubai",4,55.24595260620117,5,90000.0,450.0,Business Centre,property,2026-02-12T17:45:54.613519+00:00,https://www.propertyfinder.ae/en/plp/commercial-rent/business-center-for-rent-dubai-sheikh-zayed-road-16122434.html,200.0,Prime Location in Sheikh Zayed | Business Center
[],0,,,commercial_rent,AED,True,16152541,"[""https://static.shared.propertyfinder.ae/media/images/listing/QNVK8JGY1F7EMEFNJAFHGR3980/f5946cd9-15e9-42e6-abad-ac2aa8360089/416x272.jpg"", ""https://static.shared.propertyfinder.ae/media/images/listing/QNVK8JGY1F7EMEFNJAFHGR3980/f5946cd9-15e9-42e6-abad-ac2aa8360089/668x452.jpg""]",False,False,24.985824584960938,"Freezone North, Jebel Ali Freezone, Jebel Ali, Dubai",4,55.04335021972656,5,2465000.0,38.0207610321904,Warehouse,property,2026-02-12T17:45:54.613519+00:00,https://www.propertyfinder.ae/en/plp/commercial-rent/warehouse-for-rent-dubai-jebel-ali-jebel-ali-freezone-freezone-north-16152541.html,64833.0,7m Eaves Height Warehouse | With Pallet Storage
[],0,,,commercial_rent,AED,True,16233341,"[""https://static.shared.propertyfinder.ae/media/images/listing/MYNBA4KWEB1MJYKWZQXMZH9AMR/f70b2fe1-5852-483a-97f5-9a458567eadc/416x272.jpg"", ""https://static.shared.propertyfinder.ae/media/images/listing/MYNBA4KWEB1MJYKWZQXMZH9AMR/f70b2fe1-5852-483a-97f5-9a458567eadc/668x452.jpg""]",False,False,25.121444702148438,"IT Plaza, Dubai Silicon Oasis, Dubai",3,55.39846420288086,5,102970.0,70.0,Office Space,property,2026-02-12T17:45:54.613519+00:00,https://www.propertyfinder.ae/en/plp/commercial-rent/office-space-for-rent-dubai-dubai-silicon-oasis-it-plaza-16233341.html,1471.0,Brand New | Shell and Core | DSO or DED
"[""CP""]",1,1,,commercial_rent,AED,True,15369075,"[""https://static.shared.propertyfinder.ae/media/images/listing/01K7E61X2D19QYNYY8D350GBXT/ede23f54-8b6a-4c6b-b461-c45ec10a0f8f/416x272.jpg"", ""https://static.shared.propertyfinder.ae/media/images/listing/01K7E61X2D19QYNYY8D350GBXT/ede23f54-8b6a-4c6b-b461-c45ec10a0f8f/668x452.jpg""]",False,False,25.076444625854492,"Jumeirah Business Centre 5 (JBC 5), JLT Cluster W, Jumeirah Lake Towers, Dubai",4,55.14978790283203,5,249900.0,232.46511627906978,Office Space,property,2026-02-12T17:45:54.613519+00:00,https://www.propertyfinder.ae/en/plp/commercial-rent/office-space-for-rent-dubai-jumeirah-lake-towers-jlt-cluster-w-jumeirah-business-centre-5-jbc-5-15369075.html,1075.0,PREMIUM FIT-OUT | GLASS PARTITIONED | GRADE A
"[""CP""]",1,2,,commercial_rent,AED,True,15939257,"[""https://static.shared.propertyfinder.ae/media/images/listing/30D67B4J2PMHJYH54FV5AAJBS8/6a66f212-1845-408b-92b5-36bff2af7c9e/416x272.jpg"", ""https://static.shared.propertyfinder.ae/media/images/listing/30D67B4J2PMHJYH54FV5AAJBS8/6a66f212-1845-408b-92b5-36bff2af7c9e/668x452.jpg""]",False,False,25.21103286743164,"Burj Daman, DIFC, Dubai",3,55.28205108642578,5,2950000.0,651.645681466755,Office Space,property,2026-02-12T17:45:54.613519+00:00,https://www.propertyfinder.ae/en/plp/commercial-rent/office-space-for-rent-dubai-difc-burj-daman-15939257.html,4527.0,GRADE A | HIGH EDN FINISHING| FULLY UPGRADED
"[""AN"", ""CP"", ""DN"", ""CR"", ""LB""]",5,1,4,commercial_rent,AED,True,16059936,"[""https://static.shared.propertyfinder.ae/media/images/listing/X3W4MBA71BKZTAS1FQH891J6EM/4a9a437c-d0c8-4adc-bff6-397535f43004/416x272.jpg"", ""https://static.shared.propertyfinder.ae/media/images/listing/X3W4MBA71BKZTAS1FQH891J6EM/4a9a437c-d0c8-4adc-bff6-397535f43004/668x452.jpg""]",False,False,25.187105178833008,"The Regal Tower, Business Bay, Dubai",3,55.2609748840332,5,280000.0,174.67248908296943,Office Space,property,2026-02-12T17:45:54.613519+00:00,https://www.propertyfinder.ae/en/plp/commercial-rent/office-space-for-rent-dubai-business-bay-the-regal-tower-16059936.html,1603.0,Vacant | Furnished | Partitioned  | Close To Metro
"[""VC"", ""AN""]",2,,,commercial_rent,AED,True,15790290,"[""https://static.shared.propertyfinder.ae/media/images/listing/01KBYENN0E4ZV8ZW713RP4SM00/94e80981-fe5a-42ea-80f2-b5f13ee5db9c/416x272.jpg"", ""https://static.shared.propertyfinder.ae/media/images/listing/01KBYENN0E4ZV8ZW713RP4SM00/94e80981-fe5a-42ea-80f2-b5f13ee5db9c/668x452.jpg""]",False,False,25.548364639282227,"Umm Al Thuoob, Umm Al Quwain",2,55.700618743896484,5,1500000.0,30.0,Warehouse,property,2026-02-12T17:45:54.613519+00:00,https://www.propertyfinder.ae/en/plp/commercial-rent/warehouse-for-rent-umm-al-quwain-umm-al-thuoob-15790290.html,50000.0,Multiple Options |Multiple Payments |Umm Al Quwain
"[""AN"", ""CP"", ""DN"", ""CR"", ""LB""]",5,1,3,commercial_rent,AED,True,51038521,"[""https://static.shared.propertyfinder.ae/media/images/listing/587B68VZQRFXV1JZVN3BBYNFJW/c74d1062-8d33-4313-a87b-e8a88451b5e0/416x272.jpg"", ""https://static.shared.propertyfinder.ae/media/images/listing/587B68VZQRFXV1JZVN3BBYNFJW/c74d1062-8d33-4313-a87b-e8a88451b5e0/668x452.jpg""]",False,False,25.07743263244629,"Jumeirah Business Centre 2 (JBC 2), JLT Cluster V, Jumeirah Lake Towers, Dubai",4,55.15104675292969,5,226000.0,205.8287795992714,Office Space,property,2026-02-12T17:45:54.613519+00:00,https://www.propertyfinder.ae/en/plp/commercial-rent/office-space-for-rent-dubai-jumeirah-lake-towers-jlt-cluster-v-jumeirah-business-centre-2-jbc-2-2P0ez03jEyu.html,1098.0,Lake View | Partitioned | Grade A | Close To Metro
"[""AN"", ""CP"", ""DN"", ""CR"", ""LB"", ""VC""]",6,2,,commercial_rent,AED,True,16236252,"[""https://static.shared.propertyfinder.ae/media/images/listing/WQWT35Y59NTJ3B4FWZPS7T1N3W/c720b303-3a78-4b3e-b89d-5220a528ff06/416x272.jpg"", ""https://static.shared.propertyfinder.ae/media/images/listing/WQWT35Y59NTJ3B4FWZPS7T1N3W/c720b303-3a78-4b3e-b89d-5220a528ff06/668x452.jpg""]",False,False,25.062536239624023,"The Dome, JLT Cluster N, Jumeirah Lake Towers, Dubai",4,55.13759994506836,5,360000.0,207.3732718894009,Office Space,property,2026-02-12T17:45:54.613519+00:00,https://www.propertyfinder.ae/en/plp/commercial-rent/office-space-for-rent-dubai-jumeirah-lake-towers-jlt-cluster-n-the-dome-16236252.html,1736.0,Unbelievable Interiors | Fully Furnished | New In
[],0,,,commercial_rent,AED,True,16296097,"[""https://static.shared.propertyfinder.ae/media/images/listing/35FTRKA9HEBEQC5CH14B6N2BY4/723c3a19-6bf2-4d25-9bc9-0e7044dce2b4/416x272.jpg"", ""https://static.shared.propertyfinder.ae/media/images/listing/35FTRKA9HEBEQC5CH14B6N2BY4/723c3a19-6bf2-4d25-9bc9-0e7044dce2b4/668x452.jpg""]",False,False,25.176782608032227,"Ras Al Khor Industrial, Ras Al Khor, Dubai",3,55.37519454956055,5,1600000.0,61.53846153846154,Warehouse,property,2026-02-12T17:45:54.613519+00:00,https://www.propertyfinder.ae/en/plp/commercial-rent/warehouse-for-rent-dubai-ras-al-khor-ras-al-khor-industrial-16296097.html,26000.0,G+M OFFICE & WAREHOUSE|STANDALONE|ROAD FACING
"[""CR""]",1,2,,commercial_rent,AED,True,16262532,"[""https://static.shared.propertyfinder.ae/media/images/listing/2XJSSN7GN23WYBXQT7Y8M53Y14/e8bae046-e15d-4230-bee6-f2d947a026a0/416x272.jpg"", ""https://static.shared.propertyfinder.ae/media/images/listing/2XJSSN7GN23WYBXQT7Y8M53Y14/e8bae046-e15d-4230-bee6-f2d947a026a0/668x452.jpg""]",False,False,25.29378318786621,"Al Qusais Industrial Area 4, Al Qusais Industrial Area, Al Qusais, Dubai",4,55.401485443115234,5,1350000.0,90.0,Warehouse,property,2026-02-12T17:45:54.613519+00:00,https://www.propertyfinder.ae/en/plp/commercial-rent/warehouse-for-rent-dubai-al-qusais-al-qusais-industrial-area-al-qusais-industrial-area-4-16262532.html,15000.0,"15,000 Sqft. Warehouse Compound | Al Qusais Ind 4."
[],0,,,commercial_rent,AED,True,16296710,"[""https://static.shared.propertyfinder.ae/media/images/listing/NXM16Z0QCF99ZR83D3G5M4SZH8/e01c5810-4d74-4f0c-930c-2a3186ada0c3/416x272.jpg"", ""https://static.shared.propertyfinder.ae/media/images/listing/NXM16Z0QCF99ZR83D3G5M4SZH8/e01c5810-4d74-4f0c-930c-2a3186ada0c3/668x452.jpg""]",False,False,25.145505905151367,"Al Quoz Industrial Area, Al Quoz, Dubai",3,55.236270904541016,5,600000.0,200.0,Warehouse,property,2026-02-12T17:45:54.613519+00:00,https://www.propertyfinder.ae/en/plp/commercial-rent/warehouse-for-rent-dubai-al-quoz-al-quoz-industrial-area-16296710.html,3000.0,GRADE A | BRAND NEW | BEHIND SHEIKH ZAYED ROAD
[],0,,,commercial_rent,AED,True,15566882,"[""https://static.shared.propertyfinder.ae/media/images/listing/FWCMRVB9B21X794CG8E0Z86DD0/9c776b17-5cd4-47eb-a14a-c1afb0537e20/416x272.jpg"", ""https://static.shared.propertyfinder.ae/media/images/listing/FWCMRVB9B21X794CG8E0Z86DD0/9c776b17-5cd4-47eb-a14a-c1afb0537e20/668x452.jpg""]",False,False,25.097034454345703,"The Onyx Tower 1, The Onyx Towers, Greens, Dubai",4,55.168514251708984,5,450000.0,433.52601156069363,Office Space,property,2026-02-12T17:45:54.613519+00:00,https://www.propertyfinder.ae/en/plp/commercial-rent/office-space-for-rent-dubai-greens-the-onyx-towers-the-onyx-tower-1-15566882.html,1038.0,Fully Furnished Office for Rent | The Onyx Tower
[],0,2,,commercial_rent,AED,True,16239856,"[""https://static.shared.propertyfinder.ae/media/images/listing/Y268R0CQGMGFRXR9DDSGNMKDWC/791a2b54-7740-450e-bf7b-de0fef3f251d/416x272.jpg"", ""https://static.shared.propertyfinder.ae/media/images/listing/Y268R0CQGMGFRXR9DDSGNMKDWC/791a2b54-7740-450e-bf7b-de0fef3f251d/668x452.jpg""]",True,False,25.07161521911621,"Dubai Arch, JLT Cluster G, Jumeirah Lake Towers, Dubai",4,55.14372634887695,5,3500000.0,417.2130170461318,Office Space,property,2026-02-12T17:45:54.613519+00:00,https://www.propertyfinder.ae/en/plp/commercial-rent/office-space-for-rent-dubai-jumeirah-lake-towers-jlt-cluster-g-dubai-arch-16239856.html,8389.0,VACANT | FULL FLOOR | PRIVATE ELEVATORS | DMCC JLT
"[""CP"", ""SY"", ""CR""]",3,,,commercial_rent,AED,True,15195813,"[""https://static.shared.propertyfinder.ae/media/images/listing/01K5E2HHZYMX87HMZ7N9YWT319/a71a3044-4453-4b59-b62e-4b98316c1e19/416x272.jpg"", ""https://static.shared.propertyfinder.ae/media/images/listing/01K5E2HHZYMX87HMZ7N9YWT319/a71a3044-4453-4b59-b62e-4b98316c1e19/668x452.jpg""]",False,False,25.209489822387695,"Park Towers Podium, Park Towers, DIFC, Dubai",4,55.2786750793457,5,705395.0,500.28014184397165,Office Space,property,2026-02-12T17:45:54.613519+00:00,https://www.propertyfinder.ae/en/plp/commercial-rent/office-space-for-rent-dubai-difc-park-towers-park-towers-podium-15195813.html,1410.0,No Agent | Fit Out Furnished | DEWA Chiller Free
"[""CP""]",1,2,,commercial_rent,AED,True,14902982,"[""https://static.shared.propertyfinder.ae/media/images/listing/01K1ZPGPPGNJN38AJBH76F7914/f8c5ebc3-c861-4c3e-a16c-075c43fbb752/416x272.jpg"", ""https://static.shared.propertyfinder.ae/media/images/listing/01K1ZPGPPGNJN38AJBH76F7914/f8c5ebc3-c861-4c3e-a16c-075c43fbb752/668x452.jpg""]",False,False,25.209489822387695,"Park Towers Podium, Park Towers, DIFC, Dubai",4,55.2786750793457,5,1629385.0,500.1181706568447,Office Space,property,2026-02-12T17:45:54.613519+00:00,https://www.propertyfinder.ae/en/plp/commercial-rent/office-space-for-rent-dubai-difc-park-towers-park-towers-podium-14902982.html,3258.0,No Agent | New Fit Out | Office | Furnished
[],0,2,,commercial_rent,AED,True,16011126,"[""https://static.shared.propertyfinder.ae/media/images/listing/STXTDQRZX6KPMP6CK9YVTW8NZW/f737d77f-e13b-4621-a389-6a92b8a36707/416x272.jpg"", ""https://static.shared.propertyfinder.ae/media/images/listing/STXTDQRZX6KPMP6CK9YVTW8NZW/f737d77f-e13b-4621-a389-6a92b8a36707/668x452.jpg""]",False,False,25.178014755249023,"Capital Golden Tower, Business Bay, Dubai",3,55.27388000488281,5,159030.0,155.15121951219513,Office Space,property,2026-02-12T17:45:54.613519+00:00,https://www.propertyfinder.ae/en/plp/commercial-rent/office-space-for-rent-dubai-business-bay-capital-golden-tower-16011126.html,1025.0,Turnkey Office | Great Location | Easy Access
"[""AN""]",1,,,commercial_rent,AED,True,16285494,"[""https://static.shared.propertyfinder.ae/media/images/listing/J2BCZ1P844EWGV6EDGEJT0M1GM/ac1ebe9e-2d98-478e-92d1-3c65364c2cf8/416x272.jpg"", ""https://static.shared.propertyfinder.ae/media/images/listing/J2BCZ1P844EWGV6EDGEJT0M1GM/ac1ebe9e-2d98-478e-92d1-3c65364c2cf8/668x452.jpg""]",False,False,24.332622528076172,"ICAD - Industrial City Of Abu Dhabi, Mussafah, Abu Dhabi",3,54.4943962097168,5,309560.0,65.9620711698274,Warehouse,property,2026-02-12T17:45:54.613519+00:00,https://www.propertyfinder.ae/en/plp/commercial-rent/warehouse-for-rent-abu-dhabi-mussafah-icad-industrial-city-of-abu-dhabi-16285494.html,4693.0,Prime Location | Ready Warehouse | Generous Space
"[""AN""]",1,,,commercial_rent,AED,True,16285479,"[""https://static.shared.propertyfinder.ae/media/images/listing/JAK6WJWN83BD2E0RT2Z0JSBS84/07823fcb-0b92-47de-a65f-baff9305cb3e/416x272.jpg"", ""https://static.shared.propertyfinder.ae/media/images/listing/JAK6WJWN83BD2E0RT2Z0JSBS84/07823fcb-0b92-47de-a65f-baff9305cb3e/668x452.jpg""]",False,False,24.332622528076172,"ICAD - Industrial City Of Abu Dhabi, Mussafah, Abu Dhabi",3,54.4943962097168,5,248500.0,65.96761348553225,Warehouse,property,2026-02-12T17:45:54.613519+00:00,https://www.propertyfinder.ae/en/plp/commercial-rent/warehouse-for-rent-abu-dhabi-mussafah-icad-industrial-city-of-abu-dhabi-16285479.html,3767.0,Spacious Ready Warehouse | Strategically Located
[],0,,,commercial_rent,AED,True,16008018,"[""https://static.shared.propertyfinder.ae/media/images/listing/FPDJGCZ77KTC1DEGFJ4P7ZRFCM/c7698ac6-7280-4195-8d01-0ed06f14c91f/416x272.jpg"", ""https://static.shared.propertyfinder.ae/media/images/listing/FPDJGCZ77KTC1DEGFJ4P7ZRFCM/c7698ac6-7280-4195-8d01-0ed06f14c91f/668x452.jpg""]",False,False,25.18832015991211,"The Prime Tower, Business Bay, Dubai",3,55.27174377441406,5,100000.0,526.3157894736842,Office Space,property,2026-02-12T17:45:54.613519+00:00,https://www.propertyfinder.ae/en/plp/commercial-rent/office-space-for-rent-dubai-business-bay-the-prime-tower-16008018.html,190.0,Exclusive | High Class Office | Designer Furnished
"[""AN"", ""CP"", ""DN"", ""CR"", ""LB""]",5,1,3,commercial_rent,AED,True,16217647,"[""https://static.shared.propertyfinder.ae/media/images/listing/QE20CZ6RJNMS2RQ1ZZ036NC1W4/4b187a41-9034-43e8-a9c1-44c32b937764/416x272.jpg"", ""https://static.shared.propertyfinder.ae/media/images/listing/QE20CZ6RJNMS2RQ1ZZ036NC1W4/4b187a41-9034-43e8-a9c1-44c32b937764/668x452.jpg""]",False,False,25.077316284179688,"Oaks Liwa Heights, JLT Cluster W, Jumeirah Lake Towers, Dubai",4,55.15049743652344,5,161000.0,124.61300309597523,Office Space,property,2026-02-12T17:45:54.613519+00:00,https://www.propertyfinder.ae/en/plp/commercial-rent/office-space-for-rent-dubai-jumeirah-lake-towers-jlt-cluster-w-oaks-liwa-heights-16217647.html,1292.0,Fitted | Partitioned | Grade A | High Floor
[],0,,,commercial_rent,AED,True,15153377,"[""https://static.shared.propertyfinder.ae/media/images/listing/01K4YCXKR03TVGJ9SG6MWPV094/f2184654-124f-44fe-80ab-b2cc3754ebf6/416x272.jpg"", ""https://static.shared.propertyfinder.ae/media/images/listing/01K4YCXKR03TVGJ9SG6MWPV094/f2184654-124f-44fe-80ab-b2cc3754ebf6/668x452.jpg""]",False,False,25.33694839477539,"Lotus Tower, Al Majaz 1, Al Majaz, Sharjah",4,55.38694763183594,6,502500.0,67.0,Office Space,property,2026-02-12T17:45:59.987730+00:00,https://www.propertyfinder.ae/en/plp/commercial-rent/office-space-for-rent-sharjah-al-majaz-al-majaz-1-lotus-tower-15153377.html,7500.0,Fully Fitted | Furnished OfficeI Ready To Move
"[""PN""]",1,,,commercial_rent,AED,True,13888518,"[""https://static.shared.propertyfinder.ae/media/images/listing/01K45FXAFP04NCP1F4VYWF55TH/6dd77423-c232-400f-9980-d7f0a10721fd/416x272.jpg"", ""https://static.shared.propertyfinder.ae/media/images/listing/01K45FXAFP04NCP1F4VYWF55TH/6dd77423-c232-400f-9980-d7f0a10721fd/668x452.jpg""]",False,False,25.411436080932617,"Al Zaheya Gardens, Al Zahya, Ajman",3,55.587493896484375,6,750000.0,100.0,Show Room,property,2026-02-12T17:45:59.987730+00:00,https://www.propertyfinder.ae/en/plp/commercial-rent/show-room-for-rent-ajman-al-zahya-al-zaheya-gardens-13888518.html,7500.0,Premium Retail Space I Direct on MBZ Road
"[""AN"", ""CP"", ""CR"", ""DN"", ""LB""]",5,2,2,commercial_rent,AED,True,16217513,"[""https://static.shared.propertyfinder.ae/media/images/listing/311AAVWPHWAXPYPZ1YXF614W84/554e46a8-0b1a-4c41-b401-540c260e75d9/416x272.jpg"", ""https://static.shared.propertyfinder.ae/media/images/listing/311AAVWPHWAXPYPZ1YXF614W84/554e46a8-0b1a-4c41-b401-540c260e75d9/668x452.jpg""]",False,False,25.072023391723633,"HDS Tower, JLT Cluster F, Jumeirah Lake Towers, Dubai",4,55.1423454284668,6,135000.0,123.96694214876032,Office Space,property,2026-02-12T17:45:59.987730+00:00,https://www.propertyfinder.ae/en/plp/commercial-rent/office-space-for-rent-dubai-jumeirah-lake-towers-jlt-cluster-f-hds-tower-16217513.html,1089.0,Partitioned | SHR View | Close To Metro | Grade A
"[""AN"", ""CP"", ""LB""]",3,1,,commercial_rent,AED,True,15004321,"[""https://static.shared.propertyfinder.ae/media/images/listing/01K35R7RA52ZZVN7STBV2APCE4/41edb616-7cfc-4ca6-9a32-e549a07c1cd1/416x272.jpg"", ""https://static.shared.propertyfinder.ae/media/images/listing/01K35R7RA52ZZVN7STBV2APCE4/41edb616-7cfc-4ca6-9a32-e549a07c1cd1/668x452.jpg""]",False,False,25.253631591796875,"Emirates Development Bank, Port Saeed, Deira, Dubai",4,55.33574295043945,6,365533.0,120.0042678923178,Office Space,property,2026-02-12T17:45:59.987730+00:00,https://www.propertyfinder.ae/en/plp/commercial-rent/office-space-for-rent-dubai-deira-port-saeed-emirates-development-bank-15004321.html,3046.0,SHEIKH RASHID ROAD | SHELL AND CORE | PORT SAEED
"[""CR"", ""LB"", ""DN"", ""AN""]",4,1,,commercial_rent,AED,True,15823162,"[""https://static.shared.propertyfinder.ae/media/images/listing/01KC6GS4AH4WFH3F3KJFTF9C98/99e2a61d-0021-4309-ad1b-64539cdb4f77/416x272.jpg"", ""https://static.shared.propertyfinder.ae/media/images/listing/01KC6GS4AH4WFH3F3KJFTF9C98/99e2a61d-0021-4309-ad1b-64539cdb4f77/668x452.jpg""]",False,False,25.06743621826172,"Mazaya Business Avenue AA1, Mazaya Business Avenue, Jumeirah Lake Towers, Dubai",4,55.144325256347656,6,1000000.0,161.29032258064515,Office Space,property,2026-02-12T17:45:59.987730+00:00,https://www.propertyfinder.ae/en/plp/commercial-rent/office-space-for-rent-dubai-jumeirah-lake-towers-mazaya-business-avenue-mazaya-business-avenue-aa1-15823162.html,6200.0,Modern Office Space| Combined Units | Easy Access
[],0,,,commercial_rent,AED,True,15984750,"[""https://static.shared.propertyfinder.ae/media/images/listing/YF73YH496NZ7FTMHNM00HXMZB8/6ed64063-7189-4df6-a547-737128d6be42/416x272.jpg"", ""https://static.shared.propertyfinder.ae/media/images/listing/YF73YH496NZ7FTMHNM00HXMZB8/6ed64063-7189-4df6-a547-737128d6be42/668x452.jpg""]",False,False,25.068777084350586,"Almas Tower, Jumeirah Lake Towers, Dubai",3,55.14121627807617,6,2999999.0,432.15197349467013,Office Space,property,2026-02-12T17:45:59.987730+00:00,https://www.propertyfinder.ae/en/plp/commercial-rent/office-space-for-rent-dubai-jumeirah-lake-towers-almas-tower-15984750.html,6942.0,Full Floor | Furnished | 13 Parking Spaces
"[""AN""]",1,1,,commercial_rent,AED,True,15392628,"[""https://static.shared.propertyfinder.ae/media/images/listing/01K7KS45CW2DECNM0JPG2C21V1/2b6c764c-f7f0-463c-a1c8-136fdee18075/416x272.jpg"", ""https://static.shared.propertyfinder.ae/media/images/listing/01K7KS45CW2DECNM0JPG2C21V1/2b6c764c-f7f0-463c-a1c8-136fdee18075/668x452.jpg""]",False,False,25.737808227539062,"Al Felyyah, Ras Al Khaimah",2,55.98102569580078,6,15000.0,60.0,Shop,property,2026-02-12T17:45:59.987730+00:00,https://www.propertyfinder.ae/en/plp/commercial-rent/shop-for-rent-ras-al-khaimah-al-felyyah-15392628.html,250.0,VERY GOOD SHOPS IN RAK ALFILIYAH ONLY 15K
"[""AN"", ""VC""]",2,1,,commercial_rent,AED,True,13712383,"[""https://static.shared.propertyfinder.ae/media/images/listing/01JVQ6WGA8YW1JWRSJ0D3CCWDW/aec0657a-99dd-47cf-83c4-84bfff434a6d-watermarked/416x272.jpg"", ""https://static.shared.propertyfinder.ae/media/images/listing/01JVQ6WGA8YW1JWRSJ0D3CCWDW/aec0657a-99dd-47cf-83c4-84bfff434a6d-watermarked/668x452.jpg""]",False,False,25.759971618652344,"Al Qusaidat, Ras Al Khaimah",2,55.976016998291016,6,12000.0,60.0,Shop,property,2026-02-12T17:45:59.987730+00:00,https://www.propertyfinder.ae/en/plp/commercial-rent/shop-for-rent-ras-al-khaimah-al-qusaidat-13712383.html,200.0,SHOPS FOR RENT ONLY12K PER YEAR IN RAK CITY
"[""AN"", ""CP"", ""CR"", ""LB"", ""VC""]",5,1,,commercial_rent,AED,True,15434865,"[""https://static.shared.propertyfinder.ae/media/images/listing/01K83209BV9HG3GRHA2K7B7136/06fed722-5bf1-4a19-aeed-3db4caca8cf7/416x272.jpg"", ""https://static.shared.propertyfinder.ae/media/images/listing/01K83209BV9HG3GRHA2K7B7136/06fed722-5bf1-4a19-aeed-3db4caca8cf7/668x452.jpg""]",False,False,25.928760528564453,"Industrial Park, RAK FTZ, Ras Al Khaimah",3,56.05330276489258,6,200000.0,46.44681839294008,Warehouse,property,2026-02-12T17:45:59.987730+00:00,https://www.propertyfinder.ae/en/plp/commercial-rent/warehouse-for-rent-ras-al-khaimah-rak-ftz-industrial-park-15434865.html,4306.0,Non-Free Zone Warehouse | Stunning Location
[],0,7,,commercial_rent,AED,True,16065012,"[""https://static.shared.propertyfinder.ae/media/images/listing/3Z1H4B3HKHK8XRCBYFJFGS3BNM/24d58df9-df9d-40f1-80bc-9b12aed56f09/416x272.jpg"", ""https://static.shared.propertyfinder.ae/media/images/listing/3Z1H4B3HKHK8XRCBYFJFGS3BNM/24d58df9-df9d-40f1-80bc-9b12aed56f09/668x452.jpg""]",False,False,25.37520408630371,"Al Qadsiya, Al Heerah, Sharjah",3,55.415584564208984,6,350000.0,35.0,Villa,property,2026-02-12T17:45:59.987730+00:00,https://www.propertyfinder.ae/en/plp/commercial-rent/villa-for-rent-sharjah-al-heerah-al-qadsiya-16065012.html,10000.0,Commercial Villa | Prime Location | Corner Villa
[],0,,,commercial_rent,AED,True,14209125,"[""https://static.shared.propertyfinder.ae/media/images/listing/01K3P6SP5JHV022H08ZZ09HCXM/6bc06c4a-4b83-49c7-9f21-fb50990bc8b1/416x272.jpg"", ""https://static.shared.propertyfinder.ae/media/images/listing/01K3P6SP5JHV022H08ZZ09HCXM/6bc06c4a-4b83-49c7-9f21-fb50990bc8b1/668x452.jpg""]",False,False,25.172269821166992,"Kia Flag Ship, Al Quoz 1, Al Quoz, Dubai",4,55.24329376220703,6,307094.0,200.0612377850163,Office Space,property,2026-02-12T17:45:59.987730+00:00,https://www.propertyfinder.ae/en/plp/commercial-rent/office-space-for-rent-dubai-al-quoz-al-quoz-1-kia-flag-ship-14209125.html,1535.0,Corner Office | Semi-Fitted | Chiller Free
"[""AN"", ""CP"", ""CR"", ""LB"", ""VC""]",5,2,,commercial_rent,AED,True,16119051,"[""https://static.shared.propertyfinder.ae/media/images/listing/DMQBEX9K5QM67H8FHXSCQKSQAW/c3ef97a9-9de0-4e09-bff7-f179ac94a0bb/416x272.jpg"", ""https://static.shared.propertyfinder.ae/media/images/listing/DMQBEX9K5QM67H8FHXSCQKSQAW/c3ef97a9-9de0-4e09-bff7-f179ac94a0bb/668x452.jpg""]",False,False,25.548364639282227,"Umm Al Thuoob, Umm Al Quwain",2,55.700618743896484,6,425000.0,37.11790393013101,Warehouse,property,2026-02-12T17:45:59.987730+00:00,https://www.propertyfinder.ae/en/plp/commercial-rent/warehouse-for-rent-umm-al-quwain-umm-al-thuoob-16119051.html,11450.0,G+ Mezzanine Warehouse for Rent in Umm Al Thu'ub
[],0,1,,commercial_rent,AED,True,16181410,"[""https://static.shared.propertyfinder.ae/media/images/listing/WKC4DBDB5EDFGKV7HXGTHB1PRG/63773cc0-63db-43c4-b327-674fdedcd588/416x272.jpg"", ""https://static.shared.propertyfinder.ae/media/images/listing/WKC4DBDB5EDFGKV7HXGTHB1PRG/63773cc0-63db-43c4-b327-674fdedcd588/668x452.jpg""]",False,False,25.180156707763672,"Ras Al Khor Industrial 1, Ras Al Khor Industrial, Ras Al Khor, Dubai",4,55.339237213134766,6,360342.0,75.00874271440466,Warehouse,property,2026-02-12T17:45:59.987730+00:00,https://www.propertyfinder.ae/en/plp/commercial-rent/warehouse-for-rent-dubai-ras-al-khor-ras-al-khor-industrial-ras-al-khor-industrial-1-16181410.html,4804.0,Last 1 Remaining | Great Opportunity
"[""AN"", ""CP"", ""SP"", ""SY"", ""DN"", ""CR"", ""LB"", ""VC""]",8,1,,commercial_rent,AED,True,16162993,"[""https://static.shared.propertyfinder.ae/media/images/listing/4XA0N3VBYSG3DM34B5TGV5D588/a37f6833-e183-4c9a-84e3-112cbe72aced/416x272.jpg"", ""https://static.shared.propertyfinder.ae/media/images/listing/4XA0N3VBYSG3DM34B5TGV5D588/a37f6833-e183-4c9a-84e3-112cbe72aced/668x452.jpg""]",False,False,25.3082218170166,"Al Sajaa Industrial, Al Sajaa, Sharjah",3,55.65555953979492,6,170000.0,35.416666666666664,Warehouse,property,2026-02-12T17:45:59.987730+00:00,https://www.propertyfinder.ae/en/plp/commercial-rent/warehouse-for-rent-sharjah-al-sajaa-al-sajaa-industrial-16162993.html,4800.0,Cheapest •Prime Location •Ready to Move •Good Road
"[""CP"", ""LB"", ""AN"", ""DN"", ""CR""]",5,1,,commercial_rent,AED,True,15481727,"[""https://static.shared.propertyfinder.ae/media/images/listing/01K8JXCH4GS5S4VY9WSJ4GSK9R/d312b788-ad3d-463c-b249-88a9d5200d5d/416x272.jpg"", ""https://static.shared.propertyfinder.ae/media/images/listing/01K8JXCH4GS5S4VY9WSJ4GSK9R/d312b788-ad3d-463c-b249-88a9d5200d5d/668x452.jpg""]",False,False,25.069055557250977,"Mazaya Business Avenue BB2, Mazaya Business Avenue, Jumeirah Lake Towers, Dubai",4,55.14579772949219,6,250000.0,147.66686355581808,Office Space,property,2026-02-12T17:45:59.987730+00:00,https://www.propertyfinder.ae/en/plp/commercial-rent/office-space-for-rent-dubai-jumeirah-lake-towers-mazaya-business-avenue-mazaya-business-avenue-bb2-15481727.html,1693.0,Fully Fitted | Prime Location | Vacant Soon
[],0,,,commercial_rent,AED,True,16190108,"[""https://static.shared.propertyfinder.ae/media/images/listing/8T25SSG1H4GDGPWH3X4ZYK0CP8/40c6c8bb-8c41-4d5b-8007-cbe9351f22f2/416x272.jpg"", ""https://static.shared.propertyfinder.ae/media/images/listing/8T25SSG1H4GDGPWH3X4ZYK0CP8/40c6c8bb-8c41-4d5b-8007-cbe9351f22f2/668x452.jpg""]",False,False,25.3082218170166,"Al Sajaa Industrial, Al Sajaa, Sharjah",3,55.65555953979492,6,2527258.0,45.00023147735973,Warehouse,property,2026-02-12T17:45:59.987730+00:00,https://www.propertyfinder.ae/en/plp/commercial-rent/warehouse-for-rent-sharjah-al-sajaa-al-sajaa-industrial-16190108.html,56161.0,Brand New Warehouse | AED 45 per Sqft | Q2 2026
[],0,,,commercial_rent,AED,True,16190095,"[""https://static.shared.propertyfinder.ae/media/images/listing/VRRWRQQCGN2V73ZD7ZKEBA8JMC/c7d52400-2117-4930-98f7-4855b4ab55c2/416x272.jpg"", ""https://static.shared.propertyfinder.ae/media/images/listing/VRRWRQQCGN2V73ZD7ZKEBA8JMC/c7d52400-2117-4930-98f7-4855b4ab55c2/668x452.jpg""]",False,False,25.3082218170166,"Al Sajaa Industrial, Al Sajaa, Sharjah",3,55.65555953979492,6,2881625.0,45.000078081079394,Warehouse,property,2026-02-12T17:45:59.987730+00:00,https://www.propertyfinder.ae/en/plp/commercial-rent/warehouse-for-rent-sharjah-al-sajaa-al-sajaa-industrial-16190095.html,64036.0,Brand New Warehouse | AED 45 per Sqft | Q2 2026
[],0,,,commercial_rent,AED,True,16116812,"[""https://static.shared.propertyfinder.ae/media/images/listing/D45KPGKNPD1FGJ5GQ799C3QS64/abb53b02-d2da-4f5a-9181-29ffda5656a7/416x272.jpg"", ""https://static.shared.propertyfinder.ae/media/images/listing/D45KPGKNPD1FGJ5GQ799C3QS64/abb53b02-d2da-4f5a-9181-29ffda5656a7/668x452.jpg""]",False,False,25.180156707763672,"Ras Al Khor Industrial 1, Ras Al Khor Industrial, Ras Al Khor, Dubai",4,55.339237213134766,6,788800.0,80.0,Warehouse,property,2026-02-12T17:45:59.987730+00:00,https://www.propertyfinder.ae/en/plp/commercial-rent/warehouse-for-rent-dubai-ras-al-khor-ras-al-khor-industrial-ras-al-khor-industrial-1-16116812.html,9860.0,Warehouse For Rent | No Sub Lease Tax | Ras Alkhor
"[""CP"", ""AN"", ""DN""]",3,1,,commercial_rent,AED,True,16079150,"[""https://static.shared.propertyfinder.ae/media/images/listing/Z7FTT692MYMFAPGXKXFMY1NBMM/77a0859f-4514-425e-a745-44c097675d23/416x272.jpg"", ""https://static.shared.propertyfinder.ae/media/images/listing/Z7FTT692MYMFAPGXKXFMY1NBMM/77a0859f-4514-425e-a745-44c097675d23/668x452.jpg""]",False,False,25.180864334106445,"Churchill Executive Tower, Churchill Towers, Business Bay, Dubai",4,55.263065338134766,6,154999.0,179.18959537572255,Office Space,property,2026-02-12T17:45:59.987730+00:00,https://www.propertyfinder.ae/en/plp/commercial-rent/office-space-for-rent-dubai-business-bay-churchill-towers-churchill-executive-tower-16079150.html,865.0,Panoramic Canal Views  | Prime High Floor
[],0,,,commercial_rent,AED,True,15389280,"[""https://static.shared.propertyfinder.ae/media/images/listing/0EAECSJ1RTBVHR9NR1MSS8T9JG/5e336b18-70c0-4814-8b60-22825166bbc0/416x272.jpg"", ""https://static.shared.propertyfinder.ae/media/images/listing/0EAECSJ1RTBVHR9NR1MSS8T9JG/5e336b18-70c0-4814-8b60-22825166bbc0/668x452.jpg""]",False,False,25.34453010559082,"Shaiba Building, Al Nad, Al Qasimia, Sharjah",4,55.392417907714844,6,203775.0,65.0,Office Space,property,2026-02-12T17:45:59.987730+00:00,https://www.propertyfinder.ae/en/plp/commercial-rent/office-space-for-rent-sharjah-al-qasimia-al-nad-shaiba-building-15389280.html,3135.0,Fitted Office | Chiller Free | Prime Location
"[""AN"", ""CP"", ""LB""]",3,,,commercial_rent,AED,True,16260196,"[""https://static.shared.propertyfinder.ae/media/images/listing/4KCTQTJXTJ1TC83GX1YPKTZ4CC/23f316d3-6357-4fc6-a41d-b1561c81a40b/416x272.jpg"", ""https://static.shared.propertyfinder.ae/media/images/listing/4KCTQTJXTJ1TC83GX1YPKTZ4CC/23f316d3-6357-4fc6-a41d-b1561c81a40b/668x452.jpg""]",False,False,25.188093185424805,"Single Business Tower, Sheikh Zayed Road, Dubai",3,55.25847244262695,6,374400.0,260.0,Office Space,property,2026-02-12T17:45:59.987730+00:00,https://www.propertyfinder.ae/en/plp/commercial-rent/office-space-for-rent-dubai-sheikh-zayed-road-single-business-tower-16260196.html,1440.0,HIGH FLOOR | SZR VIEW | FULLY FITTED | READY UNIT
[],0,,,commercial_rent,AED,True,16066369,"[""https://static.shared.propertyfinder.ae/media/images/listing/N5C5MA1JSP60MGC9TYNRVNRHV8/072cfc25-5ff6-4e92-9231-cc1d8b982dd8/416x272.jpg"", ""https://static.shared.propertyfinder.ae/media/images/listing/N5C5MA1JSP60MGC9TYNRVNRHV8/072cfc25-5ff6-4e92-9231-cc1d8b982dd8/668x452.jpg""]",False,False,24.98343849182129,"Phase 1, Dubai Investment Park (DIP), Dubai",3,55.15414047241211,6,861042.0,78.0,Warehouse,property,2026-02-12T17:45:59.987730+00:00,https://www.propertyfinder.ae/en/plp/commercial-rent/warehouse-for-rent-dubai-dubai-investment-park-dip-16066369.html,11039.0,120 KW Power 11039 sqft Brand New Warehouse in DIP
[],0,,,commercial_rent,AED,True,16066355,"[""https://static.shared.propertyfinder.ae/media/images/listing/J2FT4765PNX50MFNK7MT09K8QM/a83ba1f3-287d-45d7-b4fb-e68cc703e1d3/416x272.jpg"", ""https://static.shared.propertyfinder.ae/media/images/listing/J2FT4765PNX50MFNK7MT09K8QM/a83ba1f3-287d-45d7-b4fb-e68cc703e1d3/668x452.jpg""]",False,False,24.98343849182129,"Phase 1, Dubai Investment Park (DIP), Dubai",3,55.15414047241211,6,382590.0,78.0,Warehouse,property,2026-02-12T17:45:59.987730+00:00,https://www.propertyfinder.ae/en/plp/commercial-rent/warehouse-for-rent-dubai-dubai-investment-park-dip-phase-1-16066355.html,4905.0,60 KW 4905 Sqft Brand New Warehouse in DIP 1
[],0,,,commercial_rent,AED,True,16066337,"[""https://static.shared.propertyfinder.ae/media/images/listing/HNMQCV03AM3JTK25FWRAKMM364/1db51952-faa3-4bc6-bb0f-aae712efab91/416x272.jpg"", ""https://static.shared.propertyfinder.ae/media/images/listing/HNMQCV03AM3JTK25FWRAKMM364/1db51952-faa3-4bc6-bb0f-aae712efab91/668x452.jpg""]",False,False,24.98343849182129,"Phase 1, Dubai Investment Park (DIP), Dubai",3,55.15414047241211,6,478608.0,78.0,Warehouse,property,2026-02-12T17:45:59.987730+00:00,https://www.propertyfinder.ae/en/plp/commercial-rent/warehouse-for-rent-dubai-dubai-investment-park-dip-phase-1-16066337.html,6136.0,60 KW Power 6136 sqft Brand New warehouse in DIP 1
[],0,,,commercial_rent,AED,True,16053443,"[""https://static.shared.propertyfinder.ae/media/images/listing/ATN7C9TBD2TXHJPC7VVHHKZCB8/1f7830ed-c2a3-45db-ae84-f49ac4763982/416x272.jpg"", ""https://static.shared.propertyfinder.ae/media/images/listing/ATN7C9TBD2TXHJPC7VVHHKZCB8/1f7830ed-c2a3-45db-ae84-f49ac4763982/668x452.jpg""]",False,False,24.872133255004883,"Saih Shuaib 2, Dubai Industrial City, Dubai",3,55.05349349975586,6,821920.0,80.0,Warehouse,property,2026-02-12T17:45:59.987730+00:00,https://www.propertyfinder.ae/en/plp/commercial-rent/warehouse-for-rent-dubai-dubai-industrial-city-saih-shuaib-2-16053443.html,10274.0,"Independent 700 KW 10,274 Sqft in DIC"
[],0,,,commercial_rent,AED,True,16053405,"[""https://static.shared.propertyfinder.ae/media/images/listing/4FBSDZKBVV29RRFPYNG97BPR84/b4c1f821-5672-4bdb-959c-a41220b32302/416x272.jpg"", ""https://static.shared.propertyfinder.ae/media/images/listing/4FBSDZKBVV29RRFPYNG97BPR84/b4c1f821-5672-4bdb-959c-a41220b32302/668x452.jpg""]",False,False,24.84636878967285,"Saih Shuaib 3, Dubai Industrial City, Dubai",3,55.07842254638672,7,2232100.0,65.0,Warehouse,property,2026-02-12T17:46:06.785800+00:00,https://www.propertyfinder.ae/en/plp/commercial-rent/warehouse-for-rent-dubai-dubai-industrial-city-saih-shuaib-3-16053405.html,34340.0,1000 KW 34340 Sqft Brand New Warehouse in DIC
"[""CP"", ""LB""]",2,,,commercial_rent,AED,True,16117530,"[""https://static.shared.propertyfinder.ae/media/images/listing/Q79ZA6QWXBWS49MPP6SWR1ENQC/80502c19-467c-4eca-a77e-dc2c2cad7671/416x272.jpg"", ""https://static.shared.propertyfinder.ae/media/images/listing/Q79ZA6QWXBWS49MPP6SWR1ENQC/80502c19-467c-4eca-a77e-dc2c2cad7671/668x452.jpg""]",False,False,25.234777450561523,"Golden Gate, Oud Metha, Bur Dubai, Dubai",4,55.30675506591797,7,207135.0,150.09782608695653,Office Space,property,2026-02-12T17:46:06.785800+00:00,https://www.propertyfinder.ae/en/plp/commercial-rent/office-space-for-rent-dubai-bur-dubai-oud-metha-golden-gate-16117530.html,1380.0,Raised floors |  Open Views |  Semi fitted
"[""CP"", ""LB""]",2,,,commercial_rent,AED,True,16117510,"[""https://static.shared.propertyfinder.ae/media/images/listing/W9BBW9TEWCR85MS0FHZH4ZXFPR/2b1c591a-c7f7-490a-90ea-1a2b3124c983/416x272.jpg"", ""https://static.shared.propertyfinder.ae/media/images/listing/W9BBW9TEWCR85MS0FHZH4ZXFPR/2b1c591a-c7f7-490a-90ea-1a2b3124c983/668x452.jpg""]",False,False,25.234777450561523,"Golden Gate, Oud Metha, Bur Dubai, Dubai",4,55.30675506591797,7,224169.0,150.04618473895582,Office Space,property,2026-02-12T17:46:06.785800+00:00,https://www.propertyfinder.ae/en/plp/commercial-rent/office-space-for-rent-dubai-bur-dubai-oud-metha-golden-gate-16117510.html,1494.0,Raised floors |  Open Views |  Semi fitted
[],0,,,commercial_rent,AED,True,14388847,"[""https://static.shared.propertyfinder.ae/media/images/listing/WJNXHGB6Y7MQJTQCHV5DE7F7SC/688181c9-0c4c-464e-8333-a1d119f7c097/416x272.jpg"", ""https://static.shared.propertyfinder.ae/media/images/listing/WJNXHGB6Y7MQJTQCHV5DE7F7SC/688181c9-0c4c-464e-8333-a1d119f7c097/668x452.jpg""]",False,False,25.267440795898438,"Al Khabisi, Deira, Dubai",3,55.33412170410156,7,507490.0,90.01241575026606,Warehouse,property,2026-02-12T17:46:06.785800+00:00,https://www.propertyfinder.ae/en/plp/commercial-rent/warehouse-for-rent-dubai-deira-al-khabisi-14388847.html,5638.0,BRAND NEW WAREHOUSE | NO SUBLEASE TAX OPPORTUNITY
[],0,1,,commercial_rent,AED,True,15809329,"[""https://static.shared.propertyfinder.ae/media/images/listing/01KC3GCC7AMRYZ1TK1NQSGNKF3/015dc1ee-f1f0-422b-9c85-d73d2d719604/416x272.jpg"", ""https://static.shared.propertyfinder.ae/media/images/listing/01KC3GCC7AMRYZ1TK1NQSGNKF3/015dc1ee-f1f0-422b-9c85-d73d2d719604/668x452.jpg""]",False,False,25.184873580932617,"The Metropolis, Business Bay, Dubai",3,55.276729583740234,7,162450.0,246.13636363636363,Office Space,property,2026-02-12T17:46:06.785800+00:00,https://www.propertyfinder.ae/en/plp/commercial-rent/office-space-for-rent-dubai-business-bay-the-metropolis-15809329.html,660.0,Prestigious Furnished Executive Office
[],0,1,,commercial_rent,AED,True,15795254,"[""https://static.shared.propertyfinder.ae/media/images/listing/01KBYZN6F8TZ2YEJXNJ16YM2F7/38eeab09-845f-46a5-8ba9-4057db89c164/416x272.jpg"", ""https://static.shared.propertyfinder.ae/media/images/listing/01KBYZN6F8TZ2YEJXNJ16YM2F7/38eeab09-845f-46a5-8ba9-4057db89c164/668x452.jpg""]",False,False,25.21103286743164,"Burj Daman, DIFC, Dubai",3,55.28205108642578,7,3100000.0,436.1896721542142,Retail,property,2026-02-12T17:46:06.785800+00:00,https://www.propertyfinder.ae/en/plp/commercial-rent/retail-for-rent-dubai-difc-burj-daman-15795254.html,7107.0,DIFC | Licensed Restaurant- Bar | Outdoor Seating
[],0,,,commercial_rent,AED,True,16167489,"[""https://static.shared.propertyfinder.ae/media/images/listing/14C7BBM12D69Y5AESCRZSKHX6W/4aecf5a3-a739-4ede-a4b8-5d4856530957/416x272.jpg"", ""https://static.shared.propertyfinder.ae/media/images/listing/14C7BBM12D69Y5AESCRZSKHX6W/4aecf5a3-a739-4ede-a4b8-5d4856530957/668x452.jpg""]",True,False,24.971237182617188,"Freezone South, Jebel Ali Freezone, Jebel Ali, Dubai",4,55.053863525390625,7,5500000.0,37.99654576856649,Warehouse,property,2026-02-12T17:46:06.785800+00:00,https://www.propertyfinder.ae/en/plp/commercial-rent/warehouse-for-rent-dubai-jebel-ali-jebel-ali-freezone-freezone-south-16167489.html,144750.0,14-METER HIGH | HIGH POWER | JAFZA
[],0,,,commercial_rent,AED,True,16006818,"[""https://static.shared.propertyfinder.ae/media/images/listing/NZJ3K4B80PRPGB25QMK5RYV5AM/e2489fde-5165-4d7a-aa53-8a3b6f8371e4/416x272.jpg"", ""https://static.shared.propertyfinder.ae/media/images/listing/NZJ3K4B80PRPGB25QMK5RYV5AM/e2489fde-5165-4d7a-aa53-8a3b6f8371e4/668x452.jpg""]",True,False,24.856124877929688,"Industrial Zone, Dubai Industrial City, Dubai",3,55.07551574707031,7,5350000.0,50.0,Warehouse,property,2026-02-12T17:46:06.785800+00:00,https://www.propertyfinder.ae/en/plp/commercial-rent/warehouse-for-rent-dubai-dubai-industrial-city-industrial-zone-16006818.html,107000.0,"1500 KW Power Standalone 107,000 Sqft Warehouse"
[],0,,,commercial_rent,AED,True,15591947,"[""https://static.shared.propertyfinder.ae/media/images/listing/01K9RNKZZC5Q6R8YYEP686CDZ5/004eaa77-f14c-486b-955e-a4ec57fad634/416x272.jpg"", ""https://static.shared.propertyfinder.ae/media/images/listing/01K9RNKZZC5Q6R8YYEP686CDZ5/004eaa77-f14c-486b-955e-a4ec57fad634/668x452.jpg""]",False,False,25.22117042541504,"Latifa Tower, Sheikh Zayed Road, Dubai",3,55.28102111816406,7,585000.0,201.9330341732827,Office Space,property,2026-02-12T17:46:06.785800+00:00,https://www.propertyfinder.ae/en/plp/commercial-rent/office-space-for-rent-dubai-sheikh-zayed-road-latifa-tower-15591947.html,2897.0,Fitted Office | With Pantry | SZR View
[],0,3,7,commercial_rent,AED,True,16161568,"[""https://static.shared.propertyfinder.ae/media/images/listing/SBF45WK1VYJMQP567NP3BRH6EW/24e5960f-dbd0-40e1-805a-4c88f562a2ab/416x272.jpg"", ""https://static.shared.propertyfinder.ae/media/images/listing/SBF45WK1VYJMQP567NP3BRH6EW/24e5960f-dbd0-40e1-805a-4c88f562a2ab/668x452.jpg""]",False,False,24.872133255004883,"Saih Shuaib 2, Dubai Industrial City, Dubai",3,55.05349349975586,7,600000.0,60.0,Office Space,property,2026-02-12T17:46:06.785800+00:00,https://www.propertyfinder.ae/en/plp/commercial-rent/office-space-for-rent-dubai-al-quoz-al-quoz-1-leaders-building-16161568.html,10000.0,"AED 60 / SQFT | 10,000 to 90,000 sqft Availabe"
"[""AN"", ""DN"", ""CR""]",3,7,1,commercial_rent,AED,True,16160530,"[""https://static.shared.propertyfinder.ae/media/images/listing/2RGAMR18G7HPX2QJ83PQ03N9QM/7e235b46-7f57-44c6-8bba-b8fbaa97a7be/416x272.jpg"", ""https://static.shared.propertyfinder.ae/media/images/listing/2RGAMR18G7HPX2QJ83PQ03N9QM/7e235b46-7f57-44c6-8bba-b8fbaa97a7be/668x452.jpg""]",False,False,25.17652130126953,"Leaders Building, Al Quoz 1, Al Quoz, Dubai",4,55.247947692871094,7,99999.0,249.9975,Office Space,property,2026-02-12T17:46:06.785800+00:00,https://www.propertyfinder.ae/en/plp/commercial-rent/office-space-for-rent-dubai-al-quoz-al-quoz-1-leaders-building-16160530.html,400.0,Furnished | Easy Metro Access | Free WiFi & DEWA
"[""AN"", ""DN"", ""CR""]",3,7,1,commercial_rent,AED,True,16160162,"[""https://static.shared.propertyfinder.ae/media/images/listing/CB6X2WJGAWACKM7XNN8G0QCAKW/7285235c-c8bb-4606-a253-48ab3676e541/416x272.jpg"", ""https://static.shared.propertyfinder.ae/media/images/listing/CB6X2WJGAWACKM7XNN8G0QCAKW/7285235c-c8bb-4606-a253-48ab3676e541/668x452.jpg""]",False,False,25.17652130126953,"Leaders Building, Al Quoz 1, Al Quoz, Dubai",4,55.247947692871094,7,34999.0,269.2230769230769,Office Space,property,2026-02-12T17:46:06.785800+00:00,https://www.propertyfinder.ae/en/plp/commercial-rent/office-space-for-rent-dubai-al-quoz-al-quoz-1-leaders-building-16160162.html,130.0,Easy Access to Metro | Utilities Incl. | Furnished
"[""AN"", ""DN"", ""CR""]",3,7,1,commercial_rent,AED,True,16159859,"[""https://static.shared.propertyfinder.ae/media/images/listing/KZW07D50JJBC2VGF5PYSHXERX0/15df671e-cb32-4d92-9cd0-04a5d2028c45/416x272.jpg"", ""https://static.shared.propertyfinder.ae/media/images/listing/KZW07D50JJBC2VGF5PYSHXERX0/15df671e-cb32-4d92-9cd0-04a5d2028c45/668x452.jpg""]",False,False,25.17652130126953,"Leaders Building, Al Quoz 1, Al Quoz, Dubai",4,55.247947692871094,7,64999.0,259.996,Office Space,property,2026-02-12T17:46:06.785800+00:00,https://www.propertyfinder.ae/en/plp/commercial-rent/office-space-for-rent-dubai-al-quoz-al-quoz-1-leaders-building-16159859.html,250.0,Utilities Incl. | Furnished | Easy Access to Metro
[],0,,,commercial_rent,AED,True,16132838,"[""https://static.shared.propertyfinder.ae/media/images/listing/CAS94Z584VQ4TBA6QVGP84GYKM/c33f4c05-de3e-416f-9f38-31065eda5514/416x272.jpg"", ""https://static.shared.propertyfinder.ae/media/images/listing/CAS94Z584VQ4TBA6QVGP84GYKM/c33f4c05-de3e-416f-9f38-31065eda5514/668x452.jpg""]",False,False,25.22117042541504,"Latifa Tower, Sheikh Zayed Road, Dubai",3,55.28102111816406,7,576000.0,180.0,Office Space,property,2026-02-12T17:46:06.785800+00:00,https://www.propertyfinder.ae/en/plp/commercial-rent/office-space-for-rent-dubai-sheikh-zayed-road-latifa-tower-16132838.html,3200.0,Grade A Office | Fitted and Ready | 3Parking Space
"[""LB"", ""CR""]",2,2,,commercial_rent,AED,True,16294168,"[""https://static.shared.propertyfinder.ae/media/images/listing/T9PNZHGJT28DDZS8NHACVQSDSM/798b099c-0993-4575-8442-8f4df37a5ec0/416x272.jpg"", ""https://static.shared.propertyfinder.ae/media/images/listing/T9PNZHGJT28DDZS8NHACVQSDSM/798b099c-0993-4575-8442-8f4df37a5ec0/668x452.jpg""]",False,False,25.079059600830078,"One Lake Plaza, JLT Cluster T, Jumeirah Lake Towers, Dubai",4,55.15019989013672,7,140000.0,126.81159420289855,Office Space,property,2026-02-12T17:46:06.785800+00:00,https://www.propertyfinder.ae/en/plp/commercial-rent/office-space-for-rent-dubai-jumeirah-lake-towers-jlt-cluster-t-one-lake-plaza-16294168.html,1104.0,UNFURNISHED | 4 GLASS PARTITIONS | NEXT TO METRO
[],0,,,commercial_rent,AED,True,15996621,"[""https://static.shared.propertyfinder.ae/media/images/listing/MC7KTYVHY4GPGN7TH5PPFPMEGG/7a43c669-774f-4673-b282-02cfbcb747fc/416x272.jpg"", ""https://static.shared.propertyfinder.ae/media/images/listing/MC7KTYVHY4GPGN7TH5PPFPMEGG/7a43c669-774f-4673-b282-02cfbcb747fc/668x452.jpg""]",False,False,24.974517822265625,"Phase 2, Dubai Investment Park (DIP), Dubai",3,55.19830322265625,7,288000.0,80.0,Warehouse,property,2026-02-12T17:46:06.785800+00:00,https://www.propertyfinder.ae/en/plp/commercial-rent/warehouse-for-rent-dubai-dubai-investment-park-dip-15996621.html,3600.0,PRIME LOCATION | VACANT | WELL MAINTAINED
[],0,,,commercial_rent,AED,True,16219549,"[""https://static.shared.propertyfinder.ae/media/images/listing/D3VMTCNC458MY5FHWM1Y9FK4A0/6132a7a2-f374-4970-ab6e-80c5f233be8e/416x272.jpg"", ""https://static.shared.propertyfinder.ae/media/images/listing/D3VMTCNC458MY5FHWM1Y9FK4A0/6132a7a2-f374-4970-ab6e-80c5f233be8e/668x452.jpg""]",False,False,25.186826705932617,"The Binary Tower, Business Bay, Dubai",3,55.26713180541992,7,320000.0,357.94183445190157,Office Space,property,2026-02-12T17:46:06.785800+00:00,https://www.propertyfinder.ae/en/plp/commercial-rent/office-space-for-rent-dubai-business-bay-the-binary-tower-16219549.html,894.0,VACANT | FURNISHED | PARTITIONED | GRADE A
"[""CP"", ""SY"", ""CR""]",3,,,commercial_rent,AED,True,16076208,"[""https://static.shared.propertyfinder.ae/media/images/listing/8YQ3BX9YVCR1Z2ZVFHXA2J47F0/edeaa41f-ee3a-46cb-a72e-3c6aea714509/416x272.jpg"", ""https://static.shared.propertyfinder.ae/media/images/listing/8YQ3BX9YVCR1Z2ZVFHXA2J47F0/edeaa41f-ee3a-46cb-a72e-3c6aea714509/668x452.jpg""]",False,False,25.179397583007812,"Ras Al Khor Industrial 2, Ras Al Khor Industrial, Ras Al Khor, Dubai",4,55.355831146240234,7,477075.0,75.0,Warehouse,property,2026-02-12T17:46:06.785800+00:00,https://www.propertyfinder.ae/en/plp/commercial-rent/warehouse-for-rent-dubai-ras-al-khor-ras-al-khor-industrial-ras-al-khor-industrial-2-16076208.html,6361.0,NO 20% DREC FEE | NO AGENTS |   | 36 KW POWER | VACANT
"[""CR"", ""LB"", ""DN"", ""AN""]",4,1,,commercial_rent,AED,True,15755547,"[""https://static.shared.propertyfinder.ae/media/images/listing/01KBJ02X44C9QFQSAE1N9MGAZ2/5a014a17-9e35-4a93-81c1-d9a0abe67fc1/416x272.jpg"", ""https://static.shared.propertyfinder.ae/media/images/listing/01KBJ02X44C9QFQSAE1N9MGAZ2/5a014a17-9e35-4a93-81c1-d9a0abe67fc1/668x452.jpg""]",True,False,24.97394561767578,"Warehouse G, Dubai Investment Park 2 (DIP 2), Dubai Investment Park (DIP), Dubai",4,55.20878219604492,7,4320000.0,144.41398676205122,Warehouse,property,2026-02-12T17:46:06.785800+00:00,https://www.propertyfinder.ae/en/plp/commercial-rent/warehouse-for-rent-dubai-dubai-investment-park-dip-dubai-investment-park-2-dip-2-warehouse-g-15755547.html,29914.0,Luxury Fitted | 600 KW | Fully Integrated AC
"[""CP""]",1,1,,commercial_rent,AED,True,16176340,"[""https://static.shared.propertyfinder.ae/media/images/listing/ECGV66KHF5Q6HKFK20AW5VPA2G/09aa89ed-9901-4281-80fa-aeff15dee1db/416x272.jpg"", ""https://static.shared.propertyfinder.ae/media/images/listing/ECGV66KHF5Q6HKFK20AW5VPA2G/09aa89ed-9901-4281-80fa-aeff15dee1db/668x452.jpg""]",False,False,25.173641204833984,"AZIZI Riviera 7, AZIZI Riviera, Meydan One, Meydan, Dubai",5,55.302127838134766,7,270000.0,384.0682788051209,Shop,property,2026-02-12T17:46:06.785800+00:00,https://www.propertyfinder.ae/en/plp/commercial-rent/shop-for-rent-dubai-meydan-meydan-one-azizi-riviera-azizi-riviera-7-16176340.html,703.0,Prime Location | Available | Spacious
"[""CP"", ""DN"", ""CR"", ""LB""]",4,1,,commercial_rent,AED,True,16200484,"[""https://static.shared.propertyfinder.ae/media/images/listing/51ZCRS6357FP644E5EX3BV40TG/fe34dd49-3da2-4f27-b620-3321ef928043/416x272.jpg"", ""https://static.shared.propertyfinder.ae/media/images/listing/51ZCRS6357FP644E5EX3BV40TG/fe34dd49-3da2-4f27-b620-3321ef928043/668x452.jpg""]",False,False,25.184898376464844,"Silver Tower, Business Bay, Dubai",3,55.26454544067383,7,149999.0,133.80820695807316,Office Space,property,2026-02-12T17:46:06.785800+00:00,https://www.propertyfinder.ae/en/plp/commercial-rent/office-space-for-rent-dubai-business-bay-silver-tower-16200484.html,1121.0,Semi Furnished | With Partition | Open Workstation
"[""AN"", ""CP"", ""SP"", ""SY"", ""DN"", ""CR"", ""LB""]",7,1,,commercial_rent,AED,True,16058258,"[""https://static.shared.propertyfinder.ae/media/images/listing/21QPV7NC6B4VAAMHGAQNT01PXM/15d817a2-f30e-4b1e-9673-b1a5d9619cc2/416x272.jpg"", ""https://static.shared.propertyfinder.ae/media/images/listing/21QPV7NC6B4VAAMHGAQNT01PXM/15d817a2-f30e-4b1e-9673-b1a5d9619cc2/668x452.jpg""]",False,False,25.3082218170166,"Al Sajaa Industrial, Al Sajaa, Sharjah",3,55.65555953979492,7,490000.0,65.33333333333333,Warehouse,property,2026-02-12T17:46:06.785800+00:00,https://www.propertyfinder.ae/en/plp/commercial-rent/warehouse-for-rent-sharjah-al-sajaa-al-sajaa-industrial-16058258.html,7500.0,Brand New•100Kw Power•Prime Location •Direct Road
"[""CP"", ""VC""]",2,1,,commercial_rent,AED,True,16183024,"[""https://static.shared.propertyfinder.ae/media/images/listing/J689Z5B0TTGQ56F0XN3G2DG80G/b1516313-8d90-4a70-b286-fa9e94e128d6/416x272.jpg"", ""https://static.shared.propertyfinder.ae/media/images/listing/J689Z5B0TTGQ56F0XN3G2DG80G/b1516313-8d90-4a70-b286-fa9e94e128d6/668x452.jpg""]",False,False,25.29859733581543,"Al Qusais Industrial Area 3, Al Qusais Industrial Area, Al Qusais, Dubai",4,55.39041519165039,7,360000.0,120.0,Warehouse,property,2026-02-12T17:46:06.785800+00:00,https://www.propertyfinder.ae/en/plp/commercial-rent/warehouse-for-rent-dubai-al-qusais-al-qusais-industrial-area-al-qusais-industrial-area-3-16183024.html,3000.0,TaxFree Warehouse with 60kw power & Centralized AC
"[""AN"", ""CP"", ""SY"", ""SP"", ""DN"", ""CR"", ""LB""]",7,1,,commercial_rent,AED,True,16046251,"[""https://static.shared.propertyfinder.ae/media/images/listing/BNCKYXR0290G548MFHP8TJS044/07583492-dc6d-417a-836a-20ebf2ba36b7/416x272.jpg"", ""https://static.shared.propertyfinder.ae/media/images/listing/BNCKYXR0290G548MFHP8TJS044/07583492-dc6d-417a-836a-20ebf2ba36b7/668x452.jpg""]",False,False,25.3082218170166,"Al Sajaa Industrial, Al Sajaa, Sharjah",3,55.65555953979492,7,220000.0,52.38095238095238,Warehouse,property,2026-02-12T17:46:06.785800+00:00,https://www.propertyfinder.ae/en/plp/commercial-rent/warehouse-for-rent-sharjah-al-sajaa-al-sajaa-industrial-16046251.html,4200.0,Prime Location •Ready •65KVA power•Brand New •
[],0,,,commercial_rent,AED,True,15760343,"[""https://static.shared.propertyfinder.ae/media/images/listing/01KBKXRK1QDSY5W7QC7PA16M6H/13d1f139-f7d7-4a91-828f-b42e6cc1b6a0/416x272.jpg"", ""https://static.shared.propertyfinder.ae/media/images/listing/01KBKXRK1QDSY5W7QC7PA16M6H/13d1f139-f7d7-4a91-828f-b42e6cc1b6a0/668x452.jpg""]",False,False,24.98343849182129,"Phase 1, Dubai Investment Park (DIP), Dubai",3,55.15414047241211,7,370000.0,77.81282860147213,Warehouse,property,2026-02-12T17:46:06.785800+00:00,https://www.propertyfinder.ae/en/plp/commercial-rent/warehouse-for-rent-dubai-dubai-investment-park-dip-phase-1-15760343.html,4755.0,79 KW 4755 sqft Warehouse in DIP
