amenities,amenity_count,amenity_names,bathrooms,bedrooms,category,currency,description,details_path,has_coordinates,id,images,images_count,is_premium,is_price_outlier,is_size_outlier,is_verified,latitude,listed_date,listing_id,location_depth,location_full_name,location_id,location_path_name,location_slug,location_type,longitude,price,price_per_sqft,property_type,record_type,scraped_at_utc,share_url,size_sqm,size_sqm_reported,source_country_code,source_provider,title
"[""BA"", ""CP"", ""PG"", ""SP"", ""ST"", ""VW"", ""SE"", ""SS"", ""SY"", ""WC"", ""BL""]",11,"[""Balcony"", ""Covered Parking"", ""Private Garden"", ""Shared Pool"", ""Study"", ""View of Water"", ""Security"", ""Shared Spa"", ""Shared Gym"", ""Walk-in Closet"", ""View of Landmark""]",2,3,buy,EGP,"A prime location villa with a fantastic view of the club, 
with the lowest installments and longest repayment period. 

Own a villa in the largest compound in the Fifth Settlement, AZZAR. 

Villa area : 173 square meters. 
Consists of 3 floors ( ground floor with garden, first floor, private roof ). 
4 bedrooms - 3-piece reception - nanny room with an open landscape view. 

Payment plan:
A down payment 10% only, with the rest paid in equal installments up to 8 years. 

For details and inquiries,[REDACTED_PHONE] + WhatsApp",/en/plp/buy/villa-for-sale-cairo-new-cairo-city-the-5th-settlement-5th-settlement-compounds-azzar-2-8514666.html,True,8514666,"[""https://static.shared.propertyfinder.eg/media/images/listing/N1QPZB2MF4V1T1KXTKX02DWB5W/d7fed4e9-e0d6-4ecc-bb8b-bfcbf6def6fd/668x452.jpg""]",9,True,False,False,False,30.037769317626953,2026-01-07T16:32:29Z,N1QPZB2MF4V1T1KXTKX02DWB5W,5,"Azzar 2, 5th Settlement Compounds, The 5th Settlement, New Cairo City, Cairo",41137,"Cairo, New Cairo City, The 5th Settlement, 5th Settlement Compounds",new-cairo-city-the-5th-settlement-5th-settlement-compounds-azzar-2,STREET,31.534711837768555,13700000,79190.7514450867,Villa,property,2026-01-07T16:32:29Z,https://www.propertyfinder.eg/en/plp/buy/villa-for-sale-cairo-new-cairo-city-the-5th-settlement-5th-settlement-compounds-azzar-2-8514666.html,173,173,EG,propertyfinder,"Luxury villa with the lowest price, 33% Discount"
"[""BA"", ""BW"", ""CP"", ""SE"", ""WC"", ""BL""]",6,"[""Balcony"", ""Built in Wardrobes"", ""Covered Parking"", ""Security"", ""Walk-in Closet"", ""View of Landmark""]",2,3,buy,EGP,"Mountain View 3 MV3
New cairo

One Story Standalone
For Sale

BUA: 180sqm 
Land area: 406sqm 

3 Bedrooms
2 Bathrooms
Core & shell

Down payment: 15,000,000 EGP
Remaining: 1,855,470 EGP

Total Price: 16,856,470 EGP


About New Avenue:

New Avenue is a real estate consultancy based in Egypt, aiming at providing comprehensive services for your real estate needs. If you are willing to make an investment or are interested in buying a residential or a commercial property, we are there for you to ensure transforming your plans into reality.

Given our individual experiences in the top real estate companies in Egypt & abroad, we have reached the conclusion that trust is primary factor we should be offering you when it comes to buying, renting or submitting your property for sale or rent.

New Avenue is aiming to provide our customer with almost all the needs that you would need Residential or Commercial. New Avenue offers offices and Retails that are available in almost every district in Egypt like New Cairo, Heliopolis, Nasr City, 6th of October.",/en/plp/buy/villa-for-sale-cairo-new-cairo-city-the-5th-settlement-5th-settlement-compounds-mountain-view-3-8664441.html,True,8664441,"[""https://static.shared.propertyfinder.eg/media/images/listing/7JQKHKKXB6VM9YR7D3RSXMZS2M/76ae9d8a-fbea-4c50-9a31-ea094dc9752b/668x452.jpg""]",21,True,False,False,False,30.070423126220703,2026-02-07T03:12:42Z,7JQKHKKXB6VM9YR7D3RSXMZS2M,5,"Mountain View 3, 5th Settlement Compounds, The 5th Settlement, New Cairo City, Cairo",40957,"Cairo, New Cairo City, The 5th Settlement, 5th Settlement Compounds",new-cairo-city-the-5th-settlement-5th-settlement-compounds-mountain-view-3,STREET,31.584726333618164,16856470,93647.05555555556,Villa,property,2026-02-07T03:12:42Z,https://www.propertyfinder.eg/en/plp/buy/villa-for-sale-cairo-new-cairo-city-the-5th-settlement-5th-settlement-compounds-mountain-view-3-8664441.html,180,180,EG,propertyfinder,Rare Price One Story Standalone
"[""MR"", ""ST"", ""AC"", ""BA"", ""PG"", ""PP"", ""SP"", ""SS"", ""SE"", ""CP"", ""BW"", ""WC"", ""BK"", ""VW"", ""BL"", ""SY""]",16,"[""Maids Room"", ""Study"", ""Central A/C"", ""Balcony"", ""Private Garden"", ""Private Pool"", ""Shared Pool"", ""Shared Spa"", ""Security"", ""Covered Parking"", ""Built in Wardrobes"", ""Walk-in Closet"", ""Kitchen Appliances"", ""View of Water"", ""View of Landmark"", ""Shared Gym""]",2,3,buy,EGP,"villa for sale in the Fifth Settlement in Dijar Compound from Ready Group, New Azzar Land

Prime Location:
In front of Hyde Park, next to Crescent walk  and next to
 La Vista

villa area: 206 m

Cash required: 2,000,000
The rest of the amount is in installments over 8 years without interest

Mobile or WhatsApp:[REDACTED_PHONE]




Reedy Group Real Estate Development Company is the owner of Azzar New Cairo project, and it is also a large company in the field of cosmetics. Recently, it decided to move its compass towards the field of real estate. Its first project was Azzar New Cairo. After its great success, it decided to implement Azzar 2 New Cairo, in cooperation with one of the largest real estate development companies in Egypt, which is Dora Company. It also has a great reputation and has been distinguished by its experience in the real estate market for more than 79 years and owns many residential, commercial and coastal projects.",/en/plp/buy/villa-for-sale-cairo-new-cairo-city-the-5th-settlement-5th-settlement-compounds-azzar-7923668.html,True,7923668,"[""https://static.shared.propertyfinder.eg/media/images/listing/01JPJ3DBDSGW4FQWX7WG3CS8PB/d6dfe6f8-2b7c-4e94-8e6d-e78a08f5e727-c09598c0-72df-491e-81b7-fc2a06e42fae/668x452.jpg""]",18,True,False,False,False,30.030364990234375,2025-03-04T12:27:50Z,01JPJ3DBDSGW4FQWX7WG3CS8PB,5,"Azzar, 5th Settlement Compounds, The 5th Settlement, New Cairo City, Cairo",40710,"Cairo, New Cairo City, The 5th Settlement, 5th Settlement Compounds",new-cairo-city-the-5th-settlement-5th-settlement-compounds-azzar,STREET,31.52837562561035,2000000,9708.73786407767,Villa,property,2025-03-04T12:27:50Z,https://www.propertyfinder.eg/en/plp/buy/villa-for-sale-cairo-new-cairo-city-the-5th-settlement-5th-settlement-compounds-azzar-7923668.html,206,206,EG,propertyfinder,villa for sale in New Azzar Land  over 8 year
"[""BA"", ""CP"", ""MR"", ""PG"", ""AC"", ""PP"", ""SP"", ""LB"", ""BL"", ""WC"", ""SY"", ""SS"", ""SE"", ""VW""]",14,"[""Balcony"", ""Covered Parking"", ""Maids Room"", ""Private Garden"", ""Central A/C"", ""Private Pool"", ""Shared Pool"", ""Lobby in Building"", ""View of Landmark"", ""Walk-in Closet"", ""Shared Gym"", ""Shared Spa"", ""Security"", ""View of Water""]",2,3,buy,EGP,"Sea View Townhouse Villa
In Silver Sands, boasting the largest Crystal Lagoon area
Best beach on the North Coast

Details:
Area: 137 sq m
Consisting of: Ground floor with garden + First floor
2 bedrooms + 2 bathrooms + Reception + Kitchen

Fully finished with ACs
Prime location on the North Coast near Al Maza and Ras El Hekma Bay

Payment Method:
Down payment of 1,890,000 and installments up to 8 years interest-free
For more details, call[REDACTED_PHONE] + WhatsApp",/en/plp/buy/villa-for-sale-north-coast-qesm-marsa-matrouh-silver-sands-8662250.html,True,8662250,"[""https://static.shared.propertyfinder.eg/media/images/listing/M5KQPB9S6MMNCGCA5EE0YN98V0/408a6f89-4bbb-471a-a722-ec4cae85dab5/668x452.jpg""]",8,True,False,False,False,31.265277862548828,2026-02-05T20:08:46Z,M5KQPB9S6MMNCGCA5EE0YN98V0,3,"Silver Sands, Qesm Marsa Matrouh, North Coast",41237,"North Coast, Qesm Marsa Matrouh",qesm-marsa-matrouh-silver-sands,DISTRICT,27.379444122314453,2300000,115000.0,Villa,property,2026-02-05T20:08:46Z,https://www.propertyfinder.eg/en/plp/buy/villa-for-sale-north-coast-qesm-marsa-matrouh-silver-sands-8662250.html,20,20,EG,propertyfinder,Sea View Villa - High End Finishing - lowest DP
"[""BA"", ""MR"", ""PG"", ""ST"", ""SE"", ""CO"", ""LB"", ""BL"", ""WC""]",9,"[""Balcony"", ""Maids Room"", ""Private Garden"", ""Study"", ""Security"", ""Children's Pool"", ""Lobby in Building"", ""View of Landmark"", ""Walk-in Closet""]",2,3,buy,EGP,"Standalone villa for sale in Emaar 
Project : Belle vie 

Garden villas

Type : Grace A

Bua : 205 

3 bedrooms ( master bedroom ) 
2 bathrooms 

+ Nanny's room with bathroom 

Down payment : 16,000,000
Remaining : 8,800,000
Total price : 24,800,000

About New Avenue:
                     
New Avenue is a real estate consultancy based in Egypt, aiming at providing comprehensive services for your real estate needs. If you are willing to make an investment or are interested in buying a residential or a commercial property, we are there for you to ensure transforming your plans into reality.
                           
Given our individual experiences in the top real estate companies in Egypt & abroad, we have reached the conclusion that trust is primary factor we should be offering you when it comes to buying, renting or submitting your property for sale or rent.

New Avenue is aiming to provide our customer with almost all the needs that you would need Residential or Commercial. New Avenue offers offices and Retails that are available in almost every district in Egypt like New Cairo, Heliopolis, Nasr City, 6th o",/en/plp/buy/villa-for-sale-giza-sheikh-zayed-city-new-zayed-city-belle-vie-8642807.html,True,8642807,"[""https://static.shared.propertyfinder.eg/media/images/listing/NYYAF9VFMSR8YVK9DKRBA11E1W/83c5cee0-3c57-4fc2-bde2-c451328acd20/668x452.jpg""]",10,True,False,False,False,30.062620162963867,2026-02-03T11:35:14Z,NYYAF9VFMSR8YVK9DKRBA11E1W,4,"Belle Vie, New Zayed City, Sheikh Zayed City, Giza",41200,"Giza, Sheikh Zayed City, New Zayed City",sheikh-zayed-city-new-zayed-city-belle-vie,SUBDISTRICT,30.891742706298828,24800000,120975.60975609756,Villa,property,2026-02-03T11:35:14Z,https://www.propertyfinder.eg/en/plp/buy/villa-for-sale-giza-sheikh-zayed-city-new-zayed-city-belle-vie-8642807.html,205,205,EG,propertyfinder,Villa prime location installments landscape view
"[""BA"", ""SE"", ""BL""]",3,"[""Balcony"", ""Security"", ""View of Landmark""]",2,3,buy,EGP,"For Sale – Villa Q1 in Noor Compound by TMG Group

 Details:

Developer: Talaat Moustafa Group (TMG)

Type: Villa Q1

Land Area: 195 sqm

BUA: 195 sqm

Contract: Old contract – 15 years installment plan

Delivery: 2027

 Financials:

Cash: 5,000,000 EGP

Remaining: 10,750,000 EGP till 2038

Monthly installment: 25,000 EGP

Yearly payment: 244,000 EGP

 Excellent opportunity with long-term payment plan in one of TMG’s most promising projects!",/en/plp/buy/villa-for-sale-cairo-noor-city-8192174.html,True,8192174,"[""https://static.shared.propertyfinder.eg/media/images/listing/01K929G6BKXTWYGQ2FX3AB2N0R/487e04af-18a7-4126-b97e-851580d3c1ec-watermarked/668x452.jpg""]",7,True,False,False,False,30.100278854370117,2025-11-02T12:54:09Z,01K929G6BKXTWYGQ2FX3AB2N0R,2,"Noor City, Cairo",41454,Cairo,noor-city,TOWN,31.905691146850586,4500000,23076.923076923078,Villa,property,2025-11-02T12:54:09Z,https://www.propertyfinder.eg/en/plp/buy/villa-for-sale-cairo-noor-city-8192174.html,195,195,EG,propertyfinder,For Sale – Villa Q1 in Noor Compound by TMG Group
"[""BA"", ""BW"", ""AC"", ""SY"", ""SS"", ""SE"", ""VW"", ""ST"", ""SP"", ""PG"", ""MR"", ""PP"", ""LB"", ""BL"", ""WC"", ""CO""]",16,"[""Balcony"", ""Built in Wardrobes"", ""Central A/C"", ""Shared Gym"", ""Shared Spa"", ""Security"", ""View of Water"", ""Study"", ""Shared Pool"", ""Private Garden"", ""Maids Room"", ""Private Pool"", ""Lobby in Building"", ""View of Landmark"", ""Walk-in Closet"", ""Children's Pool""]",2,3,buy,EGP,"Rowaq Compound – Sheikh Zayed
• Villas Only (100%)
• Prime Location near Al Ahly, Hyper One, Arkan, and Mall of Arabia
• Architectural Design by Dr. Hisham Helal
• Green Spaces and Lakes – Footprint 27%
Units:
• Sky Villa from 141 sq m
• Garden Villa from 197 sq m
• Prices starting from 7.5 million EGP
Amenities:
• Clubhouse – Pools – Gym – Spa
• Kids Area – Mosque – Cafes
• 24/7 Security + Smart Gates
Payment:
• 10% Down Payment
• Installments up to 9 years
• Delivery in 3 years
Book your unit now:[REDACTED_PHONE]",/en/plp/buy/villa-for-sale-giza-sheikh-zayed-city-sheikh-zayed-compounds-green-revolution-8690766.html,True,8690766,"[""https://static.shared.propertyfinder.eg/media/images/listing/FYKG55A3GFMBSW6WNHPZN6P374/38dd216f-816d-4bf7-aea0-fc71d43543e4/668x452.jpg""]",13,False,False,False,False,30.065872192382812,2026-02-10T16:46:17Z,FYKG55A3GFMBSW6WNHPZN6P374,4,"Green Revolution, Sheikh Zayed Compounds, Sheikh Zayed City, Giza",28910,"Giza, Sheikh Zayed City, Sheikh Zayed Compounds",sheikh-zayed-city-sheikh-zayed-compounds-green-revolution,COMPOUND,31.001977920532227,7500000,53191.48936170213,Villa,property,2026-02-10T16:46:17Z,https://www.propertyfinder.eg/en/plp/buy/villa-for-sale-giza-sheikh-zayed-city-sheikh-zayed-compounds-green-revolution-8690766.html,141,141,EG,propertyfinder,Your villa for the price of an apartment in Sheikh
"[""BA"", ""BW"", ""AC"", ""CP"", ""BK"", ""MR"", ""PG"", ""PP"", ""SP"", ""ST"", ""VW"", ""SE"", ""SS"", ""SY""]",14,"[""Balcony"", ""Built in Wardrobes"", ""Central A/C"", ""Covered Parking"", ""Kitchen Appliances"", ""Maids Room"", ""Private Garden"", ""Private Pool"", ""Shared Pool"", ""Study"", ""View of Water"", ""Security"", ""Shared Spa"", ""Shared Gym""]",2,3,buy,EGP,"North Coast
Marina 1
Duplex for Sale
Explicit Sea View
3 minutes from the lake and beach
450 sq m back garden
300 sq m front garden
Private swimming pool
Pool bar
3 air-conditioned bedrooms
2 bathrooms
Ultra-modern finishing 2024
Fully imported furniture 2024
Exterior security cameras

Asking price: 15,000,000 EGP (final)
Non-negotiable
Code: M1533",/en/plp/buy/villa-for-sale-north-coast-al-alamein-marina-marina-1-8606906.html,True,8606906,"[""https://static.shared.propertyfinder.eg/media/images/listing/5GW3AH2FHS5DPNVEWBYYSMWFNR/c4ed7e59-5ed5-4db5-8a1f-510982eee182/668x452.jpg""]",21,False,False,False,False,30.817907333374023,2026-01-26T21:16:18Z,5GW3AH2FHS5DPNVEWBYYSMWFNR,4,"Marina 1, Marina, Al Alamein, North Coast",37639,"North Coast, Al Alamein, Marina",al-alamein-marina-marina-1,COMPOUND,29.056842803955078,15000000,83333.33333333333,Villa,property,2026-01-26T21:16:18Z,https://www.propertyfinder.eg/en/plp/buy/villa-for-sale-north-coast-al-alamein-marina-marina-1-8606906.html,180,180,EG,propertyfinder,Ultra-modern duplex with private pool in marina 1
"[""BK"", ""AC"", ""BW"", ""CP"", ""BA"", ""MR"", ""SE"", ""VW"", ""SP"", ""PP"", ""PG"", ""BL"", ""WC"", ""SY"", ""SS"", ""LB"", ""CO"", ""ST""]",18,"[""Kitchen Appliances"", ""Central A/C"", ""Built in Wardrobes"", ""Covered Parking"", ""Balcony"", ""Maids Room"", ""Security"", ""View of Water"", ""Shared Pool"", ""Private Pool"", ""Private Garden"", ""View of Landmark"", ""Walk-in Closet"", ""Shared Gym"", ""Shared Spa"", ""Lobby in Building"", ""Children's Pool"", ""Study""]",2,3,buy,EGP,"Own a 175 m Villa Flexible Payments 

Discover your luxurious independent villa spanning 175 m, designed for maximum comfort, privacy, and elegance, with a flexible payment plan tailored to your needs.

Total Price: EGP 19,200,000

Down Payment: EGP 960,000

Monthly Installment: EGP 34,560

Annual Payment: EGP 864,000

Own your villa now and enjoy a premium lifestyle in a prime location with excellent amenities.
-------------------------------------------------------------------------
Elm Tree Park Sarai New Cairo, the first university-centered community, is the latest residential masterpiece launched by Madinet Masr MMHD, one of Egypt’s most trusted and pioneering real estate developers. Set within the iconic Sarai Compound in New Cairo, Elm Tree Park represents a new chapter of integrated living; combining luxury, accessibility, and sustainability in one of the city’s most strategic locations near the New Administrative Capital.

With investments of 11 billion EGP, Elm Tree Park Sarai aims to reshape the future of community living through world-class architecture, lush green spaces, and flexible ownership options tailored for all buyers.",/en/plp/buy/villa-for-sale-cairo-mostakbal-city---future-city-mostakbal-city-compounds-sarai-elan-sarai-8207244.html,True,8207244,"[""https://static.shared.propertyfinder.eg/media/images/listing/01K99YT523J27AF24AT6BF45HB/7a294bf5-f659-4c3c-9b1f-3bc3b3c0daf5/668x452.jpg""]",7,False,False,False,False,30.088159561157227,2025-11-05T12:13:20Z,01K99YT523J27AF24AT6BF45HB,5,"Elan Sarai, Sarai, Mostakbal City Compounds, Mostakbal City - Future City, Cairo",42354,"Cairo, Mostakbal City - Future City, Mostakbal City Compounds, Sarai",mostakbal-city---future-city-mostakbal-city-compounds-sarai-elan-sarai,TOWER,31.704391479492188,19200000,109714.28571428571,Villa,property,2025-11-05T12:13:20Z,https://www.propertyfinder.eg/en/plp/buy/villa-for-sale-cairo-mostakbal-city---future-city-mostakbal-city-compounds-sarai-elan-sarai-8207244.html,175,175,EG,propertyfinder,Standalone Villa 175m AT Sarai With Installments
"[""BA"", ""CP"", ""MR"", ""PG"", ""PP"", ""SP"", ""ST"", ""VW"", ""SE"", ""SS"", ""SY"", ""WC"", ""LB"", ""CO""]",14,"[""Balcony"", ""Covered Parking"", ""Maids Room"", ""Private Garden"", ""Private Pool"", ""Shared Pool"", ""Study"", ""View of Water"", ""Security"", ""Shared Spa"", ""Shared Gym"", ""Walk-in Closet"", ""Lobby in Building"", ""Children's Pool""]",2,3,buy,EGP,"Live in the Villa of Your Dreams with the Lowest Down Payment – A Price That Won’t Be Repeated

Eden Villa inside The Median Compound – Taj City
Prime location with a direct lagoon view
North-facing – Ground + First floor

Unit Details

Area: 177 sqm

Unit type: Eden Villa

Reason for sale: Travel reasons

Special price with continuation of the remaining installments with the developer

Delivery Schedule

Delivery within one and a half years

Immediate delivery upon paying 60% of the total price once the compound is completed

Compound completion in approximately 7 months

Total compound area: 25 acres

Villas and Eden Villas only

Internal Layout

Ground Floor:

3 reception areas

Large kitchen

Bathroom

Private garden

First Floor:

3 bedrooms

Bathroom

Master bedroom with private bathroom

Additional Unit Features

Jacuzzi in the garden (can be removed upon client request)

All compound units include a jacuzzi

Annual installment system

Early delivery option with payment

The Median Compound Features

Villa-only compound offering full privacy

Wide green spaces and landscaping

Lagoons and water features

24/7 security and guarding

Electronic gates

Wide internal roads

Strategic location inside Taj City, close to main roads

Pricing

Asking price: EGP 3,500,000

Paid amount: EGP 2,650,000

Negotiable for serious buyers",/en/plp/buy/villa-for-sale-cairo-mostakbal-city---future-city-mostakbal-city-compounds-sarai-elm-tree-park-8601237.html,True,8601237,"[""https://static.shared.propertyfinder.eg/media/images/listing/TPXPZKM8PWJNV5DAX6K9P2M1W8/08448f7e-ffb5-4387-ab59-a6a4a2b113c6/668x452.jpg""]",7,False,False,False,False,30.104904174804688,2026-01-26T10:18:04Z,TPXPZKM8PWJNV5DAX6K9P2M1W8,5,"Elm Tree Park, Sarai, Mostakbal City Compounds, Mostakbal City - Future City, Cairo",42378,"Cairo, Mostakbal City - Future City, Mostakbal City Compounds, Sarai",mostakbal-city---future-city-mostakbal-city-compounds-sarai-elm-tree-park,STREET,31.692211151123047,3000000,16949.15254237288,Villa,property,2026-01-26T10:18:04Z,https://www.propertyfinder.eg/en/plp/buy/villa-for-sale-cairo-mostakbal-city---future-city-mostakbal-city-compounds-sarai-elm-tree-park-8601237.html,177,177,EG,propertyfinder,Villa at the price of an apartment — pay the down
"[""BW"", ""CP"", ""SE"", ""LB"", ""WC"", ""BA""]",6,"[""Built in Wardrobes"", ""Covered Parking"", ""Security"", ""Lobby in Building"", ""Walk-in Closet"", ""Balcony""]",2,3,buy,EGP,"دلوقتي تقدر تمتلك Sky Villa في موقع مميز جدا (حوض 10) بداخل الحزام الاخضر 
         (خصمك نص مقدمك رجع تاني لفترة محدودة علي ال 10 سنين فقط)
.
مساحة الكلية : 160م
الدور الأول : 129م
الدور الثاني  : 31م
الرووف : 93م
.
 التقيسمه :
2 غرفة نوم 
2 حمام 
ريسبشن كبير ومطبخ وتراس 
و رووف (غرفة)
.
.
انظمة السداد:
(1) نظام السداد 10% مقدم على 10 سنين اقساط متساوية (خصمك نص مقدمك) 
.
.
(2) نظام سداد 12.5% مقدم على 11 سنة اقساط متساوية
.
.
(3) نظام سداد 15% مقدم على 12 سنة اقساط متساوية
.
.
(4) نظام سداد 20% مقدم على 13 سنة اقساط متساوية
.
.
لوكيشن الكمبوند مميز جدا في حوض ١٠
٥ دقايق من وصلة دهشور
دقيقتين من الدائري الاوسطي
.
.
خدمات المشروع :
مسجد كبير بمأذنة
حمام سباحة كبير
كيدز اريا وكلوب هاوس
ستريب مول وجيم مفتوح
تراك للعجل والجري
.
الاستلام 3.5 سنوات 
وديعة الصيانة 7%
جميع اوراق الكمبوند خلصانه (قرار وزاري/ تراخيص مباني)",/en/plp/buy/villa-for-sale-giza-6-october-city-green-belt-hood-10-side-st-8653744.html,True,8653744,"[""https://static.shared.propertyfinder.eg/media/images/listing/RF71RNHX8J914WJGYMCWYMPWZ4/53333047-c552-4885-b92f-2b9496441673/668x452.jpg""]",11,False,False,False,False,30.005945205688477,2026-02-04T15:48:27Z,RF71RNHX8J914WJGYMCWYMPWZ4,4,"Hood 10 Side St., Green Belt, 6 October City, Giza",21111,"Giza, 6 October City, Green Belt",6-october-city-green-belt-hood-10-side-st,STREET,30.89537239074707,5500000,34375.0,Villa,property,2026-02-04T15:48:27Z,https://www.propertyfinder.eg/en/plp/buy/villa-for-sale-giza-6-october-city-green-belt-hood-10-side-st-8653744.html,160,160,EG,propertyfinder,امتلك سكاي فيلا 160م بسعر خيالي وانظمة سداد مرنه
"[""PG"", ""CP"", ""SP"", ""ST"", ""VW"", ""SS"", ""SE"", ""SY"", ""WC"", ""BL"", ""LB"", ""CO""]",12,"[""Private Garden"", ""Covered Parking"", ""Shared Pool"", ""Study"", ""View of Water"", ""Shared Spa"", ""Security"", ""Shared Gym"", ""Walk-in Closet"", ""View of Landmark"", ""Lobby in Building"", ""Children's Pool""]",2,3,buy,EGP,"A luxury resort with a wide sea-front view and full hotel services.

Located in Soma Bay, Red Sea, on the Safaga Road in Hurghada.

Golf View Standalone Chalet with Near Delivery

BUA: 138 sqm

• 3 Bedrooms

• 2 Bathrooms

Living Room

Private Garden 204 SQM

Land area 370 sqm


We are pleased to assist you with all inquiries:
 [REDACTED_PHONE]",/en/plp/buy/villa-for-sale-red-sea-hurghada-safaga-soma-bay-blanca-gardens-2PY0V02JA6S.html,True,52970527,"[""https://static.shared.propertyfinder.eg/media/images/listing/FGMTYK70GXEZDMK4Y7WGEQTBNC/5bf80f68-47e4-4ff6-a4ac-aed278684b66/668x452.jpg""]",11,False,False,False,False,26.85942840576172,2026-02-19T11:48:15Z,FGMTYK70GXEZDMK4Y7WGEQTBNC,5,"Blanca Gardens, Soma Bay, Safaga, Hurghada, Red Sea",41905,"Red Sea, Hurghada, Safaga, Soma Bay",hurghada-safaga-soma-bay-blanca-gardens,STREET,33.97724533081055,29900000,216666.66666666666,Villa,property,2026-02-19T11:48:15Z,https://www.propertyfinder.eg/en/plp/buy/villa-for-sale-red-sea-hurghada-safaga-soma-bay-blanca-gardens-2PY0V02JA6S.html,138,138,EG,propertyfinder,Golf View Finishing & Facilities Prime Location
"[""CP"", ""PG"", ""SP"", ""VW"", ""SE"", ""ST"", ""SS"", ""SY"", ""WC"", ""BL"", ""LB"", ""CO""]",12,"[""Covered Parking"", ""Private Garden"", ""Shared Pool"", ""View of Water"", ""Security"", ""Study"", ""Shared Spa"", ""Shared Gym"", ""Walk-in Closet"", ""View of Landmark"", ""Lobby in Building"", ""Children's Pool""]",2,3,buy,EGP,"A luxury resort with a wide sea-front view and full hotel services.

Located in Soma Bay, Red Sea, on the Safaga Road in Hurghada.

Golf View Standalone Chalet with Near Delivery

BUA: 138 sqm

• 3 Bedrooms

• 2 Bathrooms

Living Room

Private Garden 204 SQM

Land area 370 sqm


We are pleased to assist you with all inquiries:
 [REDACTED_PHONE]",/en/plp/buy/villa-for-sale-red-sea-hurghada-safaga-soma-bay-blanca-gardens-2PXr64o49p2.html,True,52968625,"[""https://static.shared.propertyfinder.eg/media/images/listing/ZAAFYQ3D8GPE6DJK169M6ERBC4/78abee9a-66c6-4e9e-82eb-7f41308d8227/668x452.jpg""]",11,False,False,False,False,26.85942840576172,2026-02-19T09:36:50Z,ZAAFYQ3D8GPE6DJK169M6ERBC4,5,"Blanca Gardens, Soma Bay, Safaga, Hurghada, Red Sea",41905,"Red Sea, Hurghada, Safaga, Soma Bay",hurghada-safaga-soma-bay-blanca-gardens,STREET,33.97724533081055,29900000,216666.66666666666,Villa,property,2026-02-19T09:36:50Z,https://www.propertyfinder.eg/en/plp/buy/villa-for-sale-red-sea-hurghada-safaga-soma-bay-blanca-gardens-2PXr64o49p2.html,138,138,EG,propertyfinder,Golf View Finishing & Facilities Prime Location
"[""BA"", ""CP"", ""BW"", ""AC"", ""BK"", ""MR"", ""PP"", ""SP"", ""ST"", ""PG"", ""VW"", ""SE"", ""SS"", ""WC"", ""BL"", ""LB"", ""CO"", ""SY""]",18,"[""Balcony"", ""Covered Parking"", ""Built in Wardrobes"", ""Central A/C"", ""Kitchen Appliances"", ""Maids Room"", ""Private Pool"", ""Shared Pool"", ""Study"", ""Private Garden"", ""View of Water"", ""Security"", ""Shared Spa"", ""Walk-in Closet"", ""View of Landmark"", ""Lobby in Building"", ""Children's Pool"", ""Shared Gym""]",2,3,buy,EGP,"Townhouse finished on lagoon for sale in Caesar 

Area:
- Built up area: 170 Sqm

Layout:
- 3 rooms
- 2 bathrooms
                                                                                                                                                                                                                                                                                                                   
Project:
- Located in North Coast - Ras Al Hikma                                                                                                                               
                                                                                                                                                        
- Project details: includes 24/7 security, parking, and shared amenities.",/en/plp/buy/villa-for-sale-north-coast-qesm-marsa-matrouh-caesar-2PWTY2val0K.html,True,52717887,"[""https://static.shared.propertyfinder.eg/media/images/listing/QVMK3ST10D7WCTFHZFHRN3PNS8/78530e2a-42ae-480f-9f0c-1b610153dde9/668x452.jpg""]",10,False,False,False,False,31.08807373046875,2026-02-18T13:39:34Z,QVMK3ST10D7WCTFHZFHRN3PNS8,3,"Caesar, Qesm Marsa Matrouh, North Coast",37762,"North Coast, Qesm Marsa Matrouh",qesm-marsa-matrouh-caesar,COMPOUND,28.011507034301758,33000000,178378.37837837837,Villa,property,2026-02-18T13:39:34Z,https://www.propertyfinder.eg/en/plp/buy/villa-for-sale-north-coast-qesm-marsa-matrouh-caesar-2PWTY2val0K.html,185,185,EG,propertyfinder,Townhouse finished on lagoon for sale in Caesar
"[""BA"", ""CO"", ""LB"", ""BL"", ""WC"", ""SY"", ""SS"", ""SE"", ""VW"", ""ST"", ""SP""]",11,"[""Balcony"", ""Children's Pool"", ""Lobby in Building"", ""View of Landmark"", ""Walk-in Closet"", ""Shared Gym"", ""Shared Spa"", ""Security"", ""View of Water"", ""Study"", ""Shared Pool""]",2,3,buy,EGP,"wn a premium apartment in V Levels Compound,
in one of the most prime locations in Sheikh Zayed!

 Installments remaining

Unit Details:
• Apartment 220 sqm
• Open terrace 100 sqm
• 3 bedrooms
• 3 bathrooms

 Location:
• Prime location in Sheikh Zayed
• Close to Cairo University
• Close to Dahshour Road & Mall of Arabia
• Close to Hyper One

Compound Amenities:
• Wide green areas
• Artificial lakes
• Jogging & cycling tracks
• Swimming pools",/en/plp/buy/villa-for-sale-giza-sheikh-zayed-city-6th-district-zayed-dunes-2PWSfLqg9Ls.html,True,52717456,"[""https://static.shared.propertyfinder.eg/media/images/listing/Z6V9QPV7B104FZGPNV4074BR8R/a75798b9-8c0c-42fa-8998-cc591797b35d/668x452.jpg""]",9,False,False,False,False,30.040565490722656,2026-02-18T13:27:16Z,Z6V9QPV7B104FZGPNV4074BR8R,4,"Zayed Dunes, 6th District, Sheikh Zayed City, Giza",28781,"Giza, Sheikh Zayed City, 6th District",sheikh-zayed-city-6th-district-zayed-dunes,COMPOUND,30.990543365478516,2400000,120000.0,Villa,property,2026-02-18T13:27:16Z,https://www.propertyfinder.eg/en/plp/buy/villa-for-sale-giza-sheikh-zayed-city-6th-district-zayed-dunes-2PWSfLqg9Ls.html,20,20,EG,propertyfinder,"Apartment for sale in Sheikh Zayed, 220 sq m,"
"[""BA"", ""CO"", ""LB"", ""BL"", ""WC"", ""SY"", ""SS"", ""SE"", ""VW"", ""ST"", ""SP""]",11,"[""Balcony"", ""Children's Pool"", ""Lobby in Building"", ""View of Landmark"", ""Walk-in Closet"", ""Shared Gym"", ""Shared Spa"", ""Security"", ""View of Water"", ""Study"", ""Shared Pool""]",2,3,buy,EGP,"own a townhouse in Lake West Compound, one of the most prestigious locations in Sheikh Zayed.

There are installment plans available.


Unit Details:
	•	Townhouse
	•	Land area: 181 m²
	•	Built-up area: 235 m²
	•	3 bedrooms, 3 bathrooms

Location:
	•	Located near many vital places:
	•	Near Mall of Arabia
	•	Near Juhayna Square
	•	Near Hunting Club
	•	Near Cairo University

Services:
	•	The compound offers numerous services, including:
	•	Spacious green areas
	•	Water features
	•	Swimming pools
	•	Children’s play area
	•	Barbecue and relaxation areas",/en/plp/buy/villa-for-sale-giza-6-october-city-green-belt-hood-1-st-2PWRAMdw0bg.html,True,52716666,"[""https://static.shared.propertyfinder.eg/media/images/listing/NAND95P5BB3M7HJBJR85PYHC2M/97ee5ff9-efe5-4cfb-8b48-962c6c279356/668x452.jpg""]",11,False,False,False,False,30.059566497802734,2026-02-18T13:06:16Z,NAND95P5BB3M7HJBJR85PYHC2M,4,"Hood 1 St., Green Belt, 6 October City, Giza",21103,"Giza, 6 October City, Green Belt",6-october-city-green-belt-hood-1-st,STREET,30.92774772644043,5700000,285000.0,Villa,property,2026-02-18T13:06:16Z,https://www.propertyfinder.eg/en/plp/buy/villa-for-sale-giza-6-october-city-green-belt-hood-1-st-2PWRAMdw0bg.html,20,20,EG,propertyfinder,"Villa for sale in Sheikh Zayed, 230m, installments"
"[""BA"", ""CO"", ""LB"", ""BL"", ""WC"", ""SY"", ""SS"", ""SE"", ""VW"", ""ST"", ""SP""]",11,"[""Balcony"", ""Children's Pool"", ""Lobby in Building"", ""View of Landmark"", ""Walk-in Closet"", ""Shared Gym"", ""Shared Spa"", ""Security"", ""View of Water"", ""Study"", ""Shared Pool""]",2,3,buy,EGP,"own a townhouse in Lake West Compound, one of the most prestigious locations in Sheikh Zayed.

There are installment plans available.


Unit Details:
	•	Townhouse
	•	Land area: 181 m²
	•	Built-up area: 235 m²
	•	3 bedrooms, 3 bathrooms

Location:
	•	Located near many vital places:
	•	Near Mall of Arabia
	•	Near Juhayna Square
	•	Near Hunting Club
	•	Near Cairo University

Services:
	•	The compound offers numerous services, including:
	•	Spacious green areas
	•	Water features
	•	Swimming pools
	•	Children’s play area
	•	Barbecue and relaxation areas",/en/plp/buy/villa-for-sale-giza-sheikh-zayed-city-sheikh-zayed-compounds-lake-west-2PWR5fQ3kfo.html,True,52716634,"[""https://static.shared.propertyfinder.eg/media/images/listing/78G4NZ2AKSB3G263B2YSD2PPB0/0aa08be6-953a-4167-876d-74e2909b5a1f/668x452.jpg""]",11,False,False,False,False,30.061763763427734,2026-02-18T13:05:12Z,78G4NZ2AKSB3G263B2YSD2PPB0,4,"Lake West, Sheikh Zayed Compounds, Sheikh Zayed City, Giza",41095,"Giza, Sheikh Zayed City, Sheikh Zayed Compounds",sheikh-zayed-city-sheikh-zayed-compounds-lake-west,SUBDISTRICT,30.937755584716797,5700000,285000.0,Villa,property,2026-02-18T13:05:12Z,https://www.propertyfinder.eg/en/plp/buy/villa-for-sale-giza-sheikh-zayed-city-sheikh-zayed-compounds-lake-west-2PWR5fQ3kfo.html,20,20,EG,propertyfinder,"Villa for sale in Sheikh Zayed, 230m, installments"
"[""SE"", ""ST"", ""PG"", ""MR"", ""CP"", ""BW"", ""AC"", ""BA"", ""WC"", ""BL"", ""LB"", ""SS""]",12,"[""Security"", ""Study"", ""Private Garden"", ""Maids Room"", ""Covered Parking"", ""Built in Wardrobes"", ""Central A/C"", ""Balcony"", ""Walk-in Closet"", ""View of Landmark"", ""Lobby in Building"", ""Shared Spa""]",2,3,buy,EGP,"luxury finished Villa with Garden for Sale in Rayos Compound October
Ready to move - Prime location open view


Ground & First Floor Duplex
Built-up Area: 220 sqm
Garden: 50 sqm

Layout:
Ground Floor: 3-piece reception – Kitchen – Bathroom
First Floor: 3 Bedrooms (including 1 Master) – 2 Bathrooms

Ultra Super Lux Finishing

Asking Price: EGP 12,500,000
Including kitchen cabinets & air conditioners
--------------------------------

-About Emtdad is a leading company specializing in general contracting, construction, and real estate investment, with extended expertise that covers the full real estate lifecycle — from development and execution to sales, resale, and finishing.

With years of hands-on experience in the Egyptian real estate market, EMTDAD has built a solid reputation for delivering high-quality results, serving prominent real estate developers and trusted partners across multiple sectors

Our strength lies in our deep technical background. We don’t approach real estate as marketers only — we approach it as developers, builders, and long-term partners who understand projects from the ground up.",/en/plp/buy/villa-for-sale-giza-6-october-city-6-october-compounds-rayos-2PWMSJogE9g.html,True,52714139,"[""https://static.shared.propertyfinder.eg/media/images/listing/6QNP4A4R4K21MH5E91MAH3AMC0/a5254600-2dff-42fb-8c71-82c2df3e8d07/668x452.jpg""]",14,False,False,False,False,29.985698699951172,2026-02-18T12:01:00Z,6QNP4A4R4K21MH5E91MAH3AMC0,4,"Rayos, 6 October Compounds, 6 October City, Giza",41544,"Giza, 6 October City, 6 October Compounds",6-october-city-6-october-compounds-rayos,SUBDISTRICT,31.077295303344727,12500000,56818.181818181816,Villa,property,2026-02-18T12:01:00Z,https://www.propertyfinder.eg/en/plp/buy/villa-for-sale-giza-6-october-city-6-october-compounds-rayos-2PWMSJogE9g.html,220,220,EG,propertyfinder,luxury finished Villa with Garden-Ready to move
"[""BA"", ""BW"", ""AC"", ""CP"", ""BK"", ""MR"", ""PG"", ""PP"", ""SP"", ""ST"", ""SE"", ""SS"", ""VW"", ""SY"", ""WC"", ""BL"", ""LB"", ""CO""]",18,"[""Balcony"", ""Built in Wardrobes"", ""Central A/C"", ""Covered Parking"", ""Kitchen Appliances"", ""Maids Room"", ""Private Garden"", ""Private Pool"", ""Shared Pool"", ""Study"", ""Security"", ""Shared Spa"", ""View of Water"", ""Shared Gym"", ""Walk-in Closet"", ""View of Landmark"", ""Lobby in Building"", ""Children's Pool""]",2,3,buy,EGP,"standalone in badia type M 
Ground floor have 
maid room + guest toilet 
Kitchen 
Guest toliet
Dinner and recption 
First floor
3 master bedrooms 
Palm Hills 
Badya 
Stand alone 
Type M 
Bua : 180 sqm
Land :  255 sqm









The project provides all means of security, including highly-trained security guards working 24/7.
The compound offers sports clubs with a range of well-equipped courts.
Walking, jogging, and
The compound offers sports clubs with a range of well-equipped courts.
Walking, jogging, and cycling trails are safely placed away from traffic.
The buildings are designed based on modern green architecture styles.
The entire compound is equipped with smart home technologies, which allows you to control the electronic gates and other home devices remotely.

We have other options in Sheikh Zayed - October - North Coast - Sokhna - Fifth Settlement

For more information, please call[REDACTED_PHONE]

About Project:-

The units come in various modern designs and sizes, including apartments, duplexes, villas, and Townhouses, catering to diverse customer preferences. They often feature stunning views of lush green landscapes or artificial lakes, enhancing the quality of life for residents.

Key features include 24/7 security with advanced surveillance systems and gated entry points, ensuring a safe and secure environment. Compounds also offer a variety of facilities, such as fitness clubs, swimming pools, sports courts, and dedicated play areas for children, creating a comprehensive living experience for all family members.
Modern infrastructure is a hallmark of these compounds, including efficient water, electricity, and drainage systems, along with organized parking areas and pathways for pedestrians and cyclists. Additionally, professional property management and maintenance services are provided, ensuring the units remain in top condition.

With a focus on luxury, convenience, and sustainability, residential units in compounds offer a long-t
price:12,500 millions",/en/plp/buy/villa-for-sale-giza-6-october-city-6-october-compounds-badya-palm-hills-2PWLpZX9d7A.html,True,52713800,"[""https://static.shared.propertyfinder.eg/media/images/listing/WZK1TFFFQBC8SZY3S58KAE8WM4/bbcbe6b1-4801-4f12-8d1c-447b8368c5e2/668x452.jpg""]",16,False,False,False,False,29.909303665161133,2026-02-18T11:51:37Z,WZK1TFFFQBC8SZY3S58KAE8WM4,4,"Badya Palm Hills, 6 October Compounds, 6 October City, Giza",40761,"Giza, 6 October City, 6 October Compounds",6-october-city-6-october-compounds-badya-palm-hills,SUBDISTRICT,30.67119598388672,12500000,69444.44444444444,Villa,property,2026-02-18T11:51:37Z,https://www.propertyfinder.eg/en/plp/buy/villa-for-sale-giza-6-october-city-6-october-compounds-badya-palm-hills-2PWLpZX9d7A.html,180,180,EG,propertyfinder,villa for sale badya palm hills prime location
"[""BA"", ""BW"", ""AC"", ""CP"", ""BK"", ""PG"", ""MR"", ""SP"", ""PP"", ""ST"", ""VW"", ""SE"", ""SS"", ""WC"", ""SY"", ""BL"", ""LB"", ""CO""]",18,"[""Balcony"", ""Built in Wardrobes"", ""Central A/C"", ""Covered Parking"", ""Kitchen Appliances"", ""Private Garden"", ""Maids Room"", ""Shared Pool"", ""Private Pool"", ""Study"", ""View of Water"", ""Security"", ""Shared Spa"", ""Walk-in Closet"", ""Shared Gym"", ""View of Landmark"", ""Lobby in Building"", ""Children's Pool""]",2,3,buy,EGP,"standalone in badia type M 
Ground floor have 
maid room + guest toilet 
Kitchen 
Guest toliet
Dinner and recption 
First floor
3 master bedrooms 
Palm Hills 
Badya 
Stand alone 
Type M 
Bua : 180 sqm
Land :  255 sqm
12,500 millions








The project provides all means of security, including highly-trained security guards working 24/7.
The compound offers sports clubs with a range of well-equipped courts.
Walking, jogging, and
The compound offers sports clubs with a range of well-equipped courts.
Walking, jogging, and cycling trails are safely placed away from traffic.
The buildings are designed based on modern green architecture styles.
The entire compound is equipped with smart home technologies, which allows you to control the electronic gates and other home devices remotely.

We have other options in Sheikh Zayed - October - North Coast - Sokhna - Fifth Settlement

For more information, please call[REDACTED_PHONE]

About Project:-

The units come in various modern designs and sizes, including apartments, duplexes, villas, and Townhouses, catering to diverse customer preferences. They often feature stunning views of lush green landscapes or artificial lakes, enhancing the quality of life for residents.

Key features include 24/7 security with advanced surveillance systems and gated entry points, ensuring a safe and secure environment. Compounds also offer a variety of facilities, such as fitness clubs, swimming pools, sports courts, and dedicated play areas for children, creating a comprehensive living experience for all family members.
Modern infrastructure is a hallmark of these compounds, including efficient water, electricity, and drainage systems, along with organized parking areas and pathways for pedestrians and cyclists. Additionally, professional property management and maintenance services are provided, ensuring the units remain in top condition.

With a focus on luxury, convenience, and sustainability, residential units in compounds offer a long-term inv",/en/plp/buy/villa-for-sale-giza-6-october-city-6-october-compounds-badya-palm-hills-2PWLl5BBnoe.html,True,52713777,"[""https://static.shared.propertyfinder.eg/media/images/listing/BA2J2RBBFGG5JF3HNNHMZA93PW/1f802e02-75d3-4c7c-a9cc-4367bfe4ec25/668x452.jpg""]",14,False,False,False,False,29.909303665161133,2026-02-18T11:50:33Z,BA2J2RBBFGG5JF3HNNHMZA93PW,4,"Badya Palm Hills, 6 October Compounds, 6 October City, Giza",40761,"Giza, 6 October City, 6 October Compounds",6-october-city-6-october-compounds-badya-palm-hills,SUBDISTRICT,30.67119598388672,12500000,67567.56756756757,Villa,property,2026-02-18T11:50:33Z,https://www.propertyfinder.eg/en/plp/buy/villa-for-sale-giza-6-october-city-6-october-compounds-badya-palm-hills-2PWLl5BBnoe.html,185,185,EG,propertyfinder,Villa for sale badya palm hills prime location
"[""BA"", ""PG"", ""SP"", ""SS"", ""SE"", ""CP"", ""BW"", ""VW"", ""BL"", ""SY"", ""CO""]",11,"[""Balcony"", ""Private Garden"", ""Shared Pool"", ""Shared Spa"", ""Security"", ""Covered Parking"", ""Built in Wardrobes"", ""View of Water"", ""View of Landmark"", ""Shared Gym"", ""Children's Pool""]",2,3,buy,EGP,"Amazing Villa for sale Sea View  in New Venecia (Ain Sokhna) with Best Price!!

Villa Details :
• Location: New Venecia / Ain Sokhna
• Built up area: 125 SQM
• Garden area: 190 SQM
• Number of bedrooms : 3
• Number of bathrooms : 2
• Ground Floor + First Floor
• Prime location 
• Fully finished 
• Ready to move
• Price : 3.200.000 EGP 
• In Cash

New Venice Resort located next to La vista 5 resort with a long shore over the Suez Golf.

We offer Luxury homes and luxury apartments in prestigious compounds New Cairo, October and Sheikh Zayed, North Coast, Ain Sokhna and the Red Sea for buyers and sellers.
Thanks for dealing with Trends Real Estate.",/en/plp/buy/villa-for-sale-suez-al-ain-al-sokhna-new-venecia-2PWKo3YK9Ts.html,True,52713286,"[""https://static.shared.propertyfinder.eg/media/images/listing/KG0B46B1C4J1BQQ3W47JE2XPPC/004c0700-2c3e-4ffb-962c-07e21db0e289/668x452.jpg""]",10,False,False,False,False,29.21857452392578,2026-02-18T11:37:17Z,KG0B46B1C4J1BQQ3W47JE2XPPC,3,"New Venecia, Al Ain Al Sokhna, Suez",40415,"Suez, Al Ain Al Sokhna",al-ain-al-sokhna-new-venecia,COMPOUND,32.622093200683594,3200000,25600.0,Villa,property,2026-02-18T11:37:17Z,https://www.propertyfinder.eg/en/plp/buy/villa-for-sale-suez-al-ain-al-sokhna-new-venecia-2PWKo3YK9Ts.html,125,125,EG,propertyfinder,Villa for sale Ready Sea view  in New Venecia
"[""BA"", ""MR"", ""SE"", ""PG""]",4,"[""Balcony"", ""Maids Room"", ""Security"", ""Private Garden""]",2,3,buy,EGP,"Mountain View Icity
Stand-alone Villa

Land: 420
Bua:180

3 bedrooms (including 1 master bedroom)
2 bathrooms 
2 terraces 
Storage

Prime Location 
Ready to move

Down payment: 16,952,000
total price: 18,521,750
Remaining: 1,569,750


About New Avenue:
                     
New Avenue is a real estate consultancy based in Egypt, aiming at providing comprehensive services for your real estate needs. If you are willing to make an investment or are interested in buying a residential or a commercial property, we are there for you to ensure transforming your plans into reality.
                           
Given our individual experiences in the top real estate companies in Egypt & abroad, we have reached the conclusion that trust is primary factor we should be offering you when it comes to buying, renting or submitting your property for sale or rent.

New Avenue is aiming to provide our customer with almost all the needs that you would need Residential or Commercial. New Avenue offers offices and Retails that are available in almost every district in Egypt like New Cairo, Heliopolis, Nasr City, 6th of October.",/en/plp/buy/villa-for-sale-cairo-new-cairo-city-the-5th-settlement-5th-settlement-compounds-mountain-view-icity-2PWBINl7rQ8.html,True,52708736,"[""https://static.shared.propertyfinder.eg/media/images/listing/DNZ61CCD3Z49PDBKHMF55ZQ3P4/4e4b4fc5-d4cb-4c7a-99f1-800bf8257540/668x452.jpg""]",10,False,False,False,False,30.06942367553711,2026-02-18T09:24:15Z,DNZ61CCD3Z49PDBKHMF55ZQ3P4,5,"Mountain View iCity, 5th Settlement Compounds, The 5th Settlement, New Cairo City, Cairo",20206,"Cairo, New Cairo City, The 5th Settlement, 5th Settlement Compounds",new-cairo-city-the-5th-settlement-5th-settlement-compounds-mountain-view-icity,COMPOUND,31.5997371673584,18521750,102898.61111111111,Villa,property,2026-02-18T09:24:15Z,https://www.propertyfinder.eg/en/plp/buy/villa-for-sale-cairo-new-cairo-city-the-5th-settlement-5th-settlement-compounds-mountain-view-icity-2PWBINl7rQ8.html,180,180,EG,propertyfinder,Delivered North Oriented Standalone Prime Location
"[""CP"", ""PG"", ""SP"", ""ST"", ""VW"", ""SE"", ""SS"", ""SY"", ""WC"", ""BL"", ""LB"", ""CO""]",12,"[""Covered Parking"", ""Private Garden"", ""Shared Pool"", ""Study"", ""View of Water"", ""Security"", ""Shared Spa"", ""Shared Gym"", ""Walk-in Closet"", ""View of Landmark"", ""Lobby in Building"", ""Children's Pool""]",2,3,buy,EGP,"A luxury resort with a wide sea-front view and full hotel services.

Located in Soma Bay, Red Sea, on the Safaga Road in Hurghada.

Golf View Standalone Chalet with Near Delivery

BUA: 138 sqm

• 3 Bedrooms

• 2 Bathrooms

Living Room

Private Garden 204 SQM

Land area 370 sqm


We are pleased to assist you with all inquiries:
 [REDACTED_PHONE]",/en/plp/buy/villa-for-sale-red-sea-hurghada-safaga-soma-bay-blanca-gardens-2PVaGh8nVzc.html,True,52707088,"[""https://static.shared.propertyfinder.eg/media/images/listing/Y1MERHCWDT46EH2WAV13H8MA2G/55ef1bc0-3e51-4a2a-8925-8636aa3fc30d/668x452.jpg""]",11,False,False,False,False,26.85942840576172,2026-02-18T00:45:59Z,Y1MERHCWDT46EH2WAV13H8MA2G,5,"Blanca Gardens, Soma Bay, Safaga, Hurghada, Red Sea",41905,"Red Sea, Hurghada, Safaga, Soma Bay",hurghada-safaga-soma-bay-blanca-gardens,STREET,33.97724533081055,29900000,216666.66666666666,Villa,property,2026-02-18T00:45:59Z,https://www.propertyfinder.eg/en/plp/buy/villa-for-sale-red-sea-hurghada-safaga-soma-bay-blanca-gardens-2PVaGh8nVzc.html,138,138,EG,propertyfinder,Golf View Finishing & Facilities Prime Location
"[""BA"", ""CP"", ""SP"", ""VW"", ""SE"", ""SY"", ""BL""]",7,"[""Balcony"", ""Covered Parking"", ""Shared Pool"", ""View of Water"", ""Security"", ""Shared Gym"", ""View of Landmark""]",2,3,buy,EGP,"Full seaview standalone chalet | Ground | Marsa Baghoush

BUA: 138m
Garden: 180m

3 bedrooms (1 master)
2 bathrooms 
Reception 
Kitchen 
Terrace

Delivered 
Core& shell

Total: 20,000,000
About New Avenue

New Avenue is a real estate consultancy based in Egypt, aiming at providing comprehensive services for your real estate needs. If you are willing to make an investment or are interested in buying a residential or a commercial property, we are there for you to ensure transforming your plans into reality.

Given our individual experiences in the top real estate companies in Egypt & abroad, we have reached the conclusion that trust is the primary factor we should be offering you when it comes to buying, renting, or submitting your property for sale or rent.

New Avenue is aiming to provide our customers with almost all the needs that you would need, residential or commercial. New Avenue offers offices and retails that are available in almost every district in Egypt like New Cairo, Heliopolis, Nasr City, and 6th of October.",/en/plp/buy/villa-for-sale-north-coast-qesm-marsa-matrouh-marsa-baghush-2PVZfAlpogq.html,True,52707076,"[""https://static.shared.propertyfinder.eg/media/images/listing/DXTD20SRT74XQESWJAMVXEE9XG/66452bb4-974e-4964-a949-80bee2183067/668x452.jpg""]",10,False,False,False,False,31.177579879760742,2026-02-18T00:37:35Z,DXTD20SRT74XQESWJAMVXEE9XG,3,"Marsa Baghush, Qesm Marsa Matrouh, North Coast",37759,"North Coast, Qesm Marsa Matrouh",qesm-marsa-matrouh-marsa-baghush,COMPOUND,27.656166076660156,20000000,144927.53623188406,Villa,property,2026-02-18T00:37:35Z,https://www.propertyfinder.eg/en/plp/buy/villa-for-sale-north-coast-qesm-marsa-matrouh-marsa-baghush-2PVZfAlpogq.html,138,138,EG,propertyfinder,Full seaview standalone chalet | Ground
"[""BA"", ""CP"", ""PG"", ""SP"", ""SE"", ""BL"", ""LB""]",7,"[""Balcony"", ""Covered Parking"", ""Private Garden"", ""Shared Pool"", ""Security"", ""View of Landmark"", ""Lobby in Building""]",2,3,buy,EGP,"Next to Sodic East Compound
In New Heliopolis

Villa, 166 sq m
(3 bedrooms + 2 bathrooms + reception + terrace + kitchen)
+ 48 sq m private garden
+ 33 sq m private roof
Super Lux finishing

Price before discount: 16,851,000
Price after discount: 6,066,000

Down payment of 606,000 and installments over 15 years
For details:[REDACTED_PHONE] & WhatsApp",/en/plp/buy/villa-for-sale-cairo-new-heliopolis-new-heliopolis-compounds-talala-2PUrAbQ1o5A.html,True,52457217,"[""https://static.shared.propertyfinder.eg/media/images/listing/SDH351VHPECE0A32DB4A2W8288/1cd26dd8-338d-43b3-9d10-cfedf363d4c1/668x452.jpg""]",10,False,False,False,False,30.153987884521484,2026-02-17T14:14:56Z,SDH351VHPECE0A32DB4A2W8288,4,"Talala, New Heliopolis Compounds, New Heliopolis, Cairo",42165,"Cairo, New Heliopolis, New Heliopolis Compounds",new-heliopolis-new-heliopolis-compounds-talala,SUBDISTRICT,31.6824893951416,6066000,36542.1686746988,Villa,property,2026-02-17T14:14:56Z,https://www.propertyfinder.eg/en/plp/buy/villa-for-sale-cairo-new-heliopolis-new-heliopolis-compounds-talala-2PUrAbQ1o5A.html,166,166,EG,propertyfinder,Fully finished villa for sale next to Sodic East
"[""BA"", ""AC"", ""BK"", ""MR"", ""PG"", ""SP"", ""ST"", ""VW"", ""SE"", ""CO"", ""BL""]",11,"[""Balcony"", ""Central A/C"", ""Kitchen Appliances"", ""Maids Room"", ""Private Garden"", ""Shared Pool"", ""Study"", ""View of Water"", ""Security"", ""Children's Pool"", ""View of Landmark""]",2,3,buy,EGP,"Villa for sale in La Jolie Marina Village, Ain Sokhna

170 sq m, 3 floors, direct sea view

Ground floor with garden, first floor with roof terrace

3 bedrooms, 2 bathrooms, kitchen, reception area

High-end finishing, including furniture, appliances, and air conditioning

Shutters on all windows and terrace

Prime location

First terrace, steps from the sea and directly onto the pool

For inquiries, please call:[REDACTED_PHONE]

____________________________________________________

Town River Company

The company specializes in Ain Sokhna projects.

We also have a sales team specializing in tourism marketing.

We offer a variety of units with different payment plans (cash, installments).",/en/plp/buy/villa-for-sale-suez-al-ain-al-sokhna-la-jolie-2PUhyBVyCVU.html,True,52452198,"[""https://static.shared.propertyfinder.eg/media/images/listing/YRAYPPY0P57A4ERJMVRG1BKA28/c103b991-b1f4-49ee-a5dd-2ac47853dabc/668x452.jpg""]",17,False,False,False,False,29.19154930114746,2026-02-17T12:06:15Z,YRAYPPY0P57A4ERJMVRG1BKA28,3,"La Jolie, Al Ain Al Sokhna, Suez",40412,"Suez, Al Ain Al Sokhna",al-ain-al-sokhna-la-jolie,COMPOUND,32.63473129272461,7000000,41176.470588235294,Villa,property,2026-02-17T12:06:15Z,https://www.propertyfinder.eg/en/plp/buy/villa-for-sale-suez-al-ain-al-sokhna-la-jolie-2PUhyBVyCVU.html,170,170,EG,propertyfinder,"Villa for sale in La Jolie Marina Village, Ain Sok"
"[""BA"", ""AC"", ""CP"", ""PG"", ""VW"", ""SE"", ""SY"", ""LB""]",8,"[""Balcony"", ""Central A/C"", ""Covered Parking"", ""Private Garden"", ""View of Water"", ""Security"", ""Shared Gym"", ""Lobby in Building""]",2,3,buy,EGP,"Villa for Sale – Moon View – Ain Sokhna

Area: 180 sqm + 60 sqm Garden

Floor: Ground

Finishing: Fully furnished with appliances and air conditioners

Layout: 3 Bedrooms + 2 Bathrooms + Reception + American Kitchen + Garden

View: Sea

Delivery: Immediate

Price: 4,750,000 EGP Cash

Since 2015,Chalehak has been your first partner in vacation real estate marketing in Ain Sokhna.
With extensive expertise in both new units and resale, we help you choose the most suitable option whether for personal use or investment, offering precise consultations and clear comparisons between alternatives.

We provide:

Marketing and resale of ready units at competitive prices.

The latest offers in new projects.

Full follow-up from the first consultation until delivery.

Legal review to ensure safe ownership transfer.

With Chalehak, your real estate journey is clearer and easier, supported by real expertise that guarantees a secure investment and a smooth experience.

We offer a wide selection of villas and chalets in the most renowned resorts of Ain Sokhna, including IL Monte Galala, La Vista, Mountain View, Telal, Porto Sokhna, Azha, and more.

Chalehak… your shortcut to a secure property and a seamless buying experience.",/en/plp/buy/villa-for-sale-suez-al-ain-al-sokhna-moon-view-resort-2PUgvUcV5Ki.html,True,52451682,"[""https://static.shared.propertyfinder.eg/media/images/listing/YHH8ZB0GEW9SSBB58ZE9J23K00/bf8c4e77-b445-4dcb-aec9-4349f2da9d20/668x452.jpg""]",17,False,False,False,False,29.36236572265625,2026-02-17T11:51:31Z,YHH8ZB0GEW9SSBB58ZE9J23K00,3,"Moon View Resort, Al Ain Al Sokhna, Suez",40393,"Suez, Al Ain Al Sokhna",al-ain-al-sokhna-moon-view-resort,COMPOUND,32.57736587524414,4750000,26388.88888888889,Villa,property,2026-02-17T11:51:31Z,https://www.propertyfinder.eg/en/plp/buy/villa-for-sale-suez-al-ain-al-sokhna-moon-view-resort-2PUgvUcV5Ki.html,180,180,EG,propertyfinder,Villa for Sale – Moon View – Ain Sokhna
"[""BA"", ""CP"", ""MR"", ""VW"", ""BL""]",5,"[""Balcony"", ""Covered Parking"", ""Maids Room"", ""View of Water"", ""View of Landmark""]",2,3,buy,EGP,"For Sale | Beautiful Semi-Finished Villa in IVY – New Giza (New Zayed)

Prime location beside Sphinx International Airport
Stunning open view overlooking the large lake

Property Details:

Area Of Villa :
Built-up area: 450 sqm
Land area: 2,000 sqm

Semi-finished


Layout:

Basement:

Nanny room with toilet

Driver room with toilet


Ground Floor:

Spacious reception

Kitchen


First Floor:

3 bedrooms

One master bedroom with private bathroom

Living room



Asking Price For Sale : 
32.000,000 EGP

===========================================================

RE/MAX Al-Mohager is one of the offices of RE/MAX in Egypt, the world's first real estate marketing company. We specialize in the field of real estate brokerage with our consultants in the field of real estate marketing. We provide the best services to our customers for many years.


=========================================",/en/plp/buy/villa-for-sale-giza-6-october-city-cairo-alexandria-desert-road-new-giza-2PUggGmGOuG.html,True,52451548,"[""https://static.shared.propertyfinder.eg/media/images/listing/9566FK9J3GGZQSWPY0Q68QPADR/75eba299-ac7d-4418-af50-31976219bf9d/668x452.jpg""]",14,False,False,True,False,30.00690460205078,2026-02-17T11:48:08Z,9566FK9J3GGZQSWPY0Q68QPADR,4,"New Giza, Cairo Alexandria Desert Road, 6 October City, Giza",21062,"Giza, 6 October City, Cairo Alexandria Desert Road",6-october-city-cairo-alexandria-desert-road-new-giza,COMPOUND,31.05933380126953,32000000,71111.11111111111,Villa,property,2026-02-17T11:48:08Z,https://www.propertyfinder.eg/en/plp/buy/villa-for-sale-giza-6-october-city-cairo-alexandria-desert-road-new-giza-2PUggGmGOuG.html,450,450,EG,propertyfinder,For Sale | Beautiful Semi-Finished Villa in IVY
"[""BA""]",1,"[""Balcony""]",2,3,buy,EGP,"Exclusive opportunity to own a Lake House A unit in Mountain View Kingsway, featuring a premium architectural design and generous spaces ideal for luxury family living in New Cairo.

Property Details:

Unit Type: Lake House A

Built-Up Area: 280 sqm

Total Price: 26,876,997 EGP

Paid to Date: 5,093,302 EGP

Delivery: December 2028
Payment Plan: 9 years – 2 installments per year",/en/plp/buy/villa-for-sale-giza-6-october-city-green-belt-boulevard-road-kingsway-2PUZCP9pKt6.html,True,52446089,"[""https://static.shared.propertyfinder.eg/media/images/listing/ANRGPEE1NMKT7B976VG7RWPMK4/39f2af3b-ff88-4ad0-be0b-5086ffb1ec62/668x452.jpg""]",9,False,False,False,False,29.970739364624023,2026-02-17T10:04:17Z,ANRGPEE1NMKT7B976VG7RWPMK4,5,"Kingsway, Boulevard Road, Green Belt, 6 October City, Giza",42010,"Giza, 6 October City, Green Belt, Boulevard Road",6-october-city-green-belt-boulevard-road-kingsway,STREET,30.86318016052246,26876997,95989.275,Villa,property,2026-02-17T10:04:17Z,https://www.propertyfinder.eg/en/plp/buy/villa-for-sale-giza-6-october-city-green-belt-boulevard-road-kingsway-2PUZCP9pKt6.html,280,280,EG,propertyfinder,For Sale – Lake House A in Mountain View Kingsway
"[""BA""]",1,"[""Balcony""]",2,3,buy,EGP,"Exclusive opportunity to own a Pollo Villa in Mountain View Kingsway, featuring high-quality finishing and a spacious private garden.

Property Details:

Unit Type: Pollo Villa

Built-Up Area: 130 sqm

Garden Area: 120 sqm

Total Price: 12,827,844 EGP

Paid So Far: 2,494,304 EGP

Delivery: December 2028
Payment Plan: 8 years, 2 installments per year",/en/plp/buy/villa-for-sale-giza-6-october-city-green-belt-boulevard-road-kingsway-2PUYfzmGLZI.html,True,52445924,"[""https://static.shared.propertyfinder.eg/media/images/listing/WCJ7GDP0P5J3QZ9XAW8MPAYNVG/c17ec2a0-415a-45b4-a730-9a5688380818/668x452.jpg""]",10,False,False,False,False,29.970739364624023,2026-02-17T09:56:08Z,WCJ7GDP0P5J3QZ9XAW8MPAYNVG,5,"Kingsway, Boulevard Road, Green Belt, 6 October City, Giza",42010,"Giza, 6 October City, Green Belt, Boulevard Road",6-october-city-green-belt-boulevard-road-kingsway,STREET,30.86318016052246,12827844,98675.72307692308,Villa,property,2026-02-17T09:56:08Z,https://www.propertyfinder.eg/en/plp/buy/villa-for-sale-giza-6-october-city-green-belt-boulevard-road-kingsway-2PUYfzmGLZI.html,130,130,EG,propertyfinder,Pollo Villa for Sale in Mountain View Kingsway
"[""BA"", ""MR"", ""PG"", ""SE"", ""SS"", ""SY""]",6,"[""Balcony"", ""Maids Room"", ""Private Garden"", ""Security"", ""Shared Spa"", ""Shared Gym""]",2,3,buy,EGP,"MIVIDA Compound

BUA : 230m
Land area : 290m

Semi Finished

Price : 35,000,000 EGP

Ready to move

Consists of : 3 bedrooms + 2 bathrooms + Living room + Nanny's room

============================
كمبوندات القاهرة الجديدة - كمبوند ميفيدا

المساحة : 245 متر
مساحة الارض : 450 متر

متشطب بالكامل

تتكون من : 4 غرف نوم + 4 حمام

السعر : 52,000,000 جنيه

استلام فوري
==========================
Properties for sale in 5th Settlement Compounds
Properties for sale in Mivida
Apartments for sale in Mivida
Villas for sale in Mivida
Townhouses for sale in Mivida
Penthouses for sale in Mivida
Twin houses for sale in Mivida
Duplexes for sale in Mivida",/en/plp/buy/villa-for-sale-cairo-new-cairo-city-the-5th-settlement-5th-settlement-compounds-mivida-2PTKG5WOx1s.html,True,52196599,"[""https://static.shared.propertyfinder.eg/media/images/listing/44029ZFPKRMH0FJXDD8JHAM7BR/e07fb596-d07c-40a6-92b5-3042073a63bc/668x452.jpg""]",13,False,False,False,False,30.00575065612793,2026-02-16T16:06:50Z,44029ZFPKRMH0FJXDD8JHAM7BR,5,"Mivida, 5th Settlement Compounds, The 5th Settlement, New Cairo City, Cairo",2751,"Cairo, New Cairo City, The 5th Settlement, 5th Settlement Compounds",new-cairo-city-the-5th-settlement-5th-settlement-compounds-mivida,COMPOUND,31.533998489379883,35000000,120689.6551724138,Villa,property,2026-02-16T16:06:50Z,https://www.propertyfinder.eg/en/plp/buy/villa-for-sale-cairo-new-cairo-city-the-5th-settlement-5th-settlement-compounds-mivida-2PTKG5WOx1s.html,290,290,EG,propertyfinder,Twin House Ready To Move With Prime Location
"[""BA"", ""CP"", ""BL"", ""SE""]",4,"[""Balcony"", ""Covered Parking"", ""View of Landmark"", ""Security""]",2,3,buy,EGP,"For Sale | Beautiful Semi-Finished Villa in IVY – New Giza (New Zayed)

Prime location beside Sphinx International Airport
Stunning open view overlooking the large lake

Property Details:

Area Of Villa :
Built-up area: 450 sqm
Land area: 2,000 sqm

Semi-finished

Layout:

Basement:

Nanny room with toilet
Driver room with toilet

Ground Floor:

Spacious reception
Kitchen

First Floor:

3 bedrooms
One master bedroom with private bathroom
Living room

Asking Price For Sale : 
31,500,000 EGP

===========================================================

RE/MAX Al-Mohager is one of the offices of RE/MAX in Egypt, the world's first real estate marketing company. We specialize in the field of real estate brokerage with our consultants in the field of real estate marketing. We provide the best services to our customers for many years.


==================================================== =========",/en/plp/buy/villa-for-sale-giza-6-october-city-cairo-alexandria-desert-road-new-giza-2PTJoc5rn5U.html,True,52196441,"[""https://static.shared.propertyfinder.eg/media/images/listing/73TRSA5EZX74S9TNPFVQ4NWZGG/e8b6f4ce-a51e-4ee2-a7ad-190e9369423d/668x452.jpg""]",6,False,False,True,False,30.00690460205078,2026-02-16T16:00:38Z,73TRSA5EZX74S9TNPFVQ4NWZGG,4,"New Giza, Cairo Alexandria Desert Road, 6 October City, Giza",21062,"Giza, 6 October City, Cairo Alexandria Desert Road",6-october-city-cairo-alexandria-desert-road-new-giza,COMPOUND,31.05933380126953,31500000,70000.0,Villa,property,2026-02-16T16:00:38Z,https://www.propertyfinder.eg/en/plp/buy/villa-for-sale-giza-6-october-city-cairo-alexandria-desert-road-new-giza-2PTJoc5rn5U.html,450,450,EG,propertyfinder,For Sale | Beautiful Semi-Finished Villa in IVY
"[""BA"", ""BW"", ""AC"", ""BK"", ""CP"", ""MR"", ""PG"", ""PP"", ""SP"", ""ST"", ""VW"", ""SE"", ""SS"", ""SY"", ""WC"", ""LB"", ""CO"", ""BL""]",18,"[""Balcony"", ""Built in Wardrobes"", ""Central A/C"", ""Kitchen Appliances"", ""Covered Parking"", ""Maids Room"", ""Private Garden"", ""Private Pool"", ""Shared Pool"", ""Study"", ""View of Water"", ""Security"", ""Shared Spa"", ""Shared Gym"", ""Walk-in Closet"", ""Lobby in Building"", ""Children's Pool"", ""View of Landmark""]",2,3,buy,EGP,"Twin House for Sale with Greenery View in a fully serviced compound located in the heart of New Sheikh Zayed.
Just 1 minute from the Alexandria Desert Road and only minutes from Dahshour Link.

Twin House Area: 240 sqm

Ground Floor Includes:
Private garden
Maid’s room + bathroom
Reception area
Garage spot

First Floor Includes:
3 bedrooms (1 master)
1 bathrooms

Payment Plan:
Down payment: 5,397,875 EGP
Remaining amount in installments over 10 years

Solana Compound Location:
In the heart of New Sheikh Zayed
Minutes from Arkan Plaza
Minutes from Hyper One
Minutes from the 26th of July Corridor

Project Features:
Fully serviced compound
Security & guarding
Green areas

About Orascom:
Orascom is a leading developer known for major residential and touristic projects across Egypt.",/en/plp/buy/villa-for-sale-giza-sheikh-zayed-city-new-zayed-city-solana-2PTJn0dRtNw.html,True,52196431,"[""https://static.shared.propertyfinder.eg/media/images/listing/QFVEV5HQ1DYAJEPFTAV7Y2BSQC/27fba941-c418-485d-9638-8571e360913b/668x452.jpg""]",6,False,False,False,False,30.05357551574707,2026-02-16T16:00:10Z,QFVEV5HQ1DYAJEPFTAV7Y2BSQC,4,"Solana, New Zayed City, Sheikh Zayed City, Giza",41426,"Giza, Sheikh Zayed City, New Zayed City",sheikh-zayed-city-new-zayed-city-solana,SUBDISTRICT,30.865461349487305,5397875,179929.16666666666,Villa,property,2026-02-16T16:00:10Z,https://www.propertyfinder.eg/en/plp/buy/villa-for-sale-giza-sheikh-zayed-city-new-zayed-city-solana-2PTJn0dRtNw.html,30,30,EG,propertyfinder,Finished Twin House For Sale In New Zayed 240 SQM
"[""BW"", ""CP"", ""ST"", ""SE"", ""SS"", ""SY"", ""WC"", ""BL"", ""LB""]",9,"[""Built in Wardrobes"", ""Covered Parking"", ""Study"", ""Security"", ""Shared Spa"", ""Shared Gym"", ""Walk-in Closet"", ""View of Landmark"", ""Lobby in Building""]",2,3,buy,EGP,"Unit Type: Villa
Area: 120 m
-------
Total Price: 13,600,000
10% Down Payment: 1,360,000
Repayment Period of Up to 12 Years
-------
Details About The Wonder Mark:
----
The Mark Real Estate Company is keen to pay attention to the smallest details. The company's projects are shining landmarks in the history of real estate development. The company strives to provide luxurious living in its finest form. Therefore, services are given special attention at The Mark projects. The Wonder Mark Compound offers the following services:

The Mark Company has provided a state-of-the-art gym and sports fields within the compound for sports enthusiasts.
The Wonder Mark Compound is also equipped with a health club and a state-of-the-art gym to serve residents.
You will also find swimming pools of various shapes and sizes within The Wonder Mark Compound for a fun time with your family.
To provide healthcare services, a pharmacy is available 24 hours a day.
The Mark Company also built a large Islamic-style mosque for prayer.
To make The Wonder Mark a part of your happy occasions, an area has been designated for various celebrations, including weddings and birthdays, as well as barbecues.
One of The Wonder MarQ Mostakbal City's most important services is a large commercial area featuring the most famous international brands.
You'll also find a hypermarket within the compound to buy all your family's needs without having to leave the compound, with home delivery available.

For more information:[REDACTED_PHONE]",/en/plp/buy/villa-for-sale-cairo-new-cairo-city-the-5th-settlement-mostakbal-city-compounds-the-wonder-marq-2PTCzj0Army.html,True,52193109,"[""https://static.shared.propertyfinder.eg/media/images/listing/PTSWZ88ENWRH7SGJNF5DT14FNW/b93fc4bd-62f0-48b8-914d-5c8718fc9bd8/668x452.jpg""]",10,False,False,False,False,30.048582077026367,2026-02-16T14:25:10Z,PTSWZ88ENWRH7SGJNF5DT14FNW,4,"The Wonder Marq, Mostakbal City Compounds, Mostakbal City - Future City, Cairo",41330,"Cairo, Mostakbal City - Future City, Mostakbal City Compounds",new-cairo-city-the-5th-settlement-mostakbal-city-compounds-the-wonder-marq,SUBDISTRICT,31.640851974487305,13600000,113333.33333333333,Villa,property,2026-02-16T14:25:10Z,https://www.propertyfinder.eg/en/plp/buy/villa-for-sale-cairo-new-cairo-city-the-5th-settlement-mostakbal-city-compounds-the-wonder-marq-2PTCzj0Army.html,120,120,EG,propertyfinder,120m² Villa Available in The Wonder Marq with 12-Y
"[""BA"", ""BW"", ""MR"", ""PG"", ""CP"", ""AC"", ""BK"", ""PP"", ""SP"", ""ST"", ""VW"", ""SS"", ""SY"", ""BL"", ""SE"", ""WC"", ""LB"", ""CO""]",18,"[""Balcony"", ""Built in Wardrobes"", ""Maids Room"", ""Private Garden"", ""Covered Parking"", ""Central A/C"", ""Kitchen Appliances"", ""Private Pool"", ""Shared Pool"", ""Study"", ""View of Water"", ""Shared Spa"", ""Shared Gym"", ""View of Landmark"", ""Security"", ""Walk-in Closet"", ""Lobby in Building"", ""Children's Pool""]",2,3,buy,EGP,"Villa ready to deliver for sale in CFC Al Futtaim - Cairo Festival City 

Area:
- Built up area: 282 Sqm
- Land 390 Sqm

Layout:
-3 Bedrooms
-3 bathrooms
                                                                                                                                                                                                                                                                                                                   
Project:
- Located in New Cairo                                                                                                                                                                 
- Project details: includes 24/7 security, parking, and shared amenities.",/en/plp/buy/villa-for-sale-cairo-new-cairo-city-north-investors-area-cairo-festival-city-2PT0pEvyeFE.html,True,52187604,"[""https://static.shared.propertyfinder.eg/media/images/listing/ACNPYAWECK3E5YNSEBTN8P4A9R/0c620e5f-4d4b-4c80-9048-ecb0a03c5042/668x452.jpg""]",10,False,False,False,False,30.028350830078125,2026-02-16T11:34:58Z,ACNPYAWECK3E5YNSEBTN8P4A9R,4,"Cairo Festival City, North Investors Area, New Cairo City, Cairo",2572,"Cairo, New Cairo City, North Investors Area",new-cairo-city-north-investors-area-cairo-festival-city,COMPOUND,31.408384323120117,27200000,96453.90070921986,Villa,property,2026-02-16T11:34:58Z,https://www.propertyfinder.eg/en/plp/buy/villa-for-sale-cairo-new-cairo-city-north-investors-area-cairo-festival-city-2PT0pEvyeFE.html,282,282,EG,propertyfinder,Villa ready to deliver for sale in CFC Al Futtaim
"[""BA"", ""CO"", ""LB"", ""BL"", ""WC"", ""SY"", ""SS"", ""SE"", ""VW"", ""ST"", ""SP""]",11,"[""Balcony"", ""Children's Pool"", ""Lobby in Building"", ""View of Landmark"", ""Walk-in Closet"", ""Shared Gym"", ""Shared Spa"", ""Security"", ""View of Water"", ""Study"", ""Shared Pool""]",2,3,buy,EGP,"Twin House for Sale in Garden Lakes – October

Experience luxury and privacy in Garden Lakes Compound, one of October’s most elegant projects combining modern design with vast green landscapes.

Unit Details:
Built-up area: 242 sqm
Garden area: 105 sqm
3 Bedrooms
3 Bathrooms

Elegant layout designed for comfort and functionality

Location:
Garden Lakes – October enjoys a prime location near Mall of Arabia and Juhayna Square, just minutes away from Wahat Road and the central axis, offering easy access to all major destinations and essential services.

Compound Facilities:
Wide green spaces and artificial lakes
Clubhouse and recreational areas
Swimming pools
2",/en/plp/buy/villa-for-sale-giza-6-october-city-6-october-compounds-garden-lakes-8721802.html,True,8721802,"[""https://static.shared.propertyfinder.eg/media/images/listing/28DYYWADRH3DYXZDPH8SC2ZZT0/c69d24a5-18bf-4ec1-b48b-57a3cb11021e/668x452.jpg""]",12,False,False,False,False,29.987985610961914,2026-02-15T20:49:03Z,28DYYWADRH3DYXZDPH8SC2ZZT0,4,"Garden Lakes, 6 October Compounds, 6 October City, Giza",41397,"Giza, 6 October City, 6 October Compounds",6-october-city-6-october-compounds-garden-lakes,SUBDISTRICT,31.03008460998535,4500000,225000.0,Villa,property,2026-02-15T20:49:03Z,https://www.propertyfinder.eg/en/plp/buy/villa-for-sale-giza-6-october-city-6-october-compounds-garden-lakes-8721802.html,20,20,EG,propertyfinder,"Villa for sale in 6th of October, installments"
"[""BA"", ""CO"", ""LB"", ""BL"", ""WC"", ""SY"", ""SS"", ""SE"", ""VW"", ""ST"", ""SP""]",11,"[""Balcony"", ""Children's Pool"", ""Lobby in Building"", ""View of Landmark"", ""Walk-in Closet"", ""Shared Gym"", ""Shared Spa"", ""Security"", ""View of Water"", ""Study"", ""Shared Pool""]",2,3,buy,EGP,"Standalone Villa 315 sqm for Sale in El Patio Zahraa – El Sheikh Zayed

Live in luxury and serenity at the heart of El Sheikh Zayed in El Patio Zahraa Compound. This elegant standalone villa offers spacious layouts, a prime location, and top-notch amenities.

Unit Details:
	•	Unit Type: Standalone Villa
	•	Built-up Area: 315 sqm
	•	4 Bedrooms
	•	4 Bathrooms
	•	Maid’s Room with Bathroom
	•	Kitchen
	•	Spacious Reception Area
	•	Roof + Private Garden
	•	Fully Finished / Semi-Finished (upon request)

El Patio Zahraa Compound Features:
	•	Prime location behind Al Ahly Club & next to Hyper One
	•	Minutes from 26th of July Corridor & Arkan Plaza
	•	Green landscapes and open spaces
	•	24/7 Security
	•	Swimming pools – So",/en/plp/buy/villa-for-sale-giza-sheikh-zayed-city-sheikh-zayed-compounds-royal-meadows-8721745.html,True,8721745,"[""https://static.shared.propertyfinder.eg/media/images/listing/H4WX7E5NC2FKQYBDDFDT39MPZC/cba49473-e6ac-45d7-8de0-d004af73c933/668x452.jpg""]",9,False,False,False,False,30.040565490722656,2026-02-15T20:24:43Z,H4WX7E5NC2FKQYBDDFDT39MPZC,4,"Royal Meadows, Sheikh Zayed Compounds, Sheikh Zayed City, Giza",28898,"Giza, Sheikh Zayed City, Sheikh Zayed Compounds",sheikh-zayed-city-sheikh-zayed-compounds-royal-meadows,COMPOUND,30.990543365478516,7500000,375000.0,Villa,property,2026-02-15T20:24:43Z,https://www.propertyfinder.eg/en/plp/buy/villa-for-sale-giza-sheikh-zayed-city-sheikh-zayed-compounds-royal-meadows-8721745.html,20,20,EG,propertyfinder,"For sale in 6th of October, 315 sq m, installments"
"[""BA"", ""CO"", ""LB"", ""BL"", ""WC"", ""SY"", ""SS"", ""SE"", ""VW"", ""ST"", ""SP""]",11,"[""Balcony"", ""Children's Pool"", ""Lobby in Building"", ""View of Landmark"", ""Walk-in Closet"", ""Shared Gym"", ""Shared Spa"", ""Security"", ""View of Water"", ""Study"", ""Shared Pool""]",2,3,buy,EGP,"Standalone Villa 315 sqm for Sale in El Patio Zahraa – El Sheikh Zayed

Live in luxury and serenity at the heart of El Sheikh Zayed in El Patio Zahraa Compound. This elegant standalone villa offers spacious layouts, a prime location, and top-notch amenities.

Unit Details:
	•	Unit Type: Standalone Villa
	•	Built-up Area: 315 sqm
	•	4 Bedrooms
	•	4 Bathrooms
	•	Maid’s Room with Bathroom
	•	Kitchen
	•	Spacious Reception Area
	•	Roof + Private Garden
	•	Fully Finished / Semi-Finished (upon request)

El Patio Zahraa Compound Features:
	•	Prime location behind Al Ahly Club & next to Hyper One
	•	Minutes from 26th of July Corridor & Arkan Plaza
	•	Green landscapes and open spaces
	•	24/7 Security
	•	Swimming pools – So",/en/plp/buy/villa-for-sale-giza-sheikh-zayed-city-sheikh-zayed-compounds-patio-al-zahraa-8721740.html,True,8721740,"[""https://static.shared.propertyfinder.eg/media/images/listing/9AK6Y4FCRJFFN7HP34CX7XH22C/b28b1762-05e2-4ac8-8a1c-66e89ac3c6ef/668x452.jpg""]",9,False,False,False,False,30.040565490722656,2026-02-15T20:23:18Z,9AK6Y4FCRJFFN7HP34CX7XH22C,4,"Patio Al Zahraa, Sheikh Zayed Compounds, Sheikh Zayed City, Giza",28895,"Giza, Sheikh Zayed City, Sheikh Zayed Compounds",sheikh-zayed-city-sheikh-zayed-compounds-patio-al-zahraa,COMPOUND,30.990543365478516,7500000,375000.0,Villa,property,2026-02-15T20:23:18Z,https://www.propertyfinder.eg/en/plp/buy/villa-for-sale-giza-sheikh-zayed-city-sheikh-zayed-compounds-patio-al-zahraa-8721740.html,20,20,EG,propertyfinder,"For sale in 6th of October, 315 sq m, installments"
"[""BA"", ""CO"", ""LB"", ""BL"", ""WC"", ""SY"", ""SS"", ""SE"", ""VW"", ""ST"", ""SP"", ""PG""]",12,"[""Balcony"", ""Children's Pool"", ""Lobby in Building"", ""View of Landmark"", ""Walk-in Closet"", ""Shared Gym"", ""Shared Spa"", ""Security"", ""View of Water"", ""Study"", ""Shared Pool"", ""Private Garden""]",2,3,buy,EGP,"Own a Luxury Villa in the Heart of Sheikh Zayed – Alma Compound

Your chance to live in one of the most prestigious villas in Sheikh Zayed, located in Alma Compound by Ewan Developments, in a strategic location just minutes away from Hyper One and Arkan Plaza.

Installments available
Special discount for cash payment

Villa Details:

Area: 320 sqm

Elegant design with full privacy

4 Bedrooms

4 Bathrooms

Private garden",/en/plp/buy/villa-for-sale-giza-sheikh-zayed-city-4th-district-zayed-2000-8721736.html,True,8721736,"[""https://static.shared.propertyfinder.eg/media/images/listing/HPRVEJ9GE9RH5N0516WX8ETCFC/1665135f-8304-410a-a96d-83ebd11a40a8/668x452.jpg""]",13,False,False,False,False,30.021421432495117,2026-02-15T20:21:49Z,HPRVEJ9GE9RH5N0516WX8ETCFC,4,"Zayed 2000, 4th District, Sheikh Zayed City, Giza",28768,"Giza, Sheikh Zayed City, 4th District",sheikh-zayed-city-4th-district-zayed-2000,COMPOUND,30.997661590576172,5700000,285000.0,Villa,property,2026-02-15T20:21:49Z,https://www.propertyfinder.eg/en/plp/buy/villa-for-sale-giza-sheikh-zayed-city-4th-district-zayed-2000-8721736.html,20,20,EG,propertyfinder,Ready to Move Villa in a Prime Location in zayed
"[""BA"", ""CO"", ""LB"", ""BL"", ""WC"", ""SY"", ""SS"", ""SE"", ""VW"", ""ST"", ""SP"", ""PG""]",12,"[""Balcony"", ""Children's Pool"", ""Lobby in Building"", ""View of Landmark"", ""Walk-in Closet"", ""Shared Gym"", ""Shared Spa"", ""Security"", ""View of Water"", ""Study"", ""Shared Pool"", ""Private Garden""]",2,3,buy,EGP,"Own a Luxury Villa in the Heart of Sheikh Zayed – Alma Compound

Your chance to live in one of the most prestigious villas in Sheikh Zayed, located in Alma Compound by Ewan Developments, in a strategic location just minutes away from Hyper One and Arkan Plaza.

Installments available
Special discount for cash payment

Villa Details:

Area: 320 sqm

Elegant design with full privacy

4 Bedrooms

4 Bathrooms

Private garden",/en/plp/buy/villa-for-sale-giza-sheikh-zayed-city-2nd-district-alma-8721730.html,True,8721730,"[""https://static.shared.propertyfinder.eg/media/images/listing/D3W2TSWEDQE0J74RF877M5SHVC/ead1af1e-28cf-4ad0-a013-b31c683acbc6/668x452.jpg""]",13,False,False,False,False,30.029277801513672,2026-02-15T20:19:57Z,D3W2TSWEDQE0J74RF877M5SHVC,4,"Alma, 2nd District, Sheikh Zayed City, Giza",28737,"Giza, Sheikh Zayed City, 2nd District",sheikh-zayed-city-2nd-district-alma,COMPOUND,31.009986877441406,5700000,285000.0,Villa,property,2026-02-15T20:19:57Z,https://www.propertyfinder.eg/en/plp/buy/villa-for-sale-giza-sheikh-zayed-city-2nd-district-alma-8721730.html,20,20,EG,propertyfinder,Ready to Move Villa in a Prime Location in zayed
"[""BA"", ""CO"", ""LB"", ""BL"", ""WC"", ""SY"", ""SS"", ""SE"", ""VW"", ""ST"", ""SP""]",11,"[""Balcony"", ""Children's Pool"", ""Lobby in Building"", ""View of Landmark"", ""Walk-in Closet"", ""Shared Gym"", ""Shared Spa"", ""Security"", ""View of Water"", ""Study"", ""Shared Pool""]",2,3,buy,EGP,"Corner Townhouse in Tawny Compound – Hyde Park, 6th of October
Enjoy an upscale lifestyle in the heart of 6th of October City

Remaining installments available

Unit Details:

Land area: 300 sqm

Built-up area: 260 sqm

Interior layout: 4 spacious bedrooms + 4 bathrooms

Corner townhouse featuring a prime location that offers greater privacy and open views

Compound Services & Amenities:

Vast green spaces and landscaped areas

Artificial lakes and stunning natural scenery

Fully integrated sports and social club

Dedicated kids’ recreational areas

High-end gym and spa

Multiple swimming pools

Commercial mall featuring top international brands

24/7 security and gated community

Location:

Taw",/en/plp/buy/villa-for-sale-giza-cairo-alexandria-desert-road-tawny-8721726.html,True,8721726,"[""https://static.shared.propertyfinder.eg/media/images/listing/5ZFJSVM0BNNTW1EJ6S1MWF9A48/aa68996b-2a69-4ab1-9136-02642b0fe85c/668x452.jpg""]",10,False,False,False,False,30.003795623779297,2026-02-15T20:18:02Z,5ZFJSVM0BNNTW1EJ6S1MWF9A48,3,"Tawny, Cairo Alexandria Desert Road, Giza",41090,"Giza, Cairo Alexandria Desert Road",cairo-alexandria-desert-road-tawny,DISTRICT,31.151260375976562,5500000,275000.0,Villa,property,2026-02-15T20:18:02Z,https://www.propertyfinder.eg/en/plp/buy/villa-for-sale-giza-cairo-alexandria-desert-road-tawny-8721726.html,20,20,EG,propertyfinder,Ready-to-Move Villa  in 6th of October City – 260
"[""BA"", ""CO"", ""LB"", ""BL"", ""WC"", ""SY"", ""SS"", ""SE"", ""VW"", ""ST"", ""SP""]",11,"[""Balcony"", ""Children's Pool"", ""Lobby in Building"", ""View of Landmark"", ""Walk-in Closet"", ""Shared Gym"", ""Shared Spa"", ""Security"", ""View of Water"", ""Study"", ""Shared Pool""]",2,3,buy,EGP,"Corner Townhouse in Tawny Compound – Hyde Park, 6th of October
Enjoy an upscale lifestyle in the heart of 6th of October City

Remaining installments available

Unit Details:

Land area: 300 sqm

Built-up area: 260 sqm

Interior layout: 4 spacious bedrooms + 4 bathrooms

Corner townhouse featuring a prime location that offers greater privacy and open views

Compound Services & Amenities:

Vast green spaces and landscaped areas

Artificial lakes and stunning natural scenery

Fully integrated sports and social club

Dedicated kids’ recreational areas

High-end gym and spa

Multiple swimming pools

Commercial mall featuring top international brands

24/7 security and gated community

Location:

Taw",/en/plp/buy/villa-for-sale-giza-6-october-city-6-october-compounds-tawny-hyde-park-8721721.html,True,8721721,"[""https://static.shared.propertyfinder.eg/media/images/listing/826D44ANT4W1VJR24J8PNAF3RG/2850dcf4-3833-422a-a79d-42044fdcd972/668x452.jpg""]",10,False,False,False,False,29.957908630371094,2026-02-15T20:16:16Z,826D44ANT4W1VJR24J8PNAF3RG,4,"Tawny Hyde Park, 6 October Compounds, 6 October City, Giza",41366,"Giza, 6 October City, 6 October Compounds",6-october-city-6-october-compounds-tawny-hyde-park,SUBDISTRICT,30.91575813293457,5500000,275000.0,Villa,property,2026-02-15T20:16:16Z,https://www.propertyfinder.eg/en/plp/buy/villa-for-sale-giza-6-october-city-6-october-compounds-tawny-hyde-park-8721721.html,20,20,EG,propertyfinder,Ready-to-Move Villa  in 6th of October City – 260
"[""AC"", ""BK"", ""PP"", ""CP"", ""MR"", ""PG"", ""BW"", ""BA"", ""SP"", ""ST"", ""VW"", ""SE"", ""SS"", ""SY"", ""BL"", ""WC"", ""LB"", ""CO""]",18,"[""Central A/C"", ""Kitchen Appliances"", ""Private Pool"", ""Covered Parking"", ""Maids Room"", ""Private Garden"", ""Built in Wardrobes"", ""Balcony"", ""Shared Pool"", ""Study"", ""View of Water"", ""Security"", ""Shared Spa"", ""Shared Gym"", ""View of Landmark"", ""Walk-in Closet"", ""Lobby in Building"", ""Children's Pool""]",2,3,buy,EGP,"For sale installment villa in Madinaty, Model F3, located in the third phase of the Four Seasons area, in a prime location with a wide garden view, unfinished interior, facing east-west for excellent natural lighting.

Villa Details:

Land area: 187 sqm

Built-up area: 211 sqm

Ground Floor: Reception – Guest Bathroom – Kitchen
First Floor: 3 Bedrooms including Master – 2 Bathrooms – 2 Terraces
Roof: Service room with private bathroom

Payment Details:

Total contract: 15,860,000 EGP (old 12-year installment)

Paid: 3,500,000 EGP

Over price: 5,750,000 EGP

Down payment: 9,250,000 EGP

Installments until 2035

Unit code: 4954
For inquiries:[REDACTED_PHONE]",/en/plp/buy/villa-for-sale-cairo-madinaty-privado-8720859.html,True,8720859,"[""https://static.shared.propertyfinder.eg/media/images/listing/SK7SB4MNC2C8026A0MKENXK11W/56eef185-f120-4d7f-9b18-a6f301ebda9e/668x452.jpg""]",8,False,False,False,False,30.091936111450195,2026-02-15T16:52:40Z,SK7SB4MNC2C8026A0MKENXK11W,3,"Privado, Madinaty, Cairo",42270,"Cairo, Madinaty",madinaty-privado,DISTRICT,31.66517448425293,15860000,84812.83422459893,Villa,property,2026-02-15T16:52:40Z,https://www.propertyfinder.eg/en/plp/buy/villa-for-sale-cairo-madinaty-privado-8720859.html,187,187,EG,propertyfinder,Villa For Sale Madinaty Model F3 Garden View
"[""BA"", ""AC"", ""CP"", ""MR"", ""SP"", ""BW"", ""BK"", ""PG"", ""PP"", ""ST"", ""VW"", ""SY"", ""BL"", ""CO"", ""LB"", ""SE"", ""SS"", ""WC""]",18,"[""Balcony"", ""Central A/C"", ""Covered Parking"", ""Maids Room"", ""Shared Pool"", ""Built in Wardrobes"", ""Kitchen Appliances"", ""Private Garden"", ""Private Pool"", ""Study"", ""View of Water"", ""Shared Gym"", ""View of Landmark"", ""Children's Pool"", ""Lobby in Building"", ""Security"", ""Shared Spa"", ""Walk-in Closet""]",2,3,buy,EGP,"SOMA BAY
OLYAN GROUP DEVELOPMENT
------------------------------------------------------
Unit Details:
3 Bedrooms
2 Bathrooms
Garden
Pool
Security
Sea View
Prime Location
Spa
Gym
Panoramic View
View of a Landmark
Balcony
Nanny's Room
--------------------------------------------------------------------
For More Details Contact Me:[REDACTED_PHONE]
--------------------------------------------------------------------
Mesca Beach is Somabay exclusive beachfront enclave, directly opening onto its tranquil azure bay and captivating mountain space. Exquisite touches of luxury create the perfect ambience of a private single‑floor stand‑alone villa, with three en‑suite bedrooms, lavish living and dining areas, and a private swimming pool surrounded by an elaborate terrace for relaxing and entertaining.
Step from your luxury villa straight onto the sunny deck of your private pool and either dive in for a morning swim or cool off from the afternoon sun at your own private garden. Boasting large glass window facades and sharp contemporary lines, Mesca stand‑alone villa is carefully designed to invite ample light as well as the outdoors in, so you can forge an unobscured connection with nature from the comfort of your own home. Combining raw stone punctuation.",/en/plp/buy/villa-for-sale-red-sea-hurghada-safaga-soma-bay-reef-town-2PRhJgNcOgq.html,True,51938571,"[""https://static.shared.propertyfinder.eg/media/images/listing/8YB7FH3GNW7PHQ7GP59QND5Z9W/bcc09061-f54e-425f-83ca-653b0eceffa5/668x452.jpg""]",16,False,False,False,False,26.857315063476562,2026-02-15T16:34:14Z,8YB7FH3GNW7PHQ7GP59QND5Z9W,5,"Reef Town, Soma Bay, Safaga, Hurghada, Red Sea",41185,"Red Sea, Hurghada, Safaga, Soma Bay",hurghada-safaga-soma-bay-reef-town,STREET,33.99967956542969,21000000,111702.12765957447,Villa,property,2026-02-15T16:34:14Z,https://www.propertyfinder.eg/en/plp/buy/villa-for-sale-red-sea-hurghada-safaga-soma-bay-reef-town-2PRhJgNcOgq.html,188,188,EG,propertyfinder,WITH 5% DP!! SEA VIEW INISHED STANDALONE CHALET.
"[""BA"", ""BW"", ""MR"", ""SP"", ""PP"", ""PG"", ""SE"", ""BL"", ""CO""]",9,"[""Balcony"", ""Built in Wardrobes"", ""Maids Room"", ""Shared Pool"", ""Private Pool"", ""Private Garden"", ""Security"", ""View of Landmark"", ""Children's Pool""]",2,3,buy,EGP,"Standalone Villa for Sale – Belle Vie | Emaar

A premium standalone villa in Belle Vie by Emaar, offering elegant design and high-quality finishing within a prestigious community.

Property Details:

Built-Up Area: 302 sqm

Land Area: 323 sqm

Bedrooms: 3

Bathrooms: 2

Finishing: Fully finished

Maintenance & Club Membership: Included

Delivery Date: 2026

An excellent opportunity to own a refined standalone villa in one of Emaar’s most sought-after developments, combining privacy, comfort, and upscale living.",/en/plp/buy/villa-for-sale-giza-sheikh-zayed-city-new-zayed-city-belle-vie-8720332.html,True,8720332,"[""https://static.shared.propertyfinder.eg/media/images/listing/NQF7CBEY82KBPXREGGM0WBRP24/d8ba0044-e36f-4e6d-b279-94fe21569bbd/668x452.jpg""]",10,False,False,False,False,30.062620162963867,2026-02-15T16:21:18Z,NQF7CBEY82KBPXREGGM0WBRP24,4,"Belle Vie, New Zayed City, Sheikh Zayed City, Giza",41200,"Giza, Sheikh Zayed City, New Zayed City",sheikh-zayed-city-new-zayed-city-belle-vie,SUBDISTRICT,30.891742706298828,35000000,115894.03973509934,Villa,property,2026-02-15T16:21:18Z,https://www.propertyfinder.eg/en/plp/buy/villa-for-sale-giza-sheikh-zayed-city-new-zayed-city-belle-vie-8720332.html,302,302,EG,propertyfinder,Standalone Villa for Sale – Belle Vie | Emaar
"[""BA"", ""PG"", ""MR""]",3,"[""Balcony"", ""Private Garden"", ""Maids Room""]",2,3,buy,EGP,"Finished Family house with open view-Phase 7

Family House with Big Garden in Bamboo Palm for Sale - Palm Hills, 6th October 
Fully Finished
Ready to move

BUA: 200 sqm 
Garden: 350 sqm 

3 Bedrooms
2 Bathrooms
Big Reception  - Kitchen 


Asking Price for Sale : 22,000,000 EGP 
Estimated Fair Market Value / REMAX : 
26,800,000 EGP 

For more options :
 [REDACTED_EMAIL]
 [REDACTED_PHONE]",/en/plp/buy/villa-for-sale-giza-6-october-city-al-wahat-road-palm-hills-golf-extension-8719046.html,True,8719046,"[""https://static.shared.propertyfinder.eg/media/images/listing/S1Z3BZ5HW5NAYSQWAESBG2JGP0/1fe4fceb-6095-4a32-98c1-122230d04e31/668x452.jpg""]",6,False,False,False,False,29.957908630371094,2026-02-15T14:30:44Z,S1Z3BZ5HW5NAYSQWAESBG2JGP0,4,"Palm Hills Golf Extension, Al Wahat Road, 6 October City, Giza",21055,"Giza, 6 October City, Al Wahat Road",6-october-city-al-wahat-road-palm-hills-golf-extension,COMPOUND,30.91575813293457,22000000,110000.0,Villa,property,2026-02-15T14:30:44Z,https://www.propertyfinder.eg/en/plp/buy/villa-for-sale-giza-6-october-city-al-wahat-road-palm-hills-golf-extension-8719046.html,200,200,EG,propertyfinder,Finished Family house with open view-Phase 7
"[""BA"", ""SE"", ""SS"", ""BL"", ""LB""]",5,"[""Balcony"", ""Security"", ""Shared Spa"", ""View of Landmark"", ""Lobby in Building""]",2,3,buy,EGP,"S-Villa for Sale in Elm Tree Park, Sarai
212m S-Villa | Prime Location | 12-Year Installments

Unit Specifications:
Area: 212 sqm

Layout: 3 Bedrooms + 3 Bathrooms + Kitchen + Spacious Reception + Terrace

View: Premium Prime View

Project: Elm Tree Park - Sarai, New Cairo

Financial Details:
Total Price: 19,200,000 EGP

Payment Plan: Down payment + Flexible installments up to 12 years.

Strategic Location:
Elm Tree Park by Madinet Masr is strategically located within Sarai on Suez Road, ensuring seamless connectivity to East Cairo’s key landmarks:

5 mins from the New Administrative Capital.

10 mins from AUC (American University in Cairo).

Quick access to Heliopolis, Nasr City, and Madinaty.

Proximity to Major Roads:

Suez Road: 13 minutes.

Ring Road: 15 minutes.

Middle Ring Road: 25 minutes.

Nearby Luxury Communities:
Surrounded by prestigious projects like Al Burouj, Mivida, and Mountain View iCity.

Contact Us Now:
 Phone/WhatsApp:[REDACTED_PHONE]",/en/plp/buy/villa-for-sale-cairo-mostakbal-city---future-city-mostakbal-city-compounds-sarai-elm-tree-park-8719020.html,True,8719020,"[""https://static.shared.propertyfinder.eg/media/images/listing/7H60TBB6MDVAYP6T64K7KSDJGW/411fafbb-36a3-43f3-801a-1fd73d6b2a58/668x452.jpg""]",10,False,False,False,False,30.104904174804688,2026-02-15T14:29:35Z,7H60TBB6MDVAYP6T64K7KSDJGW,5,"Elm Tree Park, Sarai, Mostakbal City Compounds, Mostakbal City - Future City, Cairo",42378,"Cairo, Mostakbal City - Future City, Mostakbal City Compounds, Sarai",mostakbal-city---future-city-mostakbal-city-compounds-sarai-elm-tree-park,STREET,31.692211151123047,19200000,90566.03773584905,Villa,property,2026-02-15T14:29:35Z,https://www.propertyfinder.eg/en/plp/buy/villa-for-sale-cairo-mostakbal-city---future-city-mostakbal-city-compounds-sarai-elm-tree-park-8719020.html,212,212,EG,propertyfinder,"212m Villa, Prime View, 12y Installments."
"[""BA"", ""AC"", ""CP"", ""BK"", ""PG"", ""SP"", ""CO"", ""LB"", ""BL"", ""SY"", ""SE"", ""VW""]",12,"[""Balcony"", ""Central A/C"", ""Covered Parking"", ""Kitchen Appliances"", ""Private Garden"", ""Shared Pool"", ""Children's Pool"", ""Lobby in Building"", ""View of Landmark"", ""Shared Gym"", ""Security"", ""View of Water""]",2,3,buy,EGP,"Villa for Sale in Mountain View 1 – Ain Sokhna

Land Area: 300 sqm

Built-up Area: 140 sqm + Roof 70 sqm

Layout: 3 Bedrooms – 2 Bathrooms – Double Reception – American Kitchen – Garden

Fully furnished with appliances and air conditioners

Sea view from the roof

Immediate delivery

Price: EGP 12,000,000 Cash

Project Highlights:
Ain Sokhna is one of the most attractive Red Sea destinations, offering fresh air all year round and close proximity to Cairo and Suez.
Mountain View Sokhna Resort is designed to international standards, with most of the space dedicated to services, green areas, and recreational facilities, making it a fully integrated resort.",/en/plp/buy/villa-for-sale-suez-al-ain-al-sokhna-mountain-view-mountain-view-sokhna-8718365.html,True,8718365,"[""https://static.shared.propertyfinder.eg/media/images/listing/J7JF5HTQM7BBP0RW4276JV8X30/2b57d343-a3f7-4d75-8d2b-ddb65c580a6c/668x452.jpg""]",13,False,False,False,False,29.18378448486328,2026-02-15T13:53:07Z,J7JF5HTQM7BBP0RW4276JV8X30,4,"Mountain view Sokhna, Mountain view, Al Ain Al Sokhna, Suez",40437,"Suez, Al Ain Al Sokhna, Mountain view",al-ain-al-sokhna-mountain-view-mountain-view-sokhna,COMPOUND,32.633941650390625,12000000,85106.3829787234,Villa,property,2026-02-15T13:53:07Z,https://www.propertyfinder.eg/en/plp/buy/villa-for-sale-suez-al-ain-al-sokhna-mountain-view-mountain-view-sokhna-8718365.html,141,141,EG,propertyfinder,Villa for Sale in Mountain View 1– Ain Sokhna
"[""BA"", ""SE"", ""SS""]",3,"[""Balcony"", ""Security"", ""Shared Spa""]",2,3,buy,EGP,"Ready to move to a townhouse on the lake in Alex West - For more details call your real estate consultant/Malik Mohamed now:[REDACTED_PHONE]
 Land area: 180 m
 Building area: 188 m
 3 bedrooms, 3 reception , 2 bathrooms
 Fully finished
Ready to move
 Open view of the lake 
 Total price: 13,000,000 EGP cash
 Project services: Alexwest Club - Radisson Blu Hotel - International School (Wellington) - Saudi German Hospital - Clubhouse - Private University - Certified Golf Course
 Code: ME005757
Villas for sale Alexwest Real_Estate Investment Remax_Professional remax",/en/plp/buy/villa-for-sale-alexandria-alexandria-compounds-alex-west-8717397.html,True,8717397,"[""https://static.shared.propertyfinder.eg/media/images/listing/TAKVQ15HTMYVN5581ZWSXEPW34/7104ec45-800b-489d-bee9-ad7c09f43143/668x452.jpg""]",18,False,False,False,False,31.04862403869629,2026-02-15T12:47:08Z,TAKVQ15HTMYVN5581ZWSXEPW34,3,"Alex West, Alexandria Compounds, Alexandria",41404,"Alexandria, Alexandria Compounds",alexandria-compounds-alex-west,DISTRICT,29.709577560424805,13000000,69148.93617021276,Villa,property,2026-02-15T12:47:08Z,https://www.propertyfinder.eg/en/plp/buy/villa-for-sale-alexandria-alexandria-compounds-alex-west-8717397.html,188,188,EG,propertyfinder,Fully finished Ready to move view of the lake
"[""BA"", ""BW"", ""CP"", ""SE"", ""WC"", ""BL""]",6,"[""Balcony"", ""Built in Wardrobes"", ""Covered Parking"", ""Security"", ""Walk-in Closet"", ""View of Landmark""]",2,3,buy,EGP,"The Estates Residences
Developer: Sodic

New Zayed

Fully finished Standalone 
Ground, First, Penthouse

BUA: 282m
Land: 406m

3 Master bedrooms + living + nanny’s room
4 Bathrooms


Down payment: 20,000,000 EGP

Remaining: 20,990,040 EGP

Next installment 18/3/2026

Total price: 40,000,000 EGP


About New Avenue:

New Avenue is a real estate consultancy based in Egypt, aiming at providing comprehensive services for your real estate needs. If you are willing to make an investment or are interested in buying a residential or a commercial property, we are there for you to ensure transforming your plans into reality.

Given our individual experiences in the top real estate companies in Egypt & abroad, we have reached the conclusion that trust is primary factor we should be offering you when it comes to buying, renting or submitting your property for sale or rent.

New Avenue is aiming to provide our customer with almost all the needs that you would need Residential or Commercial. New Avenue offers offices and Retails that are available in almost every district in Egypt like New Cairo, Heliopolis, Nasr City, 6th of October.",/en/plp/buy/villa-for-sale-giza-sheikh-zayed-city-sheikh-zayed-compounds-the-estates-8715017.html,True,8715017,"[""https://static.shared.propertyfinder.eg/media/images/listing/2QXKZ3RABHACQ5FY7NEMKX8FZG/c54297df-0d60-4f3b-8de5-7e0e4d218b3f/668x452.jpg""]",10,False,False,False,False,30.07990074157715,2026-02-15T09:54:15Z,2QXKZ3RABHACQ5FY7NEMKX8FZG,4,"The Estates, Sheikh Zayed Compounds, Sheikh Zayed City, Giza",40915,"Giza, Sheikh Zayed City, Sheikh Zayed Compounds",sheikh-zayed-city-sheikh-zayed-compounds-the-estates,SUBDISTRICT,30.877290725708008,40990040,145354.75177304965,Villa,property,2026-02-15T09:54:15Z,https://www.propertyfinder.eg/en/plp/buy/villa-for-sale-giza-sheikh-zayed-city-sheikh-zayed-compounds-the-estates-8715017.html,282,282,EG,propertyfinder,Fully finished Villa down payment and installments
"[""BA"", ""PG"", ""SE"", ""SY""]",4,"[""Balcony"", ""Private Garden"", ""Security"", ""Shared Gym""]",2,3,buy,EGP,"Receive your Quattro villa in Alex West within 6 months with payment facilities over 4 years - Your Real Estate Consultant / Youstina Gendy[REDACTED_PHONE]
 Area: 154 sq m
 3 Bedrooms, 2 Reception Rooms, 2 Bathrooms
 Open Landscape View
 Delivery within 6 months
 Fully Finished
 Total Price: EGP 11,800,000
 Down Payment: EGP 4,130,000, and the remainder in quarterly installments over 4 years
 Project Amenities: Alexwest Club - Radisson Blu Hotel - Wellington International School - Saudi German Hospital - Clubhouse - Private University - Certified Golf Course
 Code: PSC004P84
Villas for Sale in Alex_ West  Investment Real Estate Remax _Professional",/en/plp/buy/villa-for-sale-alexandria-alexandria-compounds-alex-west-8713285.html,True,8713285,"[""https://static.shared.propertyfinder.eg/media/images/listing/G02VATAVNC07WBEE200DJWJMEC/09a5dcdd-173e-4f0c-a030-f2836c665fbc/668x452.jpg""]",16,False,False,False,False,31.04862403869629,2026-02-14T15:29:21Z,G02VATAVNC07WBEE200DJWJMEC,3,"Alex West, Alexandria Compounds, Alexandria",41404,"Alexandria, Alexandria Compounds",alexandria-compounds-alex-west,DISTRICT,29.709577560424805,11800000,76623.37662337662,Villa,property,2026-02-14T15:29:21Z,https://www.propertyfinder.eg/en/plp/buy/villa-for-sale-alexandria-alexandria-compounds-alex-west-8713285.html,154,154,EG,propertyfinder,Delivery within 6 months open view
"[""BA"", ""CO"", ""LB"", ""BL"", ""WC"", ""SY"", ""SS"", ""SE"", ""VW"", ""ST"", ""SP""]",11,"[""Balcony"", ""Children's Pool"", ""Lobby in Building"", ""View of Landmark"", ""Walk-in Closet"", ""Shared Gym"", ""Shared Spa"", ""Security"", ""View of Water"", ""Study"", ""Shared Pool""]",2,3,buy,EGP,"Standalone Villa 314 sqm for Sale in El Karma Gates – El Sheikh Zayed

Own a luxurious standalone villa in one of the most prestigious compounds in El Sheikh Zayed – El Karma Gates. Enjoy modern design, spacious living, and a prime location close to all key destinations.

Unit Details:
	•	Unit Type: Standalone Villa
	•	Built-up Area: 314 sqm
	•	Land Area: Starting from 400 sqm (varies by layout)
	•	4 Bedrooms
	•	4 Bathrooms
	•	Maid’s Room with Bathroom
	•	Living Room
	•	Kitchen
	•	Private Garden
	•	Roof
	•	Super Lux Finishing / Semi-Finished (as per request)

El Karma Gates Compound Features:
	•	Prime location in the heart of El Sheikh Zayed
	•	Near Arkan Plaza, Hyper One & 26th of July Corridor
	•	Expansive green areas and landscaping
	•	24/7 security
	•	Clubhouse – Swimming Pools – Jogging Track
	•",/en/plp/buy/villa-for-sale-giza-sheikh-zayed-city-new-zayed-city-al-karma-gates-8712779.html,True,8712779,"[""https://static.shared.propertyfinder.eg/media/images/listing/XB7G9G3SJM9JF22Y36HE2SPHCW/cd2d914c-a02e-4ae4-91c6-26b72b8cba3c/668x452.jpg""]",10,False,False,False,False,30.068557739257812,2026-02-14T14:25:08Z,XB7G9G3SJM9JF22Y36HE2SPHCW,4,"Al Karma Gates, New Zayed City, Sheikh Zayed City, Giza",41164,"Giza, Sheikh Zayed City, New Zayed City",sheikh-zayed-city-new-zayed-city-al-karma-gates,SUBDISTRICT,30.922748565673828,5500000,275000.0,Villa,property,2026-02-14T14:25:08Z,https://www.propertyfinder.eg/en/plp/buy/villa-for-sale-giza-sheikh-zayed-city-new-zayed-city-al-karma-gates-8712779.html,20,20,EG,propertyfinder,"villa  for sale in Sheikh Zayed, 314 sq m, inst"
"[""BA"", ""CO"", ""LB"", ""BL"", ""WC"", ""SY"", ""SS"", ""SE"", ""VW"", ""ST"", ""SP""]",11,"[""Balcony"", ""Children's Pool"", ""Lobby in Building"", ""View of Landmark"", ""Walk-in Closet"", ""Shared Gym"", ""Shared Spa"", ""Security"", ""View of Water"", ""Study"", ""Shared Pool""]",2,3,buy,EGP,"Villa for Sale in BX Palm Hills – 239 sqm

A prime opportunity to own a villa in the heart of BX Palm Hills, 6th of October City. 


Unit Details
Total Area: 239 sqm
Layout: Well-designed spaces including spacious bedrooms with a master bedroom, and practically distributed bathrooms serving the whole family.

Large reception with open design providing an ideal space for living and entertaining.

Separate kitchen with a functional area.
Cozy living room ensuring comfort and privacy.
Private garden adding a natural touch to the home.

Compound Features and Amenities
Vast green areas and jogging/walking tracks.

Dedicated kids’ play areas.
Multiple swimming pools across the compound.
Fully equipped social and sports club.
24/7 security and surveillance systems.
Commercial and service areas to cater to residents’ daily needs.

Location
BX Palm Hills enjoys a prime location in 6th of October City, with easy access to major roads and highways such as the 26th of July Corridor and Al Wahat Road. This strategic positioning ensures quick connections to Sheikh Zayed and other vital areas. The compound is also close",/en/plp/buy/villa-for-sale-giza-6-october-city-6-october-compounds-px-palm-hills-8712746.html,True,8712746,"[""https://static.shared.propertyfinder.eg/media/images/listing/GWJFKD4DRSJJXZMTX3JG5X89SR/eff2851e-48a0-4530-8707-d3f7aada2910/668x452.jpg""]",8,False,False,False,False,29.99239730834961,2026-02-14T14:20:29Z,GWJFKD4DRSJJXZMTX3JG5X89SR,4,"PX Palm Hills, 6 October Compounds, 6 October City, Giza",41798,"Giza, 6 October City, 6 October Compounds",6-october-city-6-october-compounds-px-palm-hills,SUBDISTRICT,31.039688110351562,6500000,325000.0,Villa,property,2026-02-14T14:20:29Z,https://www.propertyfinder.eg/en/plp/buy/villa-for-sale-giza-6-october-city-6-october-compounds-px-palm-hills-8712746.html,20,20,EG,propertyfinder,Villa for Sale in BX Palm Hills – 239 sqm  A prime
"[""BA"", ""CO"", ""LB"", ""BL"", ""WC"", ""SY"", ""SS"", ""SE"", ""VW"", ""ST"", ""SP""]",11,"[""Balcony"", ""Children's Pool"", ""Lobby in Building"", ""View of Landmark"", ""Walk-in Closet"", ""Shared Gym"", ""Shared Spa"", ""Security"", ""View of Water"", ""Study"", ""Shared Pool""]",2,3,buy,EGP,"For Sale | Luxury Villa in Neom October Compound – 370 m²

A perfect opportunity to own a premium villa in one of the most prestigious compounds in 6th of October City, combining elegance, privacy, and a prime location close to all major landmarks and facilities.


There are installment plans available.

Unit Details
Type: Standalone Villa
Built-up Area: 370 sqm
Layout:
4 Bedrooms (including a Master Bedroom with private bathroom and dressing)
5 Bathrooms
Spacious Open Reception

Large Kitchen

Family Living Room

Maid’s Room with Private Bathroom

Private Garden

Private Garage
Finishing: High-end finishing with premium materials
Status: Ready for immediate delivery
Compound Facilities & Amenities
Vast green areas and beautifully designed landscapes

Multiple swimming pools
Fully equipped social and sports club
Dedicated kids’ play areas
Jogging and cycling track
Commercial mall with restaurants, cafés, and top-brand stores
24/7 security and surveillance
Elegant entrances and guest parking areas

Location
Neom October Compound enjoys a prime location in 6th of October City, near El Wahat Road, just minutes from Mall of Egypt, Mall of Arabia, MSA University, and leading international schools such as the British Sch",/en/plp/buy/villa-for-sale-giza-6-october-city-northern-expansions-nyoum-october-8709380.html,True,8709380,"[""https://static.shared.propertyfinder.eg/media/images/listing/N0CX8PCPTXSCTBYTZM6Q23AMQ0/8789d193-5afb-4b79-86ee-1f8a09f0c358/668x452.jpg""]",12,False,False,False,False,29.98247528076172,2026-02-13T18:26:33Z,N0CX8PCPTXSCTBYTZM6Q23AMQ0,4,"Nyoum October, Northern Expansions, 6 October City, Giza",41432,"Giza, 6 October City, Northern Expansions",6-october-city-northern-expansions-nyoum-october,SUBDISTRICT,30.881187438964844,5700000,285000.0,Villa,property,2026-02-13T18:26:33Z,https://www.propertyfinder.eg/en/plp/buy/villa-for-sale-giza-6-october-city-northern-expansions-nyoum-october-8709380.html,20,20,EG,propertyfinder,"Villa for sale in 6th of October, 350 sq m, instal"
"[""AC"", ""BA"", ""PG"", ""SE"", ""CP"", ""BW"", ""BK"", ""BL""]",8,"[""Central A/C"", ""Balcony"", ""Private Garden"", ""Security"", ""Covered Parking"", ""Built in Wardrobes"", ""Kitchen Appliances"", ""View of Landmark""]",2,3,buy,EGP,"Rehab 
                                           
Standalone for sale
Ground- First - Second - Roof

Fully finished super lux 
Concealed ac’s 

BUA: 415 sqm
Land Area: 439 sqm

3 bedrooms ( 2 master) 
4 bathrooms 

Nanny’s room + bathroom
Small room for guests + bathroom


Total Price: 38,500,000 EGP


About New Avenue:

New Avenue is a real estate consultancy based in Egypt, aiming at providing comprehensive services for your real estate needs. If you are willing to make an investment or are interested in buying a residential or a commercial property, we are there for you to ensure transforming your plans into reality.

Given our individual experiences in the top real estate companies in Egypt & abroad, we have reached the conclusion that trust is primary factor we should be offering you when it comes to buying, renting or submitting your property for sale or rent.

New Avenue is aiming to provide our customer with almost all the needs that you would need Residential or Commercial.",/en/plp/buy/villa-for-sale-cairo-new-cairo-city-al-rehab-rehab-city-third-phase-nagib-al-rehani-st-8709357.html,True,8709357,"[""https://static.shared.propertyfinder.eg/media/images/listing/BN4FDZTRMDQ183FE1DNS9NC1YG/76ca4a36-bd21-4a52-b790-8eac93438636/668x452.jpg""]",11,False,False,True,False,30.063411712646484,2026-02-13T18:16:26Z,BN4FDZTRMDQ183FE1DNS9NC1YG,5,"Nagib Al Rehani St., Rehab City Third Phase, Al Rehab, New Cairo City, Cairo",2295,"Cairo, New Cairo City, Al Rehab, Rehab City Third Phase",new-cairo-city-al-rehab-rehab-city-third-phase-nagib-al-rehani-st,STREET,31.48181915283203,38500000,92771.0843373494,Villa,property,2026-02-13T18:16:26Z,https://www.propertyfinder.eg/en/plp/buy/villa-for-sale-cairo-new-cairo-city-al-rehab-rehab-city-third-phase-nagib-al-rehani-st-8709357.html,415,415,EG,propertyfinder,Standalone fully finished with ACs in rehab city
"[""BA"", ""SE""]",2,"[""Balcony"", ""Security""]",2,3,buy,EGP,"BUA: 180 sqm 
Land Area: 350 sqm 

Bedrooms: 3 (Including 1 master)
Bathrooms: 2 (Including 1 master)
Master Nanny's Room

Semi-Finished
Ready to move
Facing North

Financial Details:  
Total Price: EGP 22,000,000

Rank's Code: MVINs251

________________________________________________________________________________________________________________________________________________",/en/plp/buy/villa-for-sale-cairo-new-cairo-city-the-5th-settlement-5th-settlement-compounds-mountain-view-icity-8707877.html,True,8707877,"[""https://static.shared.propertyfinder.eg/media/images/listing/KNA35YV1GZ9YRC38JSKAGH4RC8/0f72969c-6aed-452e-918b-cb9d82edf881/668x452.jpg""]",13,False,False,False,False,30.06942367553711,2026-02-12T22:42:45Z,KNA35YV1GZ9YRC38JSKAGH4RC8,5,"Mountain View iCity, 5th Settlement Compounds, The 5th Settlement, New Cairo City, Cairo",20206,"Cairo, New Cairo City, The 5th Settlement, 5th Settlement Compounds",new-cairo-city-the-5th-settlement-5th-settlement-compounds-mountain-view-icity,COMPOUND,31.5997371673584,22000000,122222.22222222222,Villa,property,2026-02-12T22:42:45Z,https://www.propertyfinder.eg/en/plp/buy/villa-for-sale-cairo-new-cairo-city-the-5th-settlement-5th-settlement-compounds-mountain-view-icity-8707877.html,180,180,EG,propertyfinder,One Story Villa Semi-Finished Facing North 22M
"[""BA"", ""CO"", ""LB"", ""BL"", ""WC"", ""SY"", ""SS"", ""SE"", ""VW"", ""ST"", ""SP""]",11,"[""Balcony"", ""Children's Pool"", ""Lobby in Building"", ""View of Landmark"", ""Walk-in Closet"", ""Shared Gym"", ""Shared Spa"", ""Security"", ""View of Water"", ""Study"", ""Shared Pool""]",2,3,buy,EGP,"Own a Townhouse in VYE Compound
By SODIC – One of Egypt’s Leading Developers
Prime Location in New Sheikh Zayed

There are installment plans available.


Unit Details:
	•	Townhouse
	•	Built-up area: 196 sqm
	•	3 Bedrooms, 2 Bathrooms
	•	Flexible payment plans up to 10 years

Location:
	•	Situated in the most prestigious area of New Sheikh Zayed – Golden Square
	•	Excellent connectivity to all major roads
	•	Close to Cairo-Alexandria Desert Road
	•	Near Sphinx International Airport

Compound Features:
	•	Sports courts
	•	Swimming pools
	•	Landscaped green areas & artificial lakes
	•	Jogging & cycling tracks
	•	Fully equipped sports club
	•	Commercial area
	•	24/7 security & surveillance cameras",/en/plp/buy/villa-for-sale-giza-sheikh-zayed-city-new-zayed-city-vye-sodic-8707523.html,True,8707523,"[""https://static.shared.propertyfinder.eg/media/images/listing/EZ97AZ53RMBMDFY9F7KCQZQ5YG/bc1812bc-23b6-46cc-b419-3fe400599b12/668x452.jpg""]",11,False,False,False,False,30.069866180419922,2026-02-12T21:29:56Z,EZ97AZ53RMBMDFY9F7KCQZQ5YG,4,"Vye Sodic, New Zayed City, Sheikh Zayed City, Giza",40976,"Giza, Sheikh Zayed City, New Zayed City",sheikh-zayed-city-new-zayed-city-vye-sodic,SUBDISTRICT,30.873863220214844,5400000,270000.0,Villa,property,2026-02-12T21:29:56Z,https://www.propertyfinder.eg/en/plp/buy/villa-for-sale-giza-sheikh-zayed-city-new-zayed-city-vye-sodic-8707523.html,20,20,EG,propertyfinder,"Villa for sale in Sheikh Zayed, 220m², installment"
"[""BA"", ""BW"", ""CP"", ""BK"", ""MR"", ""PG"", ""PP"", ""ST"", ""SP"", ""VW"", ""SE"", ""CO"", ""LB"", ""BL"", ""WC"", ""SY"", ""SS""]",17,"[""Balcony"", ""Built in Wardrobes"", ""Covered Parking"", ""Kitchen Appliances"", ""Maids Room"", ""Private Garden"", ""Private Pool"", ""Study"", ""Shared Pool"", ""View of Water"", ""Security"", ""Children's Pool"", ""Lobby in Building"", ""View of Landmark"", ""Walk-in Closet"", ""Shared Gym"", ""Shared Spa""]",2,3,buy,EGP,"The Ark – Waslet Dahshur
Location:
The Ark is strategically located on Waslet Dahshur, one of the main corridors in West Cairo, connecting Sheikh Zayed, 6th of October, and major roads like 26th of July and Alexandria Desert Road.
The location is close to all key amenities, including major malls, international schools, clubs, and premium compounds, with excellent accessibility in all directions.
About the Project:
The project spans 330 acres with a 14% construction footprint, ensuring very low density and expansive open spaces.
Approximately 80% of the project consists of standalone villas, providing maximum privacy and luxury living.
Facilities & Amenities:
Commercial area
InterContinental Hotel within the compound
Clubhouse
Landscaped open areas
Low-density residential community
Villa Details:
Standalone Villa
BUA: 215 sqm
Payment Plan:
Down payment: 10% = EGP 2,200,000
Installments over 7.5 years
Total Price: EGP 22,000,000
Delivery in 3 years",/en/plp/buy/villa-for-sale-giza-6-october-city-northern-expansions-mountain-view-chill-out-park-2PMtamnRky8.html,True,51176152,"[""https://static.shared.propertyfinder.eg/media/images/listing/61ZGB1R3Z6H821CCT7Y277WM0M/28f8c7b8-e135-4eed-9221-0fd61a2c1d1a/668x452.jpg""]",10,False,False,False,False,29.992835998535156,2026-02-12T19:08:04Z,61ZGB1R3Z6H821CCT7Y277WM0M,4,"Mountain View Chill Out Park, Northern Expansions, 6 October City, Giza",21299,"Giza, 6 October City, Northern Expansions",6-october-city-northern-expansions-mountain-view-chill-out-park,COMPOUND,30.89208221435547,18000000,83720.93023255814,Villa,property,2026-02-12T19:08:04Z,https://www.propertyfinder.eg/en/plp/buy/villa-for-sale-giza-6-october-city-northern-expansions-mountain-view-chill-out-park-2PMtamnRky8.html,215,215,EG,propertyfinder,Unmatched Luxury Villa in The Ark
"[""BA"", ""LB"", ""WC"", ""SY"", ""SE"", ""ST"", ""SP"", ""PG""]",8,"[""Balcony"", ""Lobby in Building"", ""Walk-in Closet"", ""Shared Gym"", ""Security"", ""Study"", ""Shared Pool"", ""Private Garden""]",2,3,buy,EGP,"Exclusive Villa for Sale - New Rabwa Compound
Location: Sheikh Zayed City

Key Details:

Land Area: 800 sqm

Built Area: 300 sqm

Super Lux Finishing

Stunning View


Features:

3 Spacious Bedrooms

2 Modern Bathrooms

Cozy Living Room


Price: EGP 34,000,000

Dont miss the chance to own this amazing property",/en/plp/buy/villa-for-sale-giza-sheikh-zayed-city-sheikh-zayed-compounds-al-rabwa-8705308.html,True,8705308,"[""https://static.shared.propertyfinder.eg/media/images/listing/SZ6HE75RWZ2HN82PH8JE70NWZM/8739e62a-a606-4c5c-bc4c-00779251c33c/668x452.jpg""]",14,False,False,False,False,30.065696716308594,2026-02-12T15:13:47Z,SZ6HE75RWZ2HN82PH8JE70NWZM,4,"Al  Rabwa, Sheikh Zayed Compounds, Sheikh Zayed City, Giza",28892,"Giza, Sheikh Zayed City, Sheikh Zayed Compounds",sheikh-zayed-city-sheikh-zayed-compounds-al-rabwa,COMPOUND,30.987491607666016,34000000,113333.33333333333,Villa,property,2026-02-12T15:13:47Z,https://www.propertyfinder.eg/en/plp/buy/villa-for-sale-giza-sheikh-zayed-city-sheikh-zayed-compounds-al-rabwa-8705308.html,300,300,EG,propertyfinder,Unique Villa for Sale - New Rabwa - Sheikh Zayed
"[""BA"", ""BW"", ""CP"", ""SE"", ""BL""]",5,"[""Balcony"", ""Built in Wardrobes"", ""Covered Parking"", ""Security"", ""View of Landmark""]",2,3,buy,EGP,"CORNER FINISHED VILLA WITH GOLF AND LAKE VIEW 

Golf Views - Palm Hills, 6th October 

Main Selling Points: 
- Huge Bright Garden with open View 
- Swimming pool and multiple outdoor seating areas
- High end finishing Quality 
- First row Golf 

Area Of Villa :
Land: 1900 Sqm 
BUA: 450 ( Two Floors ) 

3 Bedrooms + Living room 
Nanny's room 
Laundry Room 
Reception 

Asking price for sale: 125,000,000 EGP 
Estimated fair market price: 111,000,000 EGP 

For more options: [REDACTED_EMAIL]

==================================================== 
RE/MAX Al-Mohager, one of RE/MAX's offices in Egypt, is a leading global real estate marketing company specializing in real estate brokerage and boasting a team of real estate marketing consultants. We have been providing the best services to our clients for many years.

= ...",/en/plp/buy/villa-for-sale-giza-6-october-city-cairo-alexandria-desert-road-palm-hills-october-8705257.html,True,8705257,"[""https://static.shared.propertyfinder.eg/media/images/listing/YN4VAD4GR536YEF9EP1SCN4PRR/1c2bc775-bae5-4c4b-ab1c-485429725783/668x452.jpg""]",6,False,True,True,False,30.004823684692383,2026-02-12T15:10:13Z,YN4VAD4GR536YEF9EP1SCN4PRR,4,"Palm Hills October, Cairo Alexandria Desert Road, 6 October City, Giza",21061,"Giza, 6 October City, Cairo Alexandria Desert Road",6-october-city-cairo-alexandria-desert-road-palm-hills-october,COMPOUND,31.036380767822266,125000000,277777.77777777775,Villa,property,2026-02-12T15:10:13Z,https://www.propertyfinder.eg/en/plp/buy/villa-for-sale-giza-6-october-city-cairo-alexandria-desert-road-palm-hills-october-8705257.html,450,450,EG,propertyfinder,CORNER FINISHED VILLA WITH GOLF AND LAKE VIEW
"[""AC"", ""CP"", ""MR"", ""PP"", ""BA"", ""BW"", ""BK"", ""PG"", ""SE"", ""SS"", ""VW"", ""SP"", ""ST"", ""SY"", ""WC"", ""BL"", ""LB"", ""CO""]",18,"[""Central A/C"", ""Covered Parking"", ""Maids Room"", ""Private Pool"", ""Balcony"", ""Built in Wardrobes"", ""Kitchen Appliances"", ""Private Garden"", ""Security"", ""Shared Spa"", ""View of Water"", ""Shared Pool"", ""Study"", ""Shared Gym"", ""Walk-in Closet"", ""View of Landmark"", ""Lobby in Building"", ""Children's Pool""]",2,3,buy,EGP,"Villa ready to deliver for sale in CFC Al Futtaim - Cairo Festival City 

Area:
- Built up area: 282 Sqm
- Land 390 Sqm

Layout:
- 3 Bedrooms
-3 bathrooms
                                                                                                                                                                                                                                                                                                                   
Project:
- Located in New Cairo                                                                                                                                                                 
- Project details: includes 24/7 security, parking, and shared amenities.",/en/plp/buy/villa-for-sale-cairo-new-cairo-city-north-investors-area-cairo-festival-city-8703568.html,True,8703568,"[""https://static.shared.propertyfinder.eg/media/images/listing/AR86W4H19XNK963EMWFYBEJ5Q4/5a1d3ccd-e5e6-48d7-a1d8-830ec9e9c96d/668x452.jpg""]",10,False,False,False,False,30.028350830078125,2026-02-12T13:14:32Z,AR86W4H19XNK963EMWFYBEJ5Q4,4,"Cairo Festival City, North Investors Area, New Cairo City, Cairo",2572,"Cairo, New Cairo City, North Investors Area",new-cairo-city-north-investors-area-cairo-festival-city,COMPOUND,31.408384323120117,28300000,100354.60992907801,Villa,property,2026-02-12T13:14:32Z,https://www.propertyfinder.eg/en/plp/buy/villa-for-sale-cairo-new-cairo-city-north-investors-area-cairo-festival-city-8703568.html,282,282,EG,propertyfinder,Villa ready to deliver for sale in CFC Al Futtaim
"[""BA"", ""BW"", ""AC"", ""CP"", ""BK"", ""MR"", ""PP"", ""PG"", ""SP"", ""ST"", ""VW"", ""SE"", ""SS"", ""SY"", ""WC"", ""BL"", ""LB"", ""CO""]",18,"[""Balcony"", ""Built in Wardrobes"", ""Central A/C"", ""Covered Parking"", ""Kitchen Appliances"", ""Maids Room"", ""Private Pool"", ""Private Garden"", ""Shared Pool"", ""Study"", ""View of Water"", ""Security"", ""Shared Spa"", ""Shared Gym"", ""Walk-in Closet"", ""View of Landmark"", ""Lobby in Building"", ""Children's Pool""]",2,3,buy,EGP,"Villa ready to deliver for sale in CFC Al Futtaim - Cairo Festival City 

Area:
- Built up area: 282 Sqm
- Land 390 Sqm

Layout:
- 3 Bedrooms
-3 bathrooms
                                                                                                                                                                                                                                                                                                                   
Project:
- Located in New Cairo                                                                                                                                                                 
- Project details: includes 24/7 security, parking, and shared amenities.",/en/plp/buy/villa-for-sale-cairo-new-cairo-city-north-investors-area-cairo-festival-city-8703552.html,True,8703552,"[""https://static.shared.propertyfinder.eg/media/images/listing/TJK1CEF8G10S05QFTG819NQMCG/a1224e00-ebc6-4d5f-aa68-34b0554b12fe/668x452.jpg""]",10,False,False,False,False,30.028350830078125,2026-02-12T13:13:43Z,TJK1CEF8G10S05QFTG819NQMCG,4,"Cairo Festival City, North Investors Area, New Cairo City, Cairo",2572,"Cairo, New Cairo City, North Investors Area",new-cairo-city-north-investors-area-cairo-festival-city,COMPOUND,31.408384323120117,28100000,99645.39007092199,Villa,property,2026-02-12T13:13:43Z,https://www.propertyfinder.eg/en/plp/buy/villa-for-sale-cairo-new-cairo-city-north-investors-area-cairo-festival-city-8703552.html,282,282,EG,propertyfinder,Villa ready to deliver for sale in CFC Al Futtaim
"[""BW"", ""AC"", ""CP"", ""BK"", ""MR"", ""PP"", ""SP"", ""ST"", ""PG"", ""BA"", ""VW"", ""SE"", ""SS"", ""SY"", ""WC"", ""BL"", ""LB"", ""CO""]",18,"[""Built in Wardrobes"", ""Central A/C"", ""Covered Parking"", ""Kitchen Appliances"", ""Maids Room"", ""Private Pool"", ""Shared Pool"", ""Study"", ""Private Garden"", ""Balcony"", ""View of Water"", ""Security"", ""Shared Spa"", ""Shared Gym"", ""Walk-in Closet"", ""View of Landmark"", ""Lobby in Building"", ""Children's Pool""]",2,3,buy,EGP,"Villa ready to deliver for sale in CFC Al Futtaim - Cairo Festival City 

Area:
- Built up area: 282 Sqm
- Land 390 Sqm

Layout:
- 3 Bedrooms
-3 bathrooms
                                                                                                                                                                                                                                                                                                                   
Project:
- Located in New Cairo                                                                                                                                                                 
- Project details: includes 24/7 security, parking, and shared amenities.",/en/plp/buy/villa-for-sale-cairo-new-cairo-city-north-investors-area-cairo-festival-city-8703459.html,True,8703459,"[""https://static.shared.propertyfinder.eg/media/images/listing/RX1GDGKZ0YKFRBNR5B598MZT70/be89a196-e8ad-4da8-b206-0e1f8ce797e5/668x452.jpg""]",10,False,False,False,False,30.028350830078125,2026-02-12T13:08:27Z,RX1GDGKZ0YKFRBNR5B598MZT70,4,"Cairo Festival City, North Investors Area, New Cairo City, Cairo",2572,"Cairo, New Cairo City, North Investors Area",new-cairo-city-north-investors-area-cairo-festival-city,COMPOUND,31.408384323120117,27200000,96453.90070921986,Villa,property,2026-02-12T13:08:27Z,https://www.propertyfinder.eg/en/plp/buy/villa-for-sale-cairo-new-cairo-city-north-investors-area-cairo-festival-city-8703459.html,282,282,EG,propertyfinder,Villa ready to deliver for sale in CFC Al Futtaim
"[""BA"", ""CP"", ""MR"", ""SE"", ""BL""]",5,"[""Balcony"", ""Covered Parking"", ""Maids Room"", ""Security"", ""View of Landmark""]",2,3,buy,EGP,"For Sale | Beautiful Semi-Finished Villa in IVY – New Giza (New Zayed)

Prime location beside Sphinx International Airport
Stunning open view 

Property Details:

Area Of Villa :
Built-up area: 337 sqm
Land area: 2,000 sqm

Semi-finished

Layout:

Ground Floor:

Spacious reception
Decide on 3 peace

Kitchen
Nanny room with toilet 
Office room

First Floor:

3 bedrooms
One of them is master bedroom with private bathroom
Plus Living room

Asking Price For Sale : 
25.000,000 EGP

===========================================================

RE/MAX Al-Mohager is one of the offices of RE/MAX in Egypt, the world's first real estate marketing company. We specialize in the field of real estate brokerage with our consultants in the field of real estate marketing. We provide the best services to our customers for many years.


==================================================== =========",/en/plp/buy/villa-for-sale-giza-6-october-city-cairo-alexandria-desert-road-new-giza-8702649.html,True,8702649,"[""https://static.shared.propertyfinder.eg/media/images/listing/JXXB4YYPX0J9K0365XKDP0SR5W/f1c3d220-ebeb-47d1-abe4-f869a8d4e666/668x452.jpg""]",9,False,False,False,False,30.00690460205078,2026-02-12T12:16:07Z,JXXB4YYPX0J9K0365XKDP0SR5W,4,"New Giza, Cairo Alexandria Desert Road, 6 October City, Giza",21062,"Giza, 6 October City, Cairo Alexandria Desert Road",6-october-city-cairo-alexandria-desert-road-new-giza,COMPOUND,31.05933380126953,25000000,74183.9762611276,Villa,property,2026-02-12T12:16:07Z,https://www.propertyfinder.eg/en/plp/buy/villa-for-sale-giza-6-october-city-cairo-alexandria-desert-road-new-giza-8702649.html,337,337,EG,propertyfinder,For Sale | Beautiful Semi-Finished Villa in IVY
"[""BA"", ""CO"", ""LB"", ""BL"", ""WC"", ""SY"", ""SS"", ""SE"", ""VW"", ""ST"", ""SP""]",11,"[""Balcony"", ""Children's Pool"", ""Lobby in Building"", ""View of Landmark"", ""Walk-in Closet"", ""Shared Gym"", ""Shared Spa"", ""Security"", ""View of Water"", ""Study"", ""Shared Pool""]",2,3,buy,EGP,"Twin House for Sale in Garden Lakes – October

Experience luxury and privacy in Garden Lakes Compound, one of October’s most elegant projects combining modern design with vast green landscapes.

Unit Details:
Built-up area: 242 sqm
Garden area: 105 sqm
3 Bedrooms
3 Bathrooms

Elegant layout designed for comfort and functionality

Location:
Garden Lakes – October enjoys a prime location near Mall of Arabia and Juhayna Square, just minutes away from Wahat Road and the central axis, offering easy access to all major destinations and essential services.

Compound Facilities:
Wide green spaces and artificial lakes
Clubhouse and recreational areas
Swimming pools
2",/en/plp/buy/villa-for-sale-giza-6-october-city-6-october-compounds-garden-lakes-8694519.html,True,8694519,"[""https://static.shared.propertyfinder.eg/media/images/listing/0DJT58YRF4C86QWFAXXDC0VYZM/bf488c4c-9ac1-447c-9702-4c28aa5394d4/668x452.jpg""]",12,False,False,False,False,29.987985610961914,2026-02-11T11:45:55Z,0DJT58YRF4C86QWFAXXDC0VYZM,4,"Garden Lakes, 6 October Compounds, 6 October City, Giza",41397,"Giza, 6 October City, 6 October Compounds",6-october-city-6-october-compounds-garden-lakes,SUBDISTRICT,31.03008460998535,5100000,255000.0,Villa,property,2026-02-11T11:45:55Z,https://www.propertyfinder.eg/en/plp/buy/villa-for-sale-giza-6-october-city-6-october-compounds-garden-lakes-8694519.html,20,20,EG,propertyfinder,"Villa for sale in 6th of October, installments"
"[""CP"", ""BA"", ""PG"", ""SE"", ""SS"", ""SY""]",6,"[""Covered Parking"", ""Balcony"", ""Private Garden"", ""Security"", ""Shared Spa"", ""Shared Gym""]",2,3,buy,EGP,"sa'ada 
(Horizon)
Standalone 

BUA 300m
Prime location 
Core &shell 
bedrooms 
bathrooms

Down payment:21,500,000
 total:37,500,000

-------------------------------------------------------------------------------------Spade: About Spade
With our unique contemporary style and total passion for connecting people with property , we aspire to provide the ultimate real estate experience for today’s modern consumer. We are not confined by traditional real estate boundaries when it comes to buying, selling, renting or asset management, instead we are always finding new and innovative ways to satisfy our clients’ needs and be at the forefront of the Egyptian property market.

Spade is one of the most real estate agencies
Based on our years of market experience, we are able to provide you with information.

Our Core Values are The Foundation of Our Business and Divisions
* Provide Quality of Service",/en/plp/buy/villa-for-sale-cairo-new-cairo-city-saada-compound-8693972.html,True,8693972,"[""https://static.shared.propertyfinder.eg/media/images/listing/9A2W1KTZVSPQZSGY0B0HDBNFRR/00cb94eb-6caf-446c-8650-6f6b37c7236d/668x452.jpg""]",8,False,False,False,False,30.090885162353516,2026-02-11T11:10:29Z,9A2W1KTZVSPQZSGY0B0HDBNFRR,3,"Saada Compound, New Cairo City, Cairo",41579,"Cairo, New Cairo City",new-cairo-city-saada-compound,DISTRICT,31.48558235168457,21500000,71666.66666666667,Villa,property,2026-02-11T11:10:29Z,https://www.propertyfinder.eg/en/plp/buy/villa-for-sale-cairo-new-cairo-city-saada-compound-8693972.html,300,300,EG,propertyfinder,lowest price standalone in Saada Prime location
"[""MR"", ""CP"", ""BW"", ""BA"", ""ST"", ""SE"", ""SS"", ""SY"", ""BL"", ""WC"", ""LB""]",11,"[""Maids Room"", ""Covered Parking"", ""Built in Wardrobes"", ""Balcony"", ""Study"", ""Security"", ""Shared Spa"", ""Shared Gym"", ""View of Landmark"", ""Walk-in Closet"", ""Lobby in Building""]",2,3,buy,EGP,"Saada 

Stand Alone for sale 
Corner 

Land: 450 sqm 
Bua: 355 sqm 

3 Master bedrooms 
Living 
2 bathrooms+ nanny's room

Overlooking landscape
Delivery 2026

Down payment 19,000,000

Total 35,000,000


About Edge :

Edge is a real estate consultancy based in Cairo, Egypt, that aims to provide comprehensive services for your real estate needs. If you are willing to invest or if you are interested in buying, selling, renting a residential or a commercial property, we are here to help transform your plans into reality through professional sales experts with 10+ years market presence and experience

Edge aims to provide our customers with almost all the needs He/She would need while exploring the Residential or Commercial Market. 

Edge offers all types of inventory with very affordable prices  available in nearly every district in Egypt like New Cairo, Heliopolis, Nasr City, 6th of October, Zayed, New Zayed, North Coast, and New Capital.",/en/plp/buy/villa-for-sale-cairo-new-cairo-city-saada-compound-8693731.html,True,8693731,"[""https://static.shared.propertyfinder.eg/media/images/listing/F3D62NDKFQX11KJFCA6KKAKS0C/22ccfa46-91dc-4a5e-939d-0a1156bd103c/668x452.jpg""]",10,False,False,False,False,30.090885162353516,2026-02-11T10:55:01Z,F3D62NDKFQX11KJFCA6KKAKS0C,3,"Saada Compound, New Cairo City, Cairo",41579,"Cairo, New Cairo City",new-cairo-city-saada-compound,DISTRICT,31.48558235168457,35000000,98591.54929577465,Villa,property,2026-02-11T10:55:01Z,https://www.propertyfinder.eg/en/plp/buy/villa-for-sale-cairo-new-cairo-city-saada-compound-8693731.html,355,355,EG,propertyfinder,DownPayment 19million Corner Villa  Prime Location
"[""BA"", ""BW"", ""AC"", ""CP"", ""BK"", ""MR"", ""PG"", ""PP"", ""SP"", ""ST"", ""VW"", ""SE"", ""SS"", ""SY"", ""WC"", ""BL"", ""LB"", ""CO""]",18,"[""Balcony"", ""Built in Wardrobes"", ""Central A/C"", ""Covered Parking"", ""Kitchen Appliances"", ""Maids Room"", ""Private Garden"", ""Private Pool"", ""Shared Pool"", ""Study"", ""View of Water"", ""Security"", ""Shared Spa"", ""Shared Gym"", ""Walk-in Closet"", ""View of Landmark"", ""Lobby in Building"", ""Children's Pool""]",2,3,buy,EGP,"Finished Roof Villa for resale  / Mountain View Hyde Park

Area: 305 m + 92 m roof
It consists of (2 bedrooms - 2 bathrooms - reception)

Open view
Ready To Move
Super luxe finishing



Price: 18,800,000 EGP
Payment Plan : Cash
For details, contact us now





Mountain View Hyde Park location


As usual, Mountain View Company was keen to choose a strategic location to implement its Hyde Park project, in the heart of the Fifth Settlement, close to 90th Street, which is considered the main artery of New Cairo, making it the ideal choice for investors and those seeking an upscale life. The most important areas and roads near the compound are the following:



Only 5 minutes from the Middle Ring Road.
Minutes away from Mohamed Naguib Axis.
Mountain View Hyde Park is located 15 minutes from Field Marshal Tantawi Axis.
It comes 5 minutes from the American University.
It is only about 26 kilometers from Cairo International Airport.
Near the New Administrative Capital.
Mountain View Hyde Park is also minutes away from Al Rehab and Shorouk City.
Thanks to its strategic location in the Fifth Settlement, Mountain View Hyde Park is a promising investment, as the continued growth of the area ensures that the value of your property rises over time, as well as enjoying an upscale and comfortable life.",/en/plp/buy/villa-for-sale-cairo-new-cairo-city-the-5th-settlement-5th-settlement-compounds-mountain-view-hyde-park-8693197.html,True,8693197,"[""https://static.shared.propertyfinder.eg/media/images/listing/RJVEJPY39YFDK2V8FB3ZQBFX7M/42300460-51fb-469f-9e19-cf03bee61803/668x452.jpg""]",18,False,False,False,False,29.98755645751953,2026-02-11T10:11:24Z,RJVEJPY39YFDK2V8FB3ZQBFX7M,5,"Mountain View Hyde Park, 5th Settlement Compounds, The 5th Settlement, New Cairo City, Cairo",2763,"Cairo, New Cairo City, The 5th Settlement, 5th Settlement Compounds",new-cairo-city-the-5th-settlement-5th-settlement-compounds-mountain-view-hyde-park,COMPOUND,31.55556869506836,18800000,61639.34426229508,Villa,property,2026-02-11T10:11:24Z,https://www.propertyfinder.eg/en/plp/buy/villa-for-sale-cairo-new-cairo-city-the-5th-settlement-5th-settlement-compounds-mountain-view-hyde-park-8693197.html,305,305,EG,propertyfinder,Finished Roof Villa for resale  / Mountain View
"[""BA"", ""CO"", ""LB"", ""BL"", ""WC"", ""SY"", ""SS"", ""SE"", ""VW"", ""ST"", ""SP""]",11,"[""Balcony"", ""Children's Pool"", ""Lobby in Building"", ""View of Landmark"", ""Walk-in Closet"", ""Shared Gym"", ""Shared Spa"", ""Security"", ""View of Water"", ""Study"", ""Shared Pool""]",2,3,buy,EGP,"Own a prime townhouse in Mountain View October 



Unit details
Total area 220 sqm
3 bedrooms
3 bathrooms
Spacious reception and kitchen
High quality finishing

Payment plan
Installments available with an easy payment schedule

Compound features
Large green areas and landscaped views
Artificial lakes and water features
Swimming pools
Kids play area
Fully equipped clubhouse
Jogging and walking tracks
24 hour sec",/en/plp/buy/villa-for-sale-giza-6-october-city-6th-district-mountain-view-october-park-8693034.html,True,8693034,"[""https://static.shared.propertyfinder.eg/media/images/listing/4NGE5XYGKK3TDJ8Q0P7BP39QNG/fcf61a72-14de-424f-b864-85ac6bce6252/668x452.jpg""]",9,False,False,False,False,30.005165100097656,2026-02-11T09:55:48Z,4NGE5XYGKK3TDJ8Q0P7BP39QNG,4,"Mountain View October Park, 6th District, 6 October City, Giza",20886,"Giza, 6 October City, 6th District",6-october-city-6th-district-mountain-view-october-park,COMPOUND,30.928953170776367,6000000,300000.0,Villa,property,2026-02-11T09:55:48Z,https://www.propertyfinder.eg/en/plp/buy/villa-for-sale-giza-6-october-city-6th-district-mountain-view-october-park-8693034.html,20,20,EG,propertyfinder,Villa for sale in 6th of October 220m
"[""BA"", ""CO"", ""LB"", ""BL"", ""WC"", ""SY"", ""SS"", ""SE"", ""VW"", ""ST"", ""SP""]",11,"[""Balcony"", ""Children's Pool"", ""Lobby in Building"", ""View of Landmark"", ""Walk-in Closet"", ""Shared Gym"", ""Shared Spa"", ""Security"", ""View of Water"", ""Study"", ""Shared Pool""]",2,3,buy,EGP,"Own a Standalone Villa
Standalone villa for sale in one of the most prestigious locations in Sheikh Zayed
The Estates Compound
Immediate delivery
Remaining installments available
Unit Details:


Standalone villa
Land area: 568 sqm
Built-up area: 353 sqm
Garden area: 60 sqm


Location:
Prime location in Sheikh Zayed


Close to Sodic West Compound
Near Juhayna Square
Close to Sphinx International Airport
Minutes from 26th of July Corridor


Amenities:
Vast green spces
Water features
Jogging and cycling tracks
Children’s entertainment areas
Commercial mall
Restaurants and cafés
International brands
Sports courts
Clubhouse
24/7 security and guards
If you want it more marketing-oriented or shorter for social media, I",/en/plp/buy/villa-for-sale-giza-sheikh-zayed-city-sheikh-zayed-compounds-the-estates-8692255.html,True,8692255,"[""https://static.shared.propertyfinder.eg/media/images/listing/6DMAVW7JA8PT7VWXFS3YB0N21W/da4dcca7-700d-4bef-a557-2b5f0f3d62d4/668x452.jpg""]",12,False,False,False,False,30.07990074157715,2026-02-10T22:35:39Z,6DMAVW7JA8PT7VWXFS3YB0N21W,4,"The Estates, Sheikh Zayed Compounds, Sheikh Zayed City, Giza",40915,"Giza, Sheikh Zayed City, Sheikh Zayed Compounds",sheikh-zayed-city-sheikh-zayed-compounds-the-estates,SUBDISTRICT,30.877290725708008,6400000,320000.0,Villa,property,2026-02-10T22:35:39Z,https://www.propertyfinder.eg/en/plp/buy/villa-for-sale-giza-sheikh-zayed-city-sheikh-zayed-compounds-the-estates-8692255.html,20,20,EG,propertyfinder,"Villa for sale in 6th of October City, 350 sq m,"
"[""BA"", ""CO"", ""LB"", ""BL"", ""WC"", ""SY"", ""SS"", ""SE"", ""VW"", ""ST"", ""SP"", ""PG""]",12,"[""Balcony"", ""Children's Pool"", ""Lobby in Building"", ""View of Landmark"", ""Walk-in Closet"", ""Shared Gym"", ""Shared Spa"", ""Security"", ""View of Water"", ""Study"", ""Shared Pool"", ""Private Garden""]",2,3,buy,EGP,"Own a Luxury Villa in the Heart of Sheikh Zayed – Alma Compound

Your chance to live in one of the most prestigious villas in Sheikh Zayed, located in Alma Compound by Ewan Developments, in a strategic location just minutes away from Hyper One and Arkan Plaza.

Installments available
Special discount for cash payment

Villa Details:

Area: 320 sqm

Elegant design with full privacy

4 Bedrooms

4 Bathrooms

Private garden",/en/plp/buy/villa-for-sale-giza-sheikh-zayed-city-4th-district-zayed-2000-8692159.html,True,8692159,"[""https://static.shared.propertyfinder.eg/media/images/listing/1GMY5KEJF4NF4RX9P548HBXYNW/d3f6e95a-7024-4c37-90be-2ec9a1ec8ece/668x452.jpg""]",10,False,False,False,False,30.021421432495117,2026-02-10T22:18:51Z,1GMY5KEJF4NF4RX9P548HBXYNW,4,"Zayed 2000, 4th District, Sheikh Zayed City, Giza",28768,"Giza, Sheikh Zayed City, 4th District",sheikh-zayed-city-4th-district-zayed-2000,COMPOUND,30.997661590576172,6100000,305000.0,Villa,property,2026-02-10T22:18:51Z,https://www.propertyfinder.eg/en/plp/buy/villa-for-sale-giza-sheikh-zayed-city-4th-district-zayed-2000-8692159.html,20,20,EG,propertyfinder,Ready to Move Villa in a Prime Location in zayed
"[""BA"", ""CO"", ""LB"", ""BL"", ""WC"", ""SY"", ""SS"", ""SE"", ""VW"", ""ST"", ""SP""]",11,"[""Balcony"", ""Children's Pool"", ""Lobby in Building"", ""View of Landmark"", ""Walk-in Closet"", ""Shared Gym"", ""Shared Spa"", ""Security"", ""View of Water"", ""Study"", ""Shared Pool""]",2,3,buy,EGP,"A unique opportunity to own a luxury villa within one of the most prestigious residential communities in Sheikh Zayed – Noe Villa.

The villa features a spacious area of 360 square meters, with a smart and practical layout that provides maximum comfort and privacy for all family members.

A modern architectural design that blends elegance with functionality, offering wide interior spaces that allow natural light to flow throughout the day. Comfortable bedrooms with the flexibility to customize spaces according to your needs, in addition to ideal living areas for family time and hosting guests.

The project is characterized by tranquility and sophistication, offering a fully integrated residential environment with vast green spaces that create a sense of relaxation and serenity.",/en/plp/buy/villa-for-sale-giza-sheikh-zayed-city-new-zayed-city-novella-8692136.html,True,8692136,"[""https://static.shared.propertyfinder.eg/media/images/listing/8B75GDGFRQRMFN9D2TNDWSR9K0/d25c56ab-da27-4cc4-9a3d-d9b9020dd621/668x452.jpg""]",11,False,False,False,False,30.053253173828125,2026-02-10T22:16:16Z,8B75GDGFRQRMFN9D2TNDWSR9K0,4,"Novella, New Zayed City, Sheikh Zayed City, Giza",41591,"Giza, Sheikh Zayed City, New Zayed City",sheikh-zayed-city-new-zayed-city-novella,SUBDISTRICT,30.943349838256836,6000000,300000.0,Villa,property,2026-02-10T22:16:16Z,https://www.propertyfinder.eg/en/plp/buy/villa-for-sale-giza-sheikh-zayed-city-new-zayed-city-novella-8692136.html,20,20,EG,propertyfinder,Own a villa in the heart of Sheikh Zayed with an
"[""PG"", ""CP"", ""SP"", ""ST"", ""VW"", ""SE"", ""SS"", ""SY"", ""WC"", ""BL"", ""LB"", ""CO""]",12,"[""Private Garden"", ""Covered Parking"", ""Shared Pool"", ""Study"", ""View of Water"", ""Security"", ""Shared Spa"", ""Shared Gym"", ""Walk-in Closet"", ""View of Landmark"", ""Lobby in Building"", ""Children's Pool""]",2,3,buy,EGP,"A luxury resort with a wide sea-front view and full hotel services.

Located in Soma Bay, Red Sea, on the Safaga Road in Hurghada.

Golf View Standalone Chalet with Near Delivery

BUA: 137 sqm

• 3 Bedrooms

• 2 Bathrooms

Living Room

Land area 370 sqm


We are pleased to assist you with all inquiries:
 [REDACTED_PHONE]",/en/plp/buy/villa-for-sale-red-sea-hurghada-safaga-soma-bay-blanca-gardens-8691735.html,True,8691735,"[""https://static.shared.propertyfinder.eg/media/images/listing/NFRT7NPXMHYXE7VF2GW5QC1Z9M/a5f0c710-bde1-4eea-8077-16a84eb3245c/668x452.jpg""]",11,False,False,False,False,26.85942840576172,2026-02-10T21:00:13Z,NFRT7NPXMHYXE7VF2GW5QC1Z9M,5,"Blanca Gardens, Soma Bay, Safaga, Hurghada, Red Sea",41905,"Red Sea, Hurghada, Safaga, Soma Bay",hurghada-safaga-soma-bay-blanca-gardens,STREET,33.97724533081055,28500000,208029.19708029198,Villa,property,2026-02-10T21:00:13Z,https://www.propertyfinder.eg/en/plp/buy/villa-for-sale-red-sea-hurghada-safaga-soma-bay-blanca-gardens-8691735.html,137,137,EG,propertyfinder,Golf View Finishing & Facilities Prime Location
"[""BA"", ""BK"", ""PG"", ""SP"", ""VW"", ""SS"", ""CO""]",7,"[""Balcony"", ""Kitchen Appliances"", ""Private Garden"", ""Shared Pool"", ""View of Water"", ""Shared Spa"", ""Children's Pool""]",2,3,buy,EGP,"For sale prime villa in the heart of North Coast
Just steps away from the sea
Land area 160 sqm
Ground floor first floor and roof
Private garden 120 sqm
Fully finished with furniture and air conditioners

Layout details
Ground floor reception and open American kitchen
First floor three bedrooms and two bathrooms
Roof with open usable space

Prime location very close to the beach
Ideal for luxury living or investment
Price 13.5 million

For contact[REDACTED_PHONE]5252279",/en/plp/buy/villa-for-sale-north-coast-al-alamein-stella-heights-8689903.html,True,8689903,"[""https://static.shared.propertyfinder.eg/media/images/listing/N9NZ9FYVH9NV8A6KQVAB49N794/95ecd85a-352b-4679-8418-d4c1f2e99d6e/668x452.jpg""]",13,False,False,False,False,30.992586135864258,2026-02-10T15:33:57Z,N9NZ9FYVH9NV8A6KQVAB49N794,3,"Stella Heights, Al Alamein, North Coast",37668,"North Coast, Al Alamein",al-alamein-stella-heights,COMPOUND,28.71291160583496,13500000,48214.28571428572,Villa,property,2026-02-10T15:33:57Z,https://www.propertyfinder.eg/en/plp/buy/villa-for-sale-north-coast-al-alamein-stella-heights-8689903.html,280,280,EG,propertyfinder,Luxury Villa for Sale Steps from the Sea in North
"[""BA"", ""BW"", ""AC"", ""CP"", ""BK"", ""MR"", ""PG"", ""PP"", ""SP"", ""ST"", ""VW"", ""SE"", ""SS"", ""SY"", ""WC"", ""BL"", ""LB"", ""CO""]",18,"[""Balcony"", ""Built in Wardrobes"", ""Central A/C"", ""Covered Parking"", ""Kitchen Appliances"", ""Maids Room"", ""Private Garden"", ""Private Pool"", ""Shared Pool"", ""Study"", ""View of Water"", ""Security"", ""Shared Spa"", ""Shared Gym"", ""Walk-in Closet"", ""View of Landmark"", ""Lobby in Building"", ""Children's Pool""]",2,3,buy,EGP,"Luxury villa, ready for immediate occupancy, fully finished, with a breathtaking landscape view, for sale in Mountain View 1.1 compound, opposite the Public Prosecutor's office and Al Rehab.

Prime location villa for sale in Mountain View 1.1 compound, opposite Al Rehab gate and minutes from Golden Square.

Fully finished.

Ready to move in immediately.

Prime location opposite Al Rehab and minutes from Golden Square, the American University, and opposite the Public Prosecutor's office.

10% down payment and installments over 7 years.

For viewing now, call[REDACTED_PHONE]",/en/plp/buy/villa-for-sale-cairo-new-cairo-city-the-5th-settlement-5th-settlement-compounds-mountain-view-1-1-8689182.html,True,8689182,"[""https://static.shared.propertyfinder.eg/media/images/listing/234KCKEKERGZGRYYHG1E2S00EW/390f71e6-9665-4e34-86fb-e882acfe3a64/668x452.jpg""]",11,False,False,False,False,30.048173904418945,2026-02-10T14:45:17Z,234KCKEKERGZGRYYHG1E2S00EW,5,"Mountain View 1.1, 5th Settlement Compounds, The 5th Settlement, New Cairo City, Cairo",41706,"Cairo, New Cairo City, The 5th Settlement, 5th Settlement Compounds",new-cairo-city-the-5th-settlement-5th-settlement-compounds-mountain-view-1-1,STREET,31.50146484375,25500000,118055.55555555556,Villa,property,2026-02-10T14:45:17Z,https://www.propertyfinder.eg/en/plp/buy/villa-for-sale-cairo-new-cairo-city-the-5th-settlement-5th-settlement-compounds-mountain-view-1-1-8689182.html,216,216,EG,propertyfinder,"Luxury villa, ready for immediate occupancy, fully"
"[""BA""]",1,"[""Balcony""]",2,3,buy,EGP,"A stunning 240 sqm villa (ready to move in) with a landscape view is for sale in La Vista City Compound, opposite Al-Fattah Al-Aleem Mosque.

This 4-bedroom villa boasts a prime location and an incredible price in La Vista City Compound.

A project by La Vista Real Estate Development.

Immediate occupancy + ready to move in.

The villa features 240 sqm of living space, 3 bedrooms, 2 bathrooms, a large reception area, and a nanny's room.

A prime location, just minutes from Bin Zayed Axis, the CBD, Al-Fattah Al-Aleem Mosque, and the Green Belt.

10% down payment and installments over 10 years.

For more details, call[REDACTED_PHONE] or leave your number in a message and we will get back to you with all the details.",/en/plp/buy/villa-for-sale-cairo-new-capital-city-new-capital-compounds-la-vista-city-8688376.html,True,8688376,"[""https://static.shared.propertyfinder.eg/media/images/listing/KATV8RG1WAP63ZV0RWDFRH6MJW/db80375c-1703-4dcf-b937-650ed2347964/668x452.jpg""]",11,False,False,False,False,30.002904891967773,2026-02-10T13:48:02Z,KATV8RG1WAP63ZV0RWDFRH6MJW,4,"La Vista City, New Capital Compounds, New Capital City, Cairo",40817,"Cairo, New Capital City, New Capital Compounds",new-capital-city-new-capital-compounds-la-vista-city,SUBDISTRICT,31.595441818237305,26980000,117304.34782608696,Villa,property,2026-02-10T13:48:02Z,https://www.propertyfinder.eg/en/plp/buy/villa-for-sale-cairo-new-capital-city-new-capital-compounds-la-vista-city-8688376.html,230,230,EG,propertyfinder,A stunning 240 sqm villa (ready to move in) with a
"[""BA"", ""BW"", ""AC"", ""CP"", ""BK"", ""MR"", ""PG"", ""PP"", ""SP"", ""ST"", ""SE"", ""SS"", ""SY"", ""WC"", ""BL"", ""LB"", ""CO""]",17,"[""Balcony"", ""Built in Wardrobes"", ""Central A/C"", ""Covered Parking"", ""Kitchen Appliances"", ""Maids Room"", ""Private Garden"", ""Private Pool"", ""Shared Pool"", ""Study"", ""Security"", ""Shared Spa"", ""Shared Gym"", ""Walk-in Closet"", ""View of Landmark"", ""Lobby in Building"", ""Children's Pool""]",2,3,buy,EGP,"Double-view villa for sale, ready for viewing and immediate occupancy. Fully finished, directly on South 90th Street, minutes from the American University in New Cairo's Fifth Settlement.

Minutes from the Ring Road and Cairo-Suez Road. Best price in New Cairo.

255 sq m

Distinctive layout: (3 bedrooms + nanny's room + 3-piece reception + American kitchen + 3 bathrooms)

The villa is located in the most prestigious phase with the best view (open view of the lake and lagoon).

Explanatory videos of the entire compound are available for viewing, and all imaginable services are offered.

Installment plan up to 7 years with no interest or down payments!

For viewing:[REDACTED_PHONE]",/en/plp/buy/villa-for-sale-cairo-new-cairo-city-the-5th-settlement-5th-settlement-compounds-mountain-view-1-1-8688234.html,True,8688234,"[""https://static.shared.propertyfinder.eg/media/images/listing/50NGPHD9RD1Z0M0PSZX4F7R63G/d72a6713-f6a4-4f82-911c-589cc46c29a9/668x452.jpg""]",13,False,False,False,False,30.048173904418945,2026-02-10T13:39:51Z,50NGPHD9RD1Z0M0PSZX4F7R63G,5,"Mountain View 1.1, 5th Settlement Compounds, The 5th Settlement, New Cairo City, Cairo",41706,"Cairo, New Cairo City, The 5th Settlement, 5th Settlement Compounds",new-cairo-city-the-5th-settlement-5th-settlement-compounds-mountain-view-1-1,STREET,31.50146484375,26000000,101960.7843137255,Villa,property,2026-02-10T13:39:51Z,https://www.propertyfinder.eg/en/plp/buy/villa-for-sale-cairo-new-cairo-city-the-5th-settlement-5th-settlement-compounds-mountain-view-1-1-8688234.html,255,255,EG,propertyfinder,"Fully finished villa with luxury view, South 90th!"
"[""BA"", ""BW"", ""AC"", ""CP"", ""MR"", ""PP"", ""ST"", ""SS"", ""BK"", ""PG"", ""SP"", ""VW"", ""SE"", ""BL"", ""WC"", ""SY"", ""LB"", ""CO""]",18,"[""Balcony"", ""Built in Wardrobes"", ""Central A/C"", ""Covered Parking"", ""Maids Room"", ""Private Pool"", ""Study"", ""Shared Spa"", ""Kitchen Appliances"", ""Private Garden"", ""Shared Pool"", ""View of Water"", ""Security"", ""View of Landmark"", ""Walk-in Closet"", ""Shared Gym"", ""Lobby in Building"", ""Children's Pool""]",2,3,buy,EGP,"CAPITAL VILLAGE 
PALM HILLS DEVELOPMENT 
-------------------------------------------------------------
Unit Details : 
3 Bedrooms 
2 Bedrooms
Garden 
Pool 
Security 
Study
Gym
Jacuzzi
Balcony 
Central A/C
View of a landmark 
Prime location 
View of water 
------------------------------------------------------------------
For More Details Contact Me :[REDACTED_PHONE]
------------------------------------------------------------------
Palm Hills New Cairo is not only one of the most luxurious projects in the East but also a one-of-a-kind fully sufficient gated community where the whole family unlocks a more comfortable living experience. Sprawling across 500 acres of land in the heart of New Cairo, Palm Hills utilized every sqm flawlessly to turn it into an unparalleled community.

 

Palm Hills didn’t only want to offer the residents of Palm Hills New Cairo Compound a convenient life inside the compound but also outside of it. It didn’t stop at crafting a unique master plan for the project filled with exclusive facilities and lavish homes, and integrated distinguishing services in the compound. It also placed Palm Hills New Cairo in a premium location to grant its people a more comfortable living experience. 

 

The prime features of Palm Hills New Cairo revolve around education, home needs, luxurious facilities, and a notable collection of units with impeccable architectural innovation.",/en/plp/buy/villa-for-sale-cairo-new-cairo-city-the-5th-settlement-5th-settlement-compounds-palm-hills-new-cairo-2PI74IQhRw0.html,True,51031322,"[""https://static.shared.propertyfinder.eg/media/images/listing/9HPRR1RC70XFYSK3GG322AJ6SR/24256e98-64a0-4e9f-bfc1-67e0a265db06/668x452.jpg""]",22,False,False,False,False,30.012271881103516,2026-02-09T21:58:32Z,9HPRR1RC70XFYSK3GG322AJ6SR,5,"Palm Hills New Cairo, 5th Settlement Compounds, The 5th Settlement, New Cairo City, Cairo",2780,"Cairo, New Cairo City, The 5th Settlement, 5th Settlement Compounds",new-cairo-city-the-5th-settlement-5th-settlement-compounds-palm-hills-new-cairo,COMPOUND,31.57951545715332,17200000,85572.13930348259,Villa,property,2026-02-09T21:58:32Z,https://www.propertyfinder.eg/en/plp/buy/villa-for-sale-cairo-new-cairo-city-the-5th-settlement-5th-settlement-compounds-palm-hills-new-cairo-2PI74IQhRw0.html,201,201,EG,propertyfinder,WITH 5%DP !! FULLY FINISHED VILLA FOR SALE .
"[""BA"", ""BW"", ""AC"", ""CP"", ""BK"", ""MR"", ""PG"", ""PP"", ""SP"", ""ST"", ""VW"", ""SE"", ""SS"", ""SY"", ""WC"", ""BL"", ""LB"", ""CO""]",18,"[""Balcony"", ""Built in Wardrobes"", ""Central A/C"", ""Covered Parking"", ""Kitchen Appliances"", ""Maids Room"", ""Private Garden"", ""Private Pool"", ""Shared Pool"", ""Study"", ""View of Water"", ""Security"", ""Shared Spa"", ""Shared Gym"", ""Walk-in Closet"", ""View of Landmark"", ""Lobby in Building"", ""Children's Pool""]",2,3,buy,EGP,"Project Overview:
• Project Name: CFC New Cairo
• Developer: Al-Futtaim
• Unit Type: Villa (Quattro)
• Built-Up Area: 282 SQM
• Finishing: Core & Shell
• Delivery: Ready to move
___________________________________________
Financial & Payment Plan:
• Total Price: 29,250,000 EGP
___________________________________________

Why This Unit – CFC New Cairo?
• Premium villa in CFC compound
• Ready to move Core & Shell
• Ideal for customization to personal taste
• Excellent investment potential with high demand
• Access to compound amenities and Cairo Festival Mall facilities",/en/plp/buy/villa-for-sale-cairo-new-cairo-city-north-investors-area-cairo-festival-city-8681316.html,True,8681316,"[""https://static.shared.propertyfinder.eg/media/images/listing/4NNVMXAQCJ05ET3GF2YM7X5TYM/4403fbe4-416a-4870-82d6-3d38be1593ce/668x452.jpg""]",16,False,False,False,False,30.028350830078125,2026-02-09T14:54:05Z,4NNVMXAQCJ05ET3GF2YM7X5TYM,4,"Cairo Festival City, North Investors Area, New Cairo City, Cairo",2572,"Cairo, New Cairo City, North Investors Area",new-cairo-city-north-investors-area-cairo-festival-city,COMPOUND,31.408384323120117,29250000,103723.40425531915,Villa,property,2026-02-09T14:54:05Z,https://www.propertyfinder.eg/en/plp/buy/villa-for-sale-cairo-new-cairo-city-north-investors-area-cairo-festival-city-8681316.html,282,282,EG,propertyfinder,Ready Quattro Villa For Sale In CFC New Cairo
"[""BA"", ""BW"", ""AC"", ""CP"", ""BK"", ""MR"", ""PG"", ""PP"", ""SP"", ""ST"", ""VW"", ""SE"", ""SS"", ""SY"", ""WC"", ""BL"", ""LB"", ""CO""]",18,"[""Balcony"", ""Built in Wardrobes"", ""Central A/C"", ""Covered Parking"", ""Kitchen Appliances"", ""Maids Room"", ""Private Garden"", ""Private Pool"", ""Shared Pool"", ""Study"", ""View of Water"", ""Security"", ""Shared Spa"", ""Shared Gym"", ""Walk-in Closet"", ""View of Landmark"", ""Lobby in Building"", ""Children's Pool""]",2,3,buy,EGP,"181 sq m villa with a down payment of 4,000,000 EGP, sea view (fully finished with ACs & kitchen) in Silver Sands Village, North Coast, Sidi Heneish

A prime location villa with a sea view for sale in Silver Sands Village

From the projects of Ora Real Estate Development Company

Fully finished

Prime location at kilometer 222 on the Alexandria-Matrouh Road, near Borg El Arab Airport, Fouka Road, and Mountain View

10% down payment and installments up to 8 years

For more details, call[REDACTED_PHONE]

For more details, call[REDACTED_PHONE]",/en/plp/buy/villa-for-sale-north-coast-qesm-marsa-matrouh-silver-sands-8680044.html,True,8680044,"[""https://static.shared.propertyfinder.eg/media/images/listing/63G4JXD24M9TQFMEBG7EQNQMDM/11c80cf3-eda8-4213-82ad-69b8874d403f/668x452.jpg""]",26,False,False,False,False,31.265277862548828,2026-02-09T13:28:06Z,63G4JXD24M9TQFMEBG7EQNQMDM,3,"Silver Sands, Qesm Marsa Matrouh, North Coast",41237,"North Coast, Qesm Marsa Matrouh",qesm-marsa-matrouh-silver-sands,DISTRICT,27.379444122314453,6000000,120000.0,Villa,property,2026-02-09T13:28:06Z,https://www.propertyfinder.eg/en/plp/buy/villa-for-sale-north-coast-qesm-marsa-matrouh-silver-sands-8680044.html,50,50,EG,propertyfinder,"181 sq m villa with a down payment of 4,000,000 EG"
"[""BA"", ""BW"", ""AC"", ""CP"", ""BK"", ""MR"", ""PG"", ""PP"", ""SP"", ""ST"", ""VW"", ""SE"", ""SS"", ""WC"", ""BL"", ""SY"", ""LB"", ""CO""]",18,"[""Balcony"", ""Built in Wardrobes"", ""Central A/C"", ""Covered Parking"", ""Kitchen Appliances"", ""Maids Room"", ""Private Garden"", ""Private Pool"", ""Shared Pool"", ""Study"", ""View of Water"", ""Security"", ""Shared Spa"", ""Walk-in Closet"", ""View of Landmark"", ""Shared Gym"", ""Lobby in Building"", ""Children's Pool""]",2,3,buy,EGP,"A great deal on a villa (3 floors) with a view of the Land scape  for sale in Sarai Compound, next to Madinaty, opposite Shorouk City, and on the Suez Road.

A prime location villa with a view of the Central Park for sale in Sarai Compound, opposite Shorouk City.

The compound is already inhabited and developed by MHD.

A prime location directly on the Suez Road, next to Madinaty, opposite Shorouk City, near AUC, and close to Nasr City and Heliopolis.

Installment options available. Total price: 10,000,000 EGP.

To view the villa now, call me at[REDACTED_PHONE] or leave your number in a message and we will get back to you with all the details.",/en/plp/buy/villa-for-sale-cairo-mostakbal-city---future-city-mostakbal-city-compounds-sarai-s1-8679820.html,True,8679820,"[""https://static.shared.propertyfinder.eg/media/images/listing/V44FF1ACNJ8DX4T8FHVCT06PQW/991edb27-b82d-4e39-b129-8b4923c04f0d/668x452.jpg""]",10,False,False,False,False,30.090049743652344,2026-02-09T13:10:09Z,V44FF1ACNJ8DX4T8FHVCT06PQW,5,"S1, Sarai, Mostakbal City Compounds, Mostakbal City - Future City, Cairo",42311,"Cairo, Mostakbal City - Future City, Mostakbal City Compounds, Sarai",mostakbal-city---future-city-mostakbal-city-compounds-sarai-s1,STREET,31.70280647277832,10000000,62500.0,Villa,property,2026-02-09T13:10:09Z,https://www.propertyfinder.eg/en/plp/buy/villa-for-sale-cairo-mostakbal-city---future-city-mostakbal-city-compounds-sarai-s1-8679820.html,160,160,EG,propertyfinder,A great deal on a villa (3 floors) with a view of
"[""BA"", ""PG"", ""SE"", ""LB"", ""BL"", ""WC""]",6,"[""Balcony"", ""Private Garden"", ""Security"", ""Lobby in Building"", ""View of Landmark"", ""Walk-in Closet""]",2,3,buy,EGP,"For Sale: Cash Villa in One of Madinaty’s Most Prestigious Phases – VG5

Model: II

Built-up Area: 191 m²
Land Area: 240 m²

Bedrooms: 3
Bathrooms: 3

Street View

Prime location
Very prime location within VG5

Immediate delivery
Fully finished with modern high-quality finishing
All financial dues fully paid

Price: 17,500,000 EGP (negotiable)

Unit Code: 18734
─────────────────
For inquiries, please contact us via:
Property Consultant: Eng Mohamed Magdy
WhatsApp:[REDACTED_PHONE]
─────────────────
WEALTHIEST PROPERTIES
Professional Real Estate Consultations & Management
Madinaty – East Hub – Block 18
Buy or sell your home with a company you can trust.",/en/plp/buy/villa-for-sale-cairo-madinaty-privado-8679083.html,True,8679083,"[""https://static.shared.propertyfinder.eg/media/images/listing/KPQ5MRSE60W4K0ZYGDM3NF5W08/8e9a5143-9068-4726-afdb-4e70c79e0cf6/668x452.jpg""]",22,False,False,False,False,30.091936111450195,2026-02-09T12:27:18Z,KPQ5MRSE60W4K0ZYGDM3NF5W08,3,"Privado, Madinaty, Cairo",42270,"Cairo, Madinaty",madinaty-privado,DISTRICT,31.66517448425293,17500000,91623.03664921466,Villa,property,2026-02-09T12:27:18Z,https://www.propertyfinder.eg/en/plp/buy/villa-for-sale-cairo-madinaty-privado-8679083.html,191,191,EG,propertyfinder,For Sale: Cash Villa in Madinaty Phases – VG5
"[""BA"", ""CO"", ""LB"", ""WC"", ""BL"", ""SY"", ""SS"", ""SE"", ""VW"", ""ST"", ""SP""]",11,"[""Balcony"", ""Children's Pool"", ""Lobby in Building"", ""Walk-in Closet"", ""View of Landmark"", ""Shared Gym"", ""Shared Spa"", ""Security"", ""View of Water"", ""Study"", ""Shared Pool""]",2,3,buy,EGP,"Own a Townhouse in VYE Compound
By SODIC – One of Egypt’s Leading Developers
Prime Location in New Sheikh Zayed

There are installment plans available.


Unit Details:
	•	Townhouse
	•	Built-up area: 196 sqm
	•	3 Bedrooms, 2 Bathrooms
	•	Flexible payment plans up to 10 years

Location:
	•	Situated in the most prestigious area of New Sheikh Zayed – Golden Square
	•	Excellent connectivity to all major roads
	•	Close to Cairo-Alexandria Desert Road
	•	Near Sphinx International Airport

Compound Features:
	•	Sports courts
	•	Swimming pools
	•	Landscaped green areas & artificial lakes
	•	Jogging & cycling tracks
	•	Fully equipped sports club
	•	Commercial area
	•	24/7 security & surveillance cameras

All units offer stunn",/en/plp/buy/villa-for-sale-giza-sheikh-zayed-city-sheikh-zayed-compounds-sodic-west-8677381.html,True,8677381,"[""https://static.shared.propertyfinder.eg/media/images/listing/WTX7990XQ6DRSSKW7GFEFWKNEC/c605f6c8-d1c7-4e43-bcd0-53d9dad0e189/668x452.jpg""]",10,False,False,False,False,30.076255798339844,2026-02-09T10:40:55Z,WTX7990XQ6DRSSKW7GFEFWKNEC,4,"Sodic West, Sheikh Zayed Compounds, Sheikh Zayed City, Giza",41130,"Giza, Sheikh Zayed City, Sheikh Zayed Compounds",sheikh-zayed-city-sheikh-zayed-compounds-sodic-west,SUBDISTRICT,30.94744110107422,6400000,320000.0,Villa,property,2026-02-09T10:40:55Z,https://www.propertyfinder.eg/en/plp/buy/villa-for-sale-giza-sheikh-zayed-city-sheikh-zayed-compounds-sodic-west-8677381.html,20,20,EG,propertyfinder,"Villa for sale in Sheikh Zayed, 220m², installment"
"[""BA"", ""LB"", ""BL"", ""VW"", ""SE""]",5,"[""Balcony"", ""Lobby in Building"", ""View of Landmark"", ""View of Water"", ""Security""]",2,3,buy,EGP,"Emaar 

Belle Vie 

October 

Standalone 
Type Grace A-M

Land 328 m
BUA 207 m

3 bedrooms ( 1 master )
2 bathrooms

Fully finished 

Prime location 

Downpayment 30,700,000
Remaining 4,300,000
Total 35,000,000

Maintenance 800,000

Delivery 2026

About New Avenue:
                     
New Avenue is a real estate consultancy based in Egypt, aiming at providing comprehensive services for your real estate needs. If you are willing to make an investment or are interested in buying a residential or a commercial property, we are there for you to ensure transforming your plans into reality.
                           
Given our individual experiences in the top real estate companies in Egypt & abroad, we have reached the conclusion that trust is primary factor we should be offering you when it comes to buying, renting or submitting your property for sale or rent.           

New Avenue is aiming to provide our customer with almost all the needs that you would need Residential or Commercial.",/en/plp/buy/villa-for-sale-giza-sheikh-zayed-city-new-zayed-city-belle-vie-8676462.html,True,8676462,"[""https://static.shared.propertyfinder.eg/media/images/listing/ETMCKCPQDTANEJERNACXZVNC6C/32cc6d69-5f83-4b4b-b3be-0cc44532ba97/668x452.jpg""]",11,False,False,False,False,30.062620162963867,2026-02-09T09:09:34Z,ETMCKCPQDTANEJERNACXZVNC6C,4,"Belle Vie, New Zayed City, Sheikh Zayed City, Giza",41200,"Giza, Sheikh Zayed City, New Zayed City",sheikh-zayed-city-new-zayed-city-belle-vie,SUBDISTRICT,30.891742706298828,35000000,169082.12560386473,Villa,property,2026-02-09T09:09:34Z,https://www.propertyfinder.eg/en/plp/buy/villa-for-sale-giza-sheikh-zayed-city-new-zayed-city-belle-vie-8676462.html,207,207,EG,propertyfinder,Villa belle vie October Fully finished for sale
"[""BA"", ""CP"", ""PG"", ""SP"", ""SE"", ""BL"", ""LB""]",7,"[""Balcony"", ""Covered Parking"", ""Private Garden"", ""Shared Pool"", ""Security"", ""View of Landmark"", ""Lobby in Building""]",2,3,buy,EGP,"In Sarai El Mostakbal City Compound
Directly on the Suez Road and next to Madinaty

Villa for sale, 160 sq m
(3 bedrooms + 2 bathrooms + reception + terrace + kitchen)
+ Private garden 79 sq m
+ Private roof 21 sq m

Upcoming delivery

Down payment of 1,563,000 EGP and installments over 7 years
Special discount for cash payment

For details:[REDACTED_PHONE] & WhatsApp",/en/plp/buy/villa-for-sale-cairo-mostakbal-city---future-city-mostakbal-city-compounds-croons-sarai-8672637.html,True,8672637,"[""https://static.shared.propertyfinder.eg/media/images/listing/AP3ZRJSHJA71P7SX6Q9Z3S006C/1f1c7c10-0f48-437f-9add-461c20d6849c/668x452.jpg""]",10,False,False,False,False,30.09476089477539,2026-02-08T14:27:55Z,AP3ZRJSHJA71P7SX6Q9Z3S006C,4,"Croons Sarai, Mostakbal City Compounds, Mostakbal City - Future City, Cairo",42257,"Cairo, Mostakbal City - Future City, Mostakbal City Compounds",mostakbal-city---future-city-mostakbal-city-compounds-croons-sarai,SUBDISTRICT,31.70647621154785,15638000,97737.5,Villa,property,2026-02-08T14:27:55Z,https://www.propertyfinder.eg/en/plp/buy/villa-for-sale-cairo-mostakbal-city---future-city-mostakbal-city-compounds-croons-sarai-8672637.html,160,160,EG,propertyfinder,"Villa for sale, near handover, in Sarai Mostakbal"
"[""MR"", ""ST"", ""AC"", ""BA"", ""PG"", ""PP"", ""SP"", ""SS"", ""SE"", ""CP"", ""BW"", ""WC"", ""BK"", ""VW"", ""BL"", ""SY"", ""LB"", ""CO""]",18,"[""Maids Room"", ""Study"", ""Central A/C"", ""Balcony"", ""Private Garden"", ""Private Pool"", ""Shared Pool"", ""Shared Spa"", ""Security"", ""Covered Parking"", ""Built in Wardrobes"", ""Walk-in Closet"", ""Kitchen Appliances"", ""View of Water"", ""View of Landmark"", ""Shared Gym"", ""Lobby in Building"", ""Children's Pool""]",2,3,buy,EGP,"Unit Type: villa 
Area:191m
--------
Total Price: 27,000,000
 Down Payment: 1,350,000
----------
Repayment Period: Up to 8 Years
-------
Details about Palm Hills Compound:
-----
Palm Hills New Cairo is one of Palm Hills Developments' most prominent projects, revolutionizing the housing sector in Egypt with its inspiring and authentic architectural designs and stunning landscapes.

The developer launched the project with a clear mission: to provide a unique and luxurious residential lifestyle, where residents' basic needs are immediately met through the compound's amenities.

In other words, living in Palm Hills New Cairo gives you immediate access to a variety of services, including food services, a qualified medical team, a shopping mall, a dining area, a social club, and much more.

However, what distinguishes Palm Hills New Cairo from its competitors is the diversity of its ideal units, which include villas, twin houses, apartments, townhouses, and duplexes.
for more info:1111556367",/en/plp/buy/villa-for-sale-cairo-new-cairo-city-the-5th-settlement-5th-settlement-compounds-palm-hills-new-cairo-8672384.html,True,8672384,"[""https://static.shared.propertyfinder.eg/media/images/listing/S8HRTRG01YEBEPMD54JPSH3M44/51fbec3a-904a-4e2d-ad64-0765ae535a93/668x452.jpg""]",18,False,False,False,False,30.012271881103516,2026-02-08T14:11:17Z,S8HRTRG01YEBEPMD54JPSH3M44,5,"Palm Hills New Cairo, 5th Settlement Compounds, The 5th Settlement, New Cairo City, Cairo",2780,"Cairo, New Cairo City, The 5th Settlement, 5th Settlement Compounds",new-cairo-city-the-5th-settlement-5th-settlement-compounds-palm-hills-new-cairo,COMPOUND,31.57951545715332,18900000,98952.87958115184,Villa,property,2026-02-08T14:11:17Z,https://www.propertyfinder.eg/en/plp/buy/villa-for-sale-cairo-new-cairo-city-the-5th-settlement-5th-settlement-compounds-palm-hills-new-cairo-8672384.html,191,191,EG,propertyfinder,villa 191 meters in Palm Hills new cairo with 5%DP
"[""BA"", ""AC"", ""BK"", ""PG"", ""PP"", ""SP"", ""ST"", ""VW""]",8,"[""Balcony"", ""Central A/C"", ""Kitchen Appliances"", ""Private Garden"", ""Private Pool"", ""Shared Pool"", ""Study"", ""View of Water""]",2,3,buy,EGP,"Emaar - Belle Vie

Stand alone  

Bua 203m
3Bedrooms 
2 bathroom

Fully finished 
Delivery 2027

Down payment : 1,783,094.00 
Renaming :33,878,794 till 2027 
Total price : 35,661,888



About New Avenue:                     
New Avenue is a real estate consultancy based in Egypt, aiming at providing comprehensive services for your real estate needs. If you are willing to make an investment or are interested in buying a residential or a commercial property, we are there for you to ensure transforming your plans into reality.
                           
Given our individual experiences in the top real estate companies in Egypt & abroad, we have reached the conclusion that trust is primary factor we should be offering you when it comes to buying, renting or submitting your property for sale or rent.

New Avenue is aiming to provide our customer with almost all the needs that you would need Residential or Commercial.",/en/plp/buy/villa-for-sale-giza-sheikh-zayed-city-new-zayed-city-belle-vie-8671053.html,True,8671053,"[""https://static.shared.propertyfinder.eg/media/images/listing/ETZD5TB47FY2M8VV8JHFFMW700/e8917584-e94e-465b-9919-c9338ef9cc64/668x452.jpg""]",10,False,False,False,False,30.062620162963867,2026-02-08T12:29:20Z,ETZD5TB47FY2M8VV8JHFFMW700,4,"Belle Vie, New Zayed City, Sheikh Zayed City, Giza",41200,"Giza, Sheikh Zayed City, New Zayed City",sheikh-zayed-city-new-zayed-city-belle-vie,SUBDISTRICT,30.891742706298828,35661888,175674.3251231527,Villa,property,2026-02-08T12:29:20Z,https://www.propertyfinder.eg/en/plp/buy/villa-for-sale-giza-sheikh-zayed-city-new-zayed-city-belle-vie-8671053.html,203,203,EG,propertyfinder,Stand alone  Fully finished for sale in Belle Vie
"[""BA"", ""BW"", ""AC"", ""CP"", ""BK"", ""MR"", ""PG"", ""PP"", ""SP"", ""ST"", ""VW"", ""SE"", ""SS"", ""SY"", ""WC"", ""BL"", ""LB"", ""CO""]",18,"[""Balcony"", ""Built in Wardrobes"", ""Central A/C"", ""Covered Parking"", ""Kitchen Appliances"", ""Maids Room"", ""Private Garden"", ""Private Pool"", ""Shared Pool"", ""Study"", ""View of Water"", ""Security"", ""Shared Spa"", ""Shared Gym"", ""Walk-in Closet"", ""View of Landmark"", ""Lobby in Building"", ""Children's Pool""]",2,3,buy,EGP,"Project Name : Soma Bay


Unit Details:
Bua:180
3Bedroom
3Bathroom
Fully Finished


Facilities:
Biggest Golf in the Middle East
Biggest spa in the Middle East
Kite House 3rd best spot in the world
Supermarket
Mobil gas station
Pharmacy
Biggest medical center
Glide store
Sea Water purification plant
Electric power grid 12GW
Aqua Park for kids
8 Tennis courts
Squash courts
Cable park/zip line
Soma sporting club
11km promenade
8 beaches available for homeowners
450 meter jetty on the reef
2 Islands accessible by bridges
180 degrees sea
Stables
Pets hospital
Safari buggies activities
Catamaran (ocean dive)
Marina capacity 207 boat
Pools and facilities in every project.",/en/plp/buy/villa-for-sale-red-sea-hurghada-safaga-soma-bay-arc-of-soma-8669072.html,True,8669072,"[""https://static.shared.propertyfinder.eg/media/images/listing/V1681KNDE79F7006DKA4K0TNQ8/e3d10082-68b9-45fd-92dd-f35d373a2293/668x452.jpg""]",12,False,False,False,False,26.85028076171875,2026-02-08T09:33:49Z,V1681KNDE79F7006DKA4K0TNQ8,5,"ARC of Soma, Soma Bay, Safaga, Hurghada, Red Sea",42129,"Red Sea, Hurghada, Safaga, Soma Bay",hurghada-safaga-soma-bay-arc-of-soma,STREET,33.99964141845703,24000000,133333.33333333334,Villa,property,2026-02-08T09:33:49Z,https://www.propertyfinder.eg/en/plp/buy/villa-for-sale-red-sea-hurghada-safaga-soma-bay-arc-of-soma-8669072.html,180,180,EG,propertyfinder,Villa For Sale Prime Location In Soma Bay
"[""BA"", ""BW"", ""CP"", ""BK"", ""PG"", ""SE"", ""WC"", ""BL""]",8,"[""Balcony"", ""Built in Wardrobes"", ""Covered Parking"", ""Kitchen Appliances"", ""Private Garden"", ""Security"", ""Walk-in Closet"", ""View of Landmark""]",2,3,buy,EGP,"Mivida 

standalone villa 

Land: 568M
Bua: 254M

3 bedrooms 
1 master bedroom + dressing room 
2 bathrooms 

Driver room
Glass room 

Super deluxe finishing


Price: 50,000,000 EGP


About New Avenue:

New Avenue is a real estate consultancy based in Egypt, aiming at providing comprehensive services for your real estate needs. If you are willing to make an investment or are interested in buying a residential or a commercial property, we are there for you to ensure transforming your plans into reality.

Given our individual experiences in the top real estate companies in Egypt & abroad, we have reached the conclusion that trust is primary factor we should be offering you when it comes to buying, renting or submitting your property for sale or rent.

New Avenue is aiming to provide our customer with almost all the needs that you would need Residential or Commercial. New Avenue offers offices and Retails that are available in almost every district in Egypt like New Cairo, Heliopolis, Nasr City, 6th of October.",/en/plp/buy/villa-for-sale-cairo-new-cairo-city-the-5th-settlement-5th-settlement-compounds-mivida-8668506.html,True,8668506,"[""https://static.shared.propertyfinder.eg/media/images/listing/782PZMV9B3M4Z7RBQBPWV5R8EG/fd8e78a7-bda7-4c82-89cb-310b988d3207/668x452.jpg""]",11,False,True,False,False,30.00575065612793,2026-02-07T23:42:56Z,782PZMV9B3M4Z7RBQBPWV5R8EG,5,"Mivida, 5th Settlement Compounds, The 5th Settlement, New Cairo City, Cairo",2751,"Cairo, New Cairo City, The 5th Settlement, 5th Settlement Compounds",new-cairo-city-the-5th-settlement-5th-settlement-compounds-mivida,COMPOUND,31.533998489379883,50000000,196850.3937007874,Villa,property,2026-02-07T23:42:56Z,https://www.propertyfinder.eg/en/plp/buy/villa-for-sale-cairo-new-cairo-city-the-5th-settlement-5th-settlement-compounds-mivida-8668506.html,254,254,EG,propertyfinder,Standalone villa Super deluxe finishing in Mivida
"[""BA"", ""BW"", ""CP"", ""PP"", ""AC"", ""SE"", ""PG"", ""WC"", ""BL""]",9,"[""Balcony"", ""Built in Wardrobes"", ""Covered Parking"", ""Private Pool"", ""Central A/C"", ""Security"", ""Private Garden"", ""Walk-in Closet"", ""View of Landmark""]",2,3,buy,EGP,"* Palm hills
* Palm katameya 2
* Standalone 

* BUA: 312 sqm 
* Roof: 86 sqm
* Land: 587 sqm
* Garden: 450 sqm

* Fully finished (ultra super lux first use)
* Smart home system 
* ACs
* Heaters 
* Swimming pool

* G+1st+Penthouse
* Ground (Reception+dining+Guest toilet+kitchen)
* First floor (Master with dressing + Bathroom+ 2 bedrooms + Bathroom)
* Roof (Living+bathroom)

* Delivered 

* Down Payment: 38,285,520 EGP (maintenance Fees included)
* Remaining installments: 9,130.000 EGP

 • Quarter: 415,000 EGP Till (12/2030)
Next installment 9/2025


•Total Price: 46,000,000 EGP
* Maintenance Fees: 1,415,520 EGP (Include in Down payment)



About New Avenue:

New Avenue is a real estate consultancy based in Egypt, aiming at providing comprehensive services for your real estate needs. If you are willing to make an investment or are interested in buying a residential or a commercial property, we are there for you to ensure transforming your plans into reality.

Given our individual experiences in the top real estate companies in Egypt & abroad, we have reached the conclusion that trust is primary factor we should be offering you when it comes to buying, renting or submitting your property for sale or rent.

New Avenue is aiming to provide our customer with almost all the needs that you would need Residential or Commercial. New Avenue offers offices and Retails that are available in almost every district in Egypt like New Cairo, Heliopolis, Nasr City, 6th of October.",/en/plp/buy/villa-for-sale-cairo-new-cairo-city-the-5th-settlement-5th-settlement-compounds-palm-hills-katameya-extension-8667808.html,True,8667808,"[""https://static.shared.propertyfinder.eg/media/images/listing/B940R7AKREE3MQPDK0YRTMDB48/17d326e3-36d1-47e1-9800-af63597a304a/668x452.jpg""]",9,False,True,False,False,30.0448055267334,2026-02-07T17:24:19Z,B940R7AKREE3MQPDK0YRTMDB48,5,"Palm Hills Katameya Extension, 5th Settlement Compounds, The 5th Settlement, New Cairo City, Cairo",2745,"Cairo, New Cairo City, The 5th Settlement, 5th Settlement Compounds",new-cairo-city-the-5th-settlement-5th-settlement-compounds-palm-hills-katameya-extension,COMPOUND,31.54338836669922,46000000,147435.89743589744,Villa,property,2026-02-07T17:24:19Z,https://www.propertyfinder.eg/en/plp/buy/villa-for-sale-cairo-new-cairo-city-the-5th-settlement-5th-settlement-compounds-palm-hills-katameya-extension-8667808.html,312,312,EG,propertyfinder,Ultra super lux Standalone in Palm katameya 2
"[""BA"", ""BW"", ""CP"", ""PG"", ""MR"", ""SP"", ""VW"", ""SE"", ""BL""]",9,"[""Balcony"", ""Built in Wardrobes"", ""Covered Parking"", ""Private Garden"", ""Maids Room"", ""Shared Pool"", ""View of Water"", ""Security"", ""View of Landmark""]",2,3,buy,EGP,"For Sale, Standalone Villa in Belle Vie - Emaar - New Zayed 
Lake Villas phase 
Delivery 2026

Land: 310m2
BUA: 204m2

3 bedrooms 
3 bathrooms  
Open family living room
Nanny's room with bathroom 

Asking price for sale:
Downpayment: 17,500,000
Club fees: 600k
Remaining installments: 8,237,428 until 2030

bv011",/en/plp/buy/villa-for-sale-giza-sheikh-zayed-city-new-zayed-city-belle-vie-8667643.html,True,8667643,"[""https://static.shared.propertyfinder.eg/media/images/listing/PVDJ6VFVC093QRZCH16ANE98SM/a77844b6-2477-4064-9e54-5a07040fb9be/668x452.jpg""]",6,False,False,False,False,30.062620162963867,2026-02-07T16:34:33Z,PVDJ6VFVC093QRZCH16ANE98SM,4,"Belle Vie, New Zayed City, Sheikh Zayed City, Giza",41200,"Giza, Sheikh Zayed City, New Zayed City",sheikh-zayed-city-new-zayed-city-belle-vie,SUBDISTRICT,30.891742706298828,17500000,85784.3137254902,Villa,property,2026-02-07T16:34:33Z,https://www.propertyfinder.eg/en/plp/buy/villa-for-sale-giza-sheikh-zayed-city-new-zayed-city-belle-vie-8667643.html,204,204,EG,propertyfinder,Standalone Villa by Emaar -Soon Del-Serious Seller
"[""BA"", ""CO"", ""LB"", ""BL"", ""WC"", ""SY"", ""SS"", ""SE"", ""VW"", ""ST"", ""SP""]",11,"[""Balcony"", ""Children's Pool"", ""Lobby in Building"", ""View of Landmark"", ""Walk-in Closet"", ""Shared Gym"", ""Shared Spa"", ""Security"", ""View of Water"", ""Study"", ""Shared Pool""]",2,3,buy,EGP,"wn a townhouse in Lake West Compound, one of the most prestigious locations in Sheikh Zayed.

There are installment plans available.


Unit Details:
	•	Townhouse
	•	Land area: 181 m²
	•	Built-up area: 235 m²
	•	3 bedrooms, 3 bathrooms

Location:
	•	Located near many vital places:
	•	Near Mall of Arabia
	•	Near Juhayna Square
	•	Near Hunting Club
	•	Near Cairo University

Services:
	•	The compound offers numerous services, including:
	•	Spacious green areas
	•	Water features
	•	Swimming pools",/en/plp/buy/villa-for-sale-giza-6-october-city-green-belt-hood-1-st-8667065.html,True,8667065,"[""https://static.shared.propertyfinder.eg/media/images/listing/76Z6SBA2CXR8M4Z50VJTFQ1ZWR/2dfa9e07-c462-43bf-9bc7-c966ec3a0ff6/668x452.jpg""]",11,False,False,False,False,30.059566497802734,2026-02-07T15:13:50Z,76Z6SBA2CXR8M4Z50VJTFQ1ZWR,4,"Hood 1 St., Green Belt, 6 October City, Giza",21103,"Giza, 6 October City, Green Belt",6-october-city-green-belt-hood-1-st,STREET,30.92774772644043,5550000,277500.0,Villa,property,2026-02-07T15:13:50Z,https://www.propertyfinder.eg/en/plp/buy/villa-for-sale-giza-6-october-city-green-belt-hood-1-st-8667065.html,20,20,EG,propertyfinder,"Villa for sale in Sheikh Zayed, 230m, installments"
"[""BA"", ""AC"", ""MR"", ""PG"", ""BK"", ""CP"", ""BW"", ""PP"", ""SP"", ""ST"", ""SY"", ""VW"", ""SE"", ""SS"", ""WC"", ""BL"", ""CO"", ""LB""]",18,"[""Balcony"", ""Central A/C"", ""Maids Room"", ""Private Garden"", ""Kitchen Appliances"", ""Covered Parking"", ""Built in Wardrobes"", ""Private Pool"", ""Shared Pool"", ""Study"", ""Shared Gym"", ""View of Water"", ""Security"", ""Shared Spa"", ""Walk-in Closet"", ""View of Landmark"", ""Children's Pool"", ""Lobby in Building""]",2,3,buy,EGP,"Fully cancled chalet in Gouna Gouna first row on lagoon swan lake hassan allam

Chalet Al Gouna:

•Swan Lake Hassan Allam

First grade lagoon

• Embrased with adaptations + kitchen

• Presenter: 1.250.000

• The installment is available for 7 years without a void

• 25% discount on cash

To contact, identify a preview, and send the installment schedule:[REDACTED_PHONE]

•	 Organised around the artificial lakes of Crystal Lagoons with a beautiful design that surrounds the residences and provides a calm natural feeling.

•	 These lakes give a sense of water plantism at the centre of the project.

•	 Private sandy beach within the project to enjoy the sea and tranquillity away from the busy beaches.

•	 Clear sea water available for swimming and beach activities.

Clubhouse as an entertainment and meeting area.

•	 Pharmacy and commercial facilities to serve the population.

•	 Green spaces and picnic areas amid beautiful views.

•	 Mall, gardens and play areas for children",/en/plp/buy/villa-for-sale-red-sea-hurghada-el-gouna-swan-lake-gouna-8666098.html,True,8666098,"[""https://static.shared.propertyfinder.eg/media/images/listing/1VD13DDBA1KK518Z7RH6K8ZK4G/4a7566a8-d3e3-4551-8cbf-533bc619bfd0/668x452.jpg""]",10,False,False,False,False,27.40558624267578,2026-02-07T13:29:50Z,1VD13DDBA1KK518Z7RH6K8ZK4G,4,"Swan Lake Gouna, El Gouna, Hurghada, Red Sea",42148,"Red Sea, Hurghada, El Gouna",hurghada-el-gouna-swan-lake-gouna,SUBDISTRICT,33.658599853515625,17200000,172000.0,Villa,property,2026-02-07T13:29:50Z,https://www.propertyfinder.eg/en/plp/buy/villa-for-sale-red-sea-hurghada-el-gouna-swan-lake-gouna-8666098.html,100,100,EG,propertyfinder,Chalet gouna 1st row gouna  swan lake hassan allam
"[""BA"", ""CO"", ""LB"", ""BL""]",4,"[""Balcony"", ""Children's Pool"", ""Lobby in Building"", ""View of Landmark""]",2,3,buy,EGP,"Own a Twin House in the Most Prestigious Location in Sheikh Zayed – Jules Compound
With a Prime Location & Easy Installments Over 9 Years!

There are installment plans available


Now you can own a luxurious Twin House with exceptional features in one of the most prestigious compounds on the Cairo-Alexandria Desert Road,
near Mall of Arabia, Juhayna Square, and 26th of July Corridor.

Unit Details:
	•	Unit Type: Twin House
	•	Land Area: 387 sqm
	•	Built-up Area: 292 sqm
	•	Roof Area: 137 sqm
	•	Terrace: 15 sqm

Prime Location Features:
	•	In the heart of Sheikh Zayed
	•	Steps away from key landmarks and vital roads
	•	Privacy and tranquility with easy access

Jules Compound Amenities:
	•	Vast green spaces
	•	Artificial lakes
	•	Swimming pools
	•	Fully-equipped gym
	•	Elegant clubhouse
	•	Children’s play area
	•	Running and cycling track

Payment Plan:
	•	Ea",/en/plp/buy/villa-for-sale-giza-6-october-city-cairo-alexandria-desert-road-joulz-8665490.html,True,8665490,"[""https://static.shared.propertyfinder.eg/media/images/listing/HQGTAMFBSDT6MBSSTBF4AZ4CKG/7fe168d9-7a01-40fd-8aca-aadf5a5fc080/668x452.jpg""]",10,False,False,False,False,30.007009506225586,2026-02-07T12:15:10Z,HQGTAMFBSDT6MBSSTBF4AZ4CKG,4,"Joulz, Cairo Alexandria Desert Road, 6 October City, Giza",21081,"Giza, 6 October City, Cairo Alexandria Desert Road",6-october-city-cairo-alexandria-desert-road-joulz,COMPOUND,31.04262924194336,6500000,325000.0,Villa,property,2026-02-07T12:15:10Z,https://www.propertyfinder.eg/en/plp/buy/villa-for-sale-giza-6-october-city-cairo-alexandria-desert-road-joulz-8665490.html,20,20,EG,propertyfinder,"Villa for sale in 6th of October City, 290 sq m,"
"[""BA"", ""CO"", ""LB"", ""WC"", ""BL"", ""SY"", ""SS"", ""SE"", ""VW"", ""ST"", ""SP"", ""PP""]",12,"[""Balcony"", ""Children's Pool"", ""Lobby in Building"", ""Walk-in Closet"", ""View of Landmark"", ""Shared Gym"", ""Shared Spa"", ""Security"", ""View of Water"", ""Study"", ""Shared Pool"", ""Private Pool""]",2,3,buy,EGP,"he price is paid upfront and the remainder can be paid in installments.


Layout:
4 Bedrooms (including a master bedroom with private bathroom & dressing room)
5 Bathrooms
Spacious open reception area
Large kitchen
Living room
Nanny’s room with private bathroom
Private garden

Private parking garage

Neom October Compound Services & Amenities
Vast green spaces and distinctive landscaping
Multiple swimming pools
Fully integrated social and sports club

Dedicated children’s areas
Walking track and bicycle lanes
Commercial mall with restaurants, cafés, and international brands
24/7 security and guarding
Luxurious entrances and designated visitor parking areas

Location
Neom October Compound is strategically located in 6th of October City, near Al Wahat",/en/plp/buy/villa-for-sale-giza-6-october-city-green-belt-porto-october-8665141.html,True,8665141,"[""https://static.shared.propertyfinder.eg/media/images/listing/9WTDF94P0683N1EFCCN326504R/481b2091-57f5-4090-a1f3-39fd2d6f1edf/668x452.jpg""]",12,False,False,False,False,29.99088478088379,2026-02-07T11:19:53Z,9WTDF94P0683N1EFCCN326504R,4,"Porto October, Green Belt, 6 October City, Giza",21141,"Giza, 6 October City, Green Belt",6-october-city-green-belt-porto-october,COMPOUND,30.897621154785156,4750000,237500.0,Villa,property,2026-02-07T11:19:53Z,https://www.propertyfinder.eg/en/plp/buy/villa-for-sale-giza-6-october-city-green-belt-porto-october-8665141.html,20,20,EG,propertyfinder,Villa for sale in the heart of Sheikh Zayed City
"[""BA"", ""AC"", ""BW"", ""CP"", ""MR"", ""BK"", ""PG"", ""PP"", ""SP"", ""ST"", ""VW"", ""SE"", ""SS"", ""BL"", ""SY"", ""WC"", ""LB"", ""CO""]",18,"[""Balcony"", ""Central A/C"", ""Built in Wardrobes"", ""Covered Parking"", ""Maids Room"", ""Kitchen Appliances"", ""Private Garden"", ""Private Pool"", ""Shared Pool"", ""Study"", ""View of Water"", ""Security"", ""Shared Spa"", ""View of Landmark"", ""Shared Gym"", ""Walk-in Closet"", ""Lobby in Building"", ""Children's Pool""]",2,3,buy,EGP,"Project Overview:
• Project Name: CFC New Cairo
• Developer: Al-Futtaim
• Unit Type: Villa (Quattro)
• Built-Up Area: 282 SQM
• Finishing: Core & Shell
• Delivery: Ready to move
___________________________________________
Financial & Payment Plan:
• Total Price: 29,250,000 EGP
___________________________________________

Why This Unit – CFC New Cairo?
• Premium villa in CFC compound
• Ready to move Core & Shell
• Ideal for customization to personal taste
• Excellent investment potential with high demand
• Access to compound amenities and Cairo Festival Mall facilities",/en/plp/buy/villa-for-sale-cairo-new-cairo-city-north-investors-area-cairo-festival-city-8661891.html,True,8661891,"[""https://static.shared.propertyfinder.eg/media/images/listing/RHP0Y0HZM08VQTYESSG8G17E3G/21bd3200-c087-48f3-a5f6-40dca1453a93/668x452.jpg""]",15,False,False,False,False,30.028350830078125,2026-02-05T18:04:46Z,RHP0Y0HZM08VQTYESSG8G17E3G,4,"Cairo Festival City, North Investors Area, New Cairo City, Cairo",2572,"Cairo, New Cairo City, North Investors Area",new-cairo-city-north-investors-area-cairo-festival-city,COMPOUND,31.408384323120117,29250000,103723.40425531915,Villa,property,2026-02-05T18:04:46Z,https://www.propertyfinder.eg/en/plp/buy/villa-for-sale-cairo-new-cairo-city-north-investors-area-cairo-festival-city-8661891.html,282,282,EG,propertyfinder,Ready Quattro Villa for Sale – in CFC New Cairo
"[""BA"", ""CP"", ""LB"", ""BL"", ""WC"", ""SY"", ""SS"", ""SE""]",8,"[""Balcony"", ""Covered Parking"", ""Lobby in Building"", ""View of Landmark"", ""Walk-in Closet"", ""Shared Gym"", ""Shared Spa"", ""Security""]",2,3,buy,EGP,"Unit Type: Villa - Type 3
-----
Land Area: 288 m2
Building Area: 195 m2
--------
Total Price: 35,300,000
10% Down Payment: 3,530,000
----------
Repayment Period: Up to 10 Years
------
Details about Bamboo Palm Hills Compound:
---------
Bamboo Palm Hills Compound is one of Palm Hills Developments' latest projects, located in a vital area in the heart of 6th of October City. The project spans a large area of ​​168,000 square meters and offers a variety of residential units. Units come in various sizes to meet the needs of customers and entrepreneurs. The project also features elegant designs, recreational services, and essential amenities.

The developer of the Bamboo Palm Hills project is Palm Hills Developments, a leading company in the Egyptian real estate market. The company has extensive experience in delivering luxury residential projects, providing a fully integrated residential environment that suits all segments of society. It offers projects with robust infrastructure and carefully considered designs. Among its most prominent projects are Hacienda Blue North Coast, Golf View 6 October Compound, and West Line Boulevard Mall.

Ramla Village North Coast adds a sophisticated, upscale lifestyle. At Marakez for Development and Real Estate, we implemented the project to include all essential services and various high-quality public facilities, as well as recreational activities that meet the daily needs of residents of all age groups.

-----
For more information:[REDACTED_PHONE]",/en/plp/buy/villa-for-sale-cairo-new-cairo-city-the-5th-settlement-5th-settlement-compounds-palm-hills-new-cairo-8659813.html,True,8659813,"[""https://static.shared.propertyfinder.eg/media/images/listing/14DNN9TG7AP8QZSCBJQMPB4H9R/b381508d-4eb7-4e98-89c3-a16cf8d287db/668x452.jpg""]",10,False,False,False,False,30.012271881103516,2026-02-05T14:38:38Z,14DNN9TG7AP8QZSCBJQMPB4H9R,5,"Palm Hills New Cairo, 5th Settlement Compounds, The 5th Settlement, New Cairo City, Cairo",2780,"Cairo, New Cairo City, The 5th Settlement, 5th Settlement Compounds",new-cairo-city-the-5th-settlement-5th-settlement-compounds-palm-hills-new-cairo,COMPOUND,31.57951545715332,35300000,181025.64102564103,Villa,property,2026-02-05T14:38:38Z,https://www.propertyfinder.eg/en/plp/buy/villa-for-sale-cairo-new-cairo-city-the-5th-settlement-5th-settlement-compounds-palm-hills-new-cairo-8659813.html,195,195,EG,propertyfinder,Own a luxurious 195 sqm villa in Bamboo Palm Hills
"[""BA"", ""BW"", ""CP"", ""MR"", ""PG"", ""SP"", ""SE"", ""SY"", ""WC"", ""BL"", ""LB"", ""CO""]",12,"[""Balcony"", ""Built in Wardrobes"", ""Covered Parking"", ""Maids Room"", ""Private Garden"", ""Shared Pool"", ""Security"", ""Shared Gym"", ""Walk-in Closet"", ""View of Landmark"", ""Lobby in Building"", ""Children's Pool""]",2,3,buy,EGP,"Standalone fully finished villa for sale in La Vista City New Administrative Capital by La Vista Developments
Ready to move villa located in a fully serviced gated community at the entrance of the New Capital with direct access to Mohamed Bin Zayed Axis

Villa details
Standalone villa
Land area 364 sqm
Built up area 309 sqm
Three level layout
Private garden
Private roof
Fully finished
Ready to move

Layout highlights
Spacious reception
Master bedrooms
Living area
Maid room
Roof with outdoor area
Private garden suitable for families

Price and payment plan
Total price 45000000 EGP
10 percent down payment
Installments up to 8 years
Equal installments

Key selling points
Standalone villa ready to move
Full privacy
Prime location in New Capital
Fully serviced gated compound
Reputable developer
Ideal for luxury living or long term investment

Compound features
Green areas
Water features
Club house
Kids areas
Restaurants and cafes
Medical services
24 7 security",/en/plp/buy/villa-for-sale-cairo-new-capital-city-new-capital-compounds-la-vista-city-8653898.html,True,8653898,"[""https://static.shared.propertyfinder.eg/media/images/listing/J990W1TJN1JAQ08Y7JZSX12GJG/b48924ab-eb27-47a7-a3eb-26b6107653b5/668x452.jpg""]",15,False,True,False,False,30.002904891967773,2026-02-04T16:01:19Z,J990W1TJN1JAQ08Y7JZSX12GJG,4,"La Vista City, New Capital Compounds, New Capital City, Cairo",40817,"Cairo, New Capital City, New Capital Compounds",new-capital-city-new-capital-compounds-la-vista-city,SUBDISTRICT,31.595441818237305,45000000,145631.06796116504,Villa,property,2026-02-04T16:01:19Z,https://www.propertyfinder.eg/en/plp/buy/villa-for-sale-cairo-new-capital-city-new-capital-compounds-la-vista-city-8653898.html,309,309,EG,propertyfinder,Finished Standalone Villa For Sale La Vista City
"[""BA"", ""BW"", ""AC"", ""CP"", ""BK"", ""MR"", ""PG"", ""PP"", ""SP"", ""ST"", ""VW"", ""SE"", ""SS"", ""SY"", ""WC"", ""BL"", ""LB"", ""CO""]",18,"[""Balcony"", ""Built in Wardrobes"", ""Central A/C"", ""Covered Parking"", ""Kitchen Appliances"", ""Maids Room"", ""Private Garden"", ""Private Pool"", ""Shared Pool"", ""Study"", ""View of Water"", ""Security"", ""Shared Spa"", ""Shared Gym"", ""Walk-in Closet"", ""View of Landmark"", ""Lobby in Building"", ""Children's Pool""]",2,3,buy,EGP,"3-bedroom apartment with a view of Central Park, available at a launch price from Hassan Allam, for sale in the heart of Mostakbal City, just minutes from the American University in Cairo.

A great deal on an apartment in the most prestigious and distinguished compound in Mostakbal City, Park Central.

Super Lux finishing + fully finished.

From Hassan Allam's projects.

Prime location near the Suez Road, minutes from Cairo Airport and the American University in Cairo, close to the German University in Cairo, the New Administrative Capital, and near Bin Zayed Axis.

10% down payment and installments over 10 years.

For more details, call ([REDACTED_PHONE]).",/en/plp/buy/villa-for-sale-cairo-mostakbal-city-future-city-mostakbal-city-compounds-park-central-8652662.html,True,8652662,"[""https://static.shared.propertyfinder.eg/media/images/listing/XP8JQ87W7EFCPGBJTBKW073R4M/e5663d1c-b5fc-4636-a4f3-8a8fd52abcfd/668x452.jpg""]",9,False,False,False,False,30.052030563354492,2026-02-04T14:24:45Z,XP8JQ87W7EFCPGBJTBKW073R4M,4,"Park Central, Mostakbal City Compounds, Mostakbal City - Future City, Cairo",42004,"Cairo, Mostakbal City - Future City, Mostakbal City Compounds",mostakbal-city-future-city-mostakbal-city-compounds-park-central,SUBDISTRICT,31.6801815032959,9176000,64619.718309859156,Villa,property,2026-02-04T14:24:45Z,https://www.propertyfinder.eg/en/plp/buy/villa-for-sale-cairo-mostakbal-city-future-city-mostakbal-city-compounds-park-central-8652662.html,142,142,EG,propertyfinder,"3-bedroom apartment with a view of Central Park, a"
"[""BA"", ""CO"", ""LB"", ""BL"", ""WC"", ""SY"", ""SS"", ""SE"", ""VW"", ""ST"", ""SP""]",11,"[""Balcony"", ""Children's Pool"", ""Lobby in Building"", ""View of Landmark"", ""Walk-in Closet"", ""Shared Gym"", ""Shared Spa"", ""Security"", ""View of Water"", ""Study"", ""Shared Pool""]",2,3,buy,EGP,"Own a twen house in Solana Compound, Sheikh Zayed
Resale – Below Developer’s Price

Unit Details:
	•	Twin House
Land area 339 m2
Building area 402 m2
Garden area 219 m2
Roof area 79 m2
3 bedrooms, 3 bathrooms
Ultra super deluxe finishing

Location:
	•	Prime location in Sheikh Zayed City
	•	Near Sphinx Airport
	•	Close to Al Ahly Club and Wadi Degla Club
	•	Close to Hyper One
	•	Easy access to 26th of July Corridor

Facilities:
	•	Vast green spaces
	•	Artificial lakes
	•	Running and cycling tracks
	•	Swimming pools
	•	Kids’ entertainment areas
	•	Shopping mall
	•	Restaurants and cafes
	•	BBQ and relaxation zones",/en/plp/buy/villa-for-sale-giza-sheikh-zayed-city-sheikh-zayed-compounds-sodic-west-8652300.html,True,8652300,"[""https://static.shared.propertyfinder.eg/media/images/listing/F9KY391AK8FJYHXHAZ44ZD5WCG/59691832-c01b-4901-93fd-8eb6dabb5d3e/668x452.jpg""]",12,False,False,False,False,30.076255798339844,2026-02-04T13:54:52Z,F9KY391AK8FJYHXHAZ44ZD5WCG,4,"Sodic West, Sheikh Zayed Compounds, Sheikh Zayed City, Giza",41130,"Giza, Sheikh Zayed City, Sheikh Zayed Compounds",sheikh-zayed-city-sheikh-zayed-compounds-sodic-west,SUBDISTRICT,30.94744110107422,6200000,310000.0,Villa,property,2026-02-04T13:54:52Z,https://www.propertyfinder.eg/en/plp/buy/villa-for-sale-giza-sheikh-zayed-city-sheikh-zayed-compounds-sodic-west-8652300.html,20,20,EG,propertyfinder,"Own a villa in Sheikh Zayed, 400m², Installments"
"[""BA"", ""AC"", ""BK"", ""MR"", ""PG"", ""SP"", ""VW"", ""SE"", ""SS"", ""SY"", ""WC"", ""BL""]",12,"[""Balcony"", ""Central A/C"", ""Kitchen Appliances"", ""Maids Room"", ""Private Garden"", ""Shared Pool"", ""View of Water"", ""Security"", ""Shared Spa"", ""Shared Gym"", ""Walk-in Closet"", ""View of Landmark""]",2,3,buy,EGP,"For Sale
Ramla – Standalone Villa

• Built-up Area: 170 sqm
• Land Area: 320 sqm
• Bedrooms: 3
• Finishing: Fully Finished
• Delivery: June 2027
• Down Payment: EGP 13,154,000

• Total Price: EGP 31,427,000
• Maintenance: EGP 2,700,000

About New Avenue:

New Avenue is a real estate consultancy based in Egypt, aiming at providing comprehensive services for your real estate needs. If you are willing to make an investment or are interested in buying a residential or a commercial property, we are there for you to ensure transforming your plans into reality.

Given our individual experiences in the top real estate companies in Egypt & abroad, we have reached the conclusion that trust is primary factor we should be offering you when it comes to buying, renting or submitting your property for sale or rent.

New Avenue is aiming to provide our customer with almost all the needs that you would need Residential or Commercial. New Avenue offers offices and Retails that are available in almost every district in Egypt like New Cairo",/en/plp/buy/villa-for-sale-north-coast-ras-al-hekma-ramla-8650007.html,True,8650007,"[""https://static.shared.propertyfinder.eg/media/images/listing/DQF28QWJJDY1KQNF57ZYKESQHW/e4753341-5525-4535-9384-658d4c7317f7/668x452.jpg""]",10,False,False,False,False,31.103002548217773,2026-02-04T11:31:53Z,DQF28QWJJDY1KQNF57ZYKESQHW,3,"Ramla, Ras Al Hekma, North Coast",42339,"North Coast, Ras Al Hekma",ras-al-hekma-ramla,DISTRICT,27.915103912353516,31427000,184864.70588235295,Villa,property,2026-02-04T11:31:53Z,https://www.propertyfinder.eg/en/plp/buy/villa-for-sale-north-coast-ras-al-hekma-ramla-8650007.html,170,170,EG,propertyfinder,Fully finished standalone villa  prime location
"[""BA"", ""CO"", ""LB"", ""BL"", ""WC"", ""SY"", ""SS"", ""SE"", ""VW"", ""ST"", ""SP"", ""PG""]",12,"[""Balcony"", ""Children's Pool"", ""Lobby in Building"", ""View of Landmark"", ""Walk-in Closet"", ""Shared Gym"", ""Shared Spa"", ""Security"", ""View of Water"", ""Study"", ""Shared Pool"", ""Private Garden""]",2,3,buy,EGP,"A unique opportunity to own a luxury villa within one of the most prestigious residential communities in Sheikh Zayed – Noe Villa.

The villa features a spacious area of 360 square meters, with a smart and practical layout that provides maximum comfort and privacy for all family members.

A modern architectural design that blends elegance with functionality, offering wide interior spaces that allow natural light to flow throughout the day. Comfortable bedrooms with the flexibility to customize spaces according to your needs, in addition to ideal living areas for family time and hosting guests.

The project is characterized by tranquility and sophistication, offering a fully integrated residential environment with vast green spaces that create a sense of relaxation and serenity.",/en/plp/buy/villa-for-sale-giza-sheikh-zayed-city-new-zayed-city-novella-8649523.html,True,8649523,"[""https://static.shared.propertyfinder.eg/media/images/listing/KJZ1T0C7BN3XNAA8X0CPSESWSW/2d036f48-44b4-4b1a-aa97-2f2a87ade9c0/668x452.jpg""]",9,False,False,False,False,30.053253173828125,2026-02-04T10:55:27Z,KJZ1T0C7BN3XNAA8X0CPSESWSW,4,"Novella, New Zayed City, Sheikh Zayed City, Giza",41591,"Giza, Sheikh Zayed City, New Zayed City",sheikh-zayed-city-new-zayed-city-novella,SUBDISTRICT,30.943349838256836,5100000,255000.0,Villa,property,2026-02-04T10:55:27Z,https://www.propertyfinder.eg/en/plp/buy/villa-for-sale-giza-sheikh-zayed-city-new-zayed-city-novella-8649523.html,20,20,EG,propertyfinder,Own a villa in the heart of Sheikh Zayed with an
"[""BA"", ""BW"", ""AC"", ""BK"", ""PG"", ""CP"", ""MR"", ""PP"", ""SP"", ""ST"", ""VW"", ""SE"", ""SS"", ""SY"", ""WC"", ""BL"", ""LB"", ""CO""]",18,"[""Balcony"", ""Built in Wardrobes"", ""Central A/C"", ""Kitchen Appliances"", ""Private Garden"", ""Covered Parking"", ""Maids Room"", ""Private Pool"", ""Shared Pool"", ""Study"", ""View of Water"", ""Security"", ""Shared Spa"", ""Shared Gym"", ""Walk-in Closet"", ""View of Landmark"", ""Lobby in Building"", ""Children's Pool""]",2,3,buy,EGP,"SOMA BAY
OLYAN GROUP DEVELOPMENT
------------------------------------------------------
Unit Details:
3 Bedrooms
2 Bathroom
Garden
Pool
Security
Sea View
Prime Location
Spa
Gym
Panoramic View
View of a Landmark
Balcony
Nanny's Room
--------------------------------------------------------------------
For More Details Contact Me:[REDACTED_PHONE]
--------------------------------------------------------------------
Mesca Beach is Somabay exclusive beachfront enclave, directly opening onto its tranquil azure bay and captivating mountain space. Exquisite touches of luxury create the perfect ambience of a private single‑floor stand‑alone villa, with three en‑suite bedrooms, lavish living and dining areas, and a private swimming pool surrounded by an elaborate terrace for relaxing and entertaining.
Step from your luxury villa straight onto the sunny deck of your private pool and either dive in for a morning swim or cool off from the afternoon sun at your own private garden. Boasting large glass window facades and sharp contemporary lines, Mesca stand‑alone villa is carefully designed to invite ample light as well as the outdoors in, so you can forge an unobscured connection with nature from the comfort of your own home. Combining raw stone punctuation.",/en/plp/buy/villa-for-sale-red-sea-hurghada-safaga-soma-bay-bay-west-8647050.html,True,8647050,"[""https://static.shared.propertyfinder.eg/media/images/listing/NGVS0CQS0T0VNDC8NH1HDANDWR/be906774-2fb7-4c18-be42-f3f903a8d7e3/668x452.jpg""]",16,False,False,False,False,26.86422348022461,2026-02-03T17:40:22Z,NGVS0CQS0T0VNDC8NH1HDANDWR,5,"Bay West, Soma Bay, Safaga, Hurghada, Red Sea",41183,"Red Sea, Hurghada, Safaga, Soma Bay",hurghada-safaga-soma-bay-bay-west,STREET,33.97156524658203,18200000,130000.0,Villa,property,2026-02-03T17:40:22Z,https://www.propertyfinder.eg/en/plp/buy/villa-for-sale-red-sea-hurghada-safaga-soma-bay-bay-west-8647050.html,140,140,EG,propertyfinder,FULLY FINISHED SEA VIEW VILLA FOR SALE WITH 5% DP!
"[""BA"", ""BW"", ""AC"", ""CP"", ""BK"", ""MR"", ""PP"", ""PG"", ""SP"", ""CO"", ""LB"", ""BL"", ""WC"", ""SS"", ""SE"", ""VW""]",16,"[""Balcony"", ""Built in Wardrobes"", ""Central A/C"", ""Covered Parking"", ""Kitchen Appliances"", ""Maids Room"", ""Private Pool"", ""Private Garden"", ""Shared Pool"", ""Children's Pool"", ""Lobby in Building"", ""View of Landmark"", ""Walk-in Closet"", ""Shared Spa"", ""Security"", ""View of Water""]",2,3,buy,EGP,"For sale: Fully finished S-villa, 240 sq m.
3 bedrooms + living room.
Located in a 491-acre fully serviced compound in a strategic location, adjacent to Madinaty.
Close to major East Cairo roads: Suez Road - Cairo-Ismailia Road.
For more information and payment options:[REDACTED_PHONE]




Own a villa with a modern design that combines privacy and comfort within a fully serviced compound, with an ideal size suitable for families seeking a sophisticated and tranquil lifestyle.

Unit Details:

Unit Type: S Villa

Built-up Area: 240 sq m

Number of Bedrooms: 3

Number of Bathrooms: 2",/en/plp/buy/villa-for-sale-cairo-madinaty-privado-8628811.html,True,8628811,"[""https://static.shared.propertyfinder.eg/media/images/listing/K61SNH0FRE851VJPYXBYD2MCZ4/a6d717b6-7f0b-44f9-8a05-3a04050d8c70/668x452.jpg""]",10,False,False,False,False,30.091936111450195,2026-02-03T14:05:24Z,K61SNH0FRE851VJPYXBYD2MCZ4,3,"Privado, Madinaty, Cairo",42270,"Cairo, Madinaty",madinaty-privado,DISTRICT,31.66517448425293,9000000,225000.0,Villa,property,2026-02-03T14:05:24Z,https://www.propertyfinder.eg/en/plp/buy/villa-for-sale-cairo-madinaty-privado-8628811.html,40,40,EG,propertyfinder,For sale Svilla fully finished in a prime location
"[""BA"", ""BW"", ""AC"", ""CP"", ""BK"", ""MR"", ""PG"", ""PP"", ""SP"", ""ST"", ""VW"", ""SE"", ""SS"", ""SY"", ""WC"", ""BL"", ""LB"", ""CO""]",18,"[""Balcony"", ""Built in Wardrobes"", ""Central A/C"", ""Covered Parking"", ""Kitchen Appliances"", ""Maids Room"", ""Private Garden"", ""Private Pool"", ""Shared Pool"", ""Study"", ""View of Water"", ""Security"", ""Shared Spa"", ""Shared Gym"", ""Walk-in Closet"", ""View of Landmark"", ""Lobby in Building"", ""Children's Pool""]",2,3,buy,EGP,"A stunning villa with a private pool view in the New Administrative Capital's R4 district, next to La Vista City and New Gardens, and opposite the Iconic Tower.

A villa at a special price from Palm Hills in the New Administrative Capital's R4 district.

The villa spans 170 square meters and features 3 bedrooms, 2 bathrooms, a 3-piece reception area, and a nanny's room.

World-class design by SWA.

The development comprises apartments and villas.

Prime location next to La Vista City and New Gardens, near the American University in Cairo, minutes from the Middle Ring Road, and on the Bin Zayed South Axis.

10% down payment and installments over 12 years.

For more details, please call[REDACTED_PHONE].",/en/plp/buy/villa-for-sale-cairo-new-capital-city-new-capital-compounds-midtown-sky-8644332.html,True,8644332,"[""https://static.shared.propertyfinder.eg/media/images/listing/C1YX68BB61EBATGPTPRYARRJDW/7a6c8da3-afbe-4736-a308-83e7c0f011a3/668x452.jpg""]",10,False,False,False,False,29.95530128479004,2026-02-03T13:30:27Z,C1YX68BB61EBATGPTPRYARRJDW,4,"Midtown Sky, New Capital Compounds, New Capital City, Cairo",40896,"Cairo, New Capital City, New Capital Compounds",new-capital-city-new-capital-compounds-midtown-sky,SUBDISTRICT,31.704689025878906,26500000,155882.35294117648,Villa,property,2026-02-03T13:30:27Z,https://www.propertyfinder.eg/en/plp/buy/villa-for-sale-cairo-new-capital-city-new-capital-compounds-midtown-sky-8644332.html,170,170,EG,propertyfinder,A stunning villa with a private pool view in the N
"[""AC"", ""BW"", ""BA"", ""CP"", ""PG"", ""MR"", ""BK"", ""SP"", ""PP""]",9,"[""Central A/C"", ""Built in Wardrobes"", ""Balcony"", ""Covered Parking"", ""Private Garden"", ""Maids Room"", ""Kitchen Appliances"", ""Shared Pool"", ""Private Pool""]",2,3,buy,EGP,"- Finished Townhouse Corner for Sale in Belle Vie – Emaar
 Very Prime Location - Ready to move

Corner townhouse located in Belle Vie by Emaar, featuring a very prime location.

-Property Details:
Land Area: 300 sqm
(BUA): 206 sqm
3 Bedrooms + Living Room
3 Bathrooms
Nanny’s Room

-Price Details:
Cash Paid: EGP 17,200,000
Remaining Installments : EGP 4,800,000

A great opportunity to own a corner unit in one of Emaar’s most prestigious communities.
---------------------------------
-About NAJD: 
We Bring to you more than 13 years team experience in the market, that guarantee the best solutions for buying, selling or renting residential or commercial units in Egypt

Moreover, and for the first time counting on our “investment team” we guarantee you the best investment opportunities in one of the most emerging markets in Egypt “Real Estate”.

We guarantee you the best out there:
* Full coverage across all Egypt
* A Huge number of various units are ready for you
* Official agent for more than 200 projects inside and outside Egypt.
* Different specialized teams ready to fully support your different goals “Investment – Residential “",/en/plp/buy/villa-for-sale-giza-sheikh-zayed-city-new-zayed-city-belle-vie-8643053.html,True,8643053,"[""https://static.shared.propertyfinder.eg/media/images/listing/E265G267419WQT0EEWKG5JZ8BR/8d49b0ba-0616-4292-bbe9-002c08e61c19/668x452.jpg""]",12,False,False,False,False,30.062620162963867,2026-02-03T11:52:10Z,E265G267419WQT0EEWKG5JZ8BR,4,"Belle Vie, New Zayed City, Sheikh Zayed City, Giza",41200,"Giza, Sheikh Zayed City, New Zayed City",sheikh-zayed-city-new-zayed-city-belle-vie,SUBDISTRICT,30.891742706298828,17200000,84729.06403940887,Villa,property,2026-02-03T11:52:10Z,https://www.propertyfinder.eg/en/plp/buy/villa-for-sale-giza-sheikh-zayed-city-new-zayed-city-belle-vie-8643053.html,203,203,EG,propertyfinder,Finished Townhouse Corner-Ready to move-Best price
"[""BA"", ""CO"", ""LB"", ""BL"", ""WC"", ""SY"", ""SS"", ""SE"", ""VW"", ""ST"", ""SP""]",11,"[""Balcony"", ""Children's Pool"", ""Lobby in Building"", ""View of Landmark"", ""Walk-in Closet"", ""Shared Gym"", ""Shared Spa"", ""Security"", ""View of Water"", ""Study"", ""Shared Pool""]",2,3,buy,EGP,"Standalone Villa 314 sqm for Sale in El Karma Gates – El Sheikh Zayed

Own a luxurious standalone villa in one of the most prestigious compounds in El Sheikh Zayed – El Karma Gates. Enjoy modern design, spacious living, and a prime location close to all key destinations.

Unit Details:
	•	Unit Type: Standalone Villa
	•	Built-up Area: 314 sqm
	•	Land Area: Starting from 400 sqm (varies by layout)
	•	4 Bedrooms
	•	4 Bathrooms
	•	Maid’s Room with Bathroom
	•	Living Room
	•	Kitchen
	•	Private Garden
	•	Roof
	•	Super Lux Finishing / Semi-Finished (as per request)

El Karma Gates Compound Features:
	•	Prime location in the heart of El Sheikh Zayed
	•	Near Arkan Plaza, Hyper One & 26th of July Corridor
	•	Expansive green areas and landscaping
	•	24/7 security
	•	Clubhouse – Swimming Pools – Jogging Track
	•",/en/plp/buy/villa-for-sale-giza-sheikh-zayed-city-new-zayed-city-al-karma-gates-8637484.html,True,8637484,"[""https://static.shared.propertyfinder.eg/media/images/listing/S2RB8CD2QFVNB1KWX5FSSDM2ZR/426bbc69-26ff-4f89-bcfb-04e047222dec/668x452.jpg""]",8,False,False,False,False,30.068557739257812,2026-02-02T13:20:41Z,S2RB8CD2QFVNB1KWX5FSSDM2ZR,4,"Al Karma Gates, New Zayed City, Sheikh Zayed City, Giza",41164,"Giza, Sheikh Zayed City, New Zayed City",sheikh-zayed-city-new-zayed-city-al-karma-gates,SUBDISTRICT,30.922748565673828,5300000,265000.0,Villa,property,2026-02-02T13:20:41Z,https://www.propertyfinder.eg/en/plp/buy/villa-for-sale-giza-sheikh-zayed-city-new-zayed-city-al-karma-gates-8637484.html,20,20,EG,propertyfinder,"villa  for sale in Sheikh Zayed, 314 sq m, inst"
"[""AC"", ""CP"", ""BK"", ""BA"", ""BW"", ""MR"", ""PP"", ""SP"", ""PG"", ""VW"", ""SE"", ""ST"", ""SS"", ""SY"", ""WC"", ""BL"", ""LB"", ""CO""]",18,"[""Central A/C"", ""Covered Parking"", ""Kitchen Appliances"", ""Balcony"", ""Built in Wardrobes"", ""Maids Room"", ""Private Pool"", ""Shared Pool"", ""Private Garden"", ""View of Water"", ""Security"", ""Study"", ""Shared Spa"", ""Shared Gym"", ""Walk-in Closet"", ""View of Landmark"", ""Lobby in Building"", ""Children's Pool""]",2,3,buy,EGP,"Corner Townhouse on lagoon for sale in Caesar Sodic - Ras Al Hikma

Area:
- Built up area: 200 Sqm

Layout:
- 3 bedrooms (1 master)
- 2 bathrooms
- Living room

Project:
- Located in North Coast                                                                                                                                                                                                              
- Project details: includes 24/7 security, parking, and shared amenities.",/en/plp/buy/villa-for-sale-north-coast-qesm-marsa-matrouh-caesar-8637272.html,True,8637272,"[""https://static.shared.propertyfinder.eg/media/images/listing/09DHFWDRNNT162CFP85WRP4QAM/2b4cbf7f-819a-4005-bbff-a23e3e2dab08/668x452.jpg""]",13,False,False,False,False,31.08807373046875,2026-02-02T13:06:18Z,09DHFWDRNNT162CFP85WRP4QAM,3,"Caesar, Qesm Marsa Matrouh, North Coast",37762,"North Coast, Qesm Marsa Matrouh",qesm-marsa-matrouh-caesar,COMPOUND,28.011507034301758,44000000,220000.0,Villa,property,2026-02-02T13:06:18Z,https://www.propertyfinder.eg/en/plp/buy/villa-for-sale-north-coast-qesm-marsa-matrouh-caesar-8637272.html,200,200,EG,propertyfinder,Corner Townhouse on lagoon for sale in Caesar
"[""BA"", ""BW"", ""AC"", ""CP"", ""BK"", ""MR"", ""PG"", ""PP"", ""SP"", ""ST"", ""SS"", ""SE"", ""VW"", ""SY"", ""BL"", ""WC"", ""LB"", ""CO""]",18,"[""Balcony"", ""Built in Wardrobes"", ""Central A/C"", ""Covered Parking"", ""Kitchen Appliances"", ""Maids Room"", ""Private Garden"", ""Private Pool"", ""Shared Pool"", ""Study"", ""Shared Spa"", ""Security"", ""View of Water"", ""Shared Gym"", ""View of Landmark"", ""Walk-in Closet"", ""Lobby in Building"", ""Children's Pool""]",2,3,buy,EGP,"VILLA FOR SALE IN RAMLA RAS AL HIKMA

LAYOUT:

- NUMBER OF BEDROOMS: 3 BEDROOMS (1MASTER BEDROOMS)
- NUMBER OF BATHROOMS: 3 BATHROOMS
- LIVING ROOM
- NANNY AND DRIVER ROOM

PAYMENT:

- 5% AS A DOWNPAYMENT 

FINISHING:

- FULLY FINISHED
---------------------------------------------------------------------------------",/en/plp/buy/villa-for-sale-north-coast-ras-al-hekma-ramla-8636382.html,True,8636382,"[""https://static.shared.propertyfinder.eg/media/images/listing/CWMYVF1S3B5RQKAX220SWP9M4C/083e6254-6d8e-444f-83ab-939a78836cee/668x452.jpg""]",13,False,False,False,False,31.103002548217773,2026-02-02T12:14:36Z,CWMYVF1S3B5RQKAX220SWP9M4C,3,"Ramla, Ras Al Hekma, North Coast",42339,"North Coast, Ras Al Hekma",ras-al-hekma-ramla,DISTRICT,27.915103912353516,40000000,126582.27848101266,Villa,property,2026-02-02T12:14:36Z,https://www.propertyfinder.eg/en/plp/buy/villa-for-sale-north-coast-ras-al-hekma-ramla-8636382.html,316,316,EG,propertyfinder,VILLA FULLY FINISH FOR SALE IN RAMLA RAS ALHIKMA
"[""LB"", ""BL"", ""BA"", ""SE"", ""SS"", ""SY""]",6,"[""Lobby in Building"", ""View of Landmark"", ""Balcony"", ""Security"", ""Shared Spa"", ""Shared Gym""]",2,3,buy,EGP,"Villa for Sale – IVY Compound | Near Delivery

A great opportunity to own a villa inside IVY Compound, featuring a modern design and ideal spaces for upscale family living or secure investment, with a flexible payment plan and near delivery.

Villa Details:

Bedrooms: 3

Practical design with comfortable living spaces

Ideal for family living

Delivery within 6 months

Price:

Total price: EGP 9,886,000

Payment Plan:

15% down payment

Installments up to 5 years

IVY Compound Features:

Prime location with easy access

Modern architectural designs

Green spaces and landscaped areas

Fully integrated services

24/7 security and guarding

Upscale and quiet residential environment

------------------------------------------------------------------------------------------------------------------------------------------

Creative Real Estate Marketing
A specialized company providing integrated real estate solutions across Egypt, with strong expertise in selling ready units, premium projects, and offering the best investment opportunities.

Our Services Include:
• Administrative properties
• Residential properties
• Hotel-style units
• All types of rental units
• Sales and real estate marketing management",/en/plp/buy/villa-for-sale-cairo-shorouk-city-el-shorouk-compounds-ivy-residence-8636169.html,True,8636169,"[""https://static.shared.propertyfinder.eg/media/images/listing/9H0JEQW27K8RD0ASK34ZHQAPR8/49f317f9-ee7d-47b6-9cc5-4542a307221c/668x452.jpg""]",9,False,False,False,False,30.12101936340332,2026-02-02T11:58:46Z,9H0JEQW27K8RD0ASK34ZHQAPR8,4,"Ivy Residence, El Shorouk Compounds, Shorouk City, Cairo",41191,"Cairo, Shorouk City, El Shorouk Compounds",shorouk-city-el-shorouk-compounds-ivy-residence,SUBDISTRICT,31.64926528930664,9886000,54021.85792349727,Villa,property,2026-02-02T11:58:46Z,https://www.propertyfinder.eg/en/plp/buy/villa-for-sale-cairo-shorouk-city-el-shorouk-compounds-ivy-residence-8636169.html,183,183,EG,propertyfinder,Villa for Sale – IVY Compound | 15% Down Payment
"[""BA"", ""BW"", ""CP"", ""PG"", ""SE"", ""SS"", ""SY"", ""BL"", ""LB""]",9,"[""Balcony"", ""Built in Wardrobes"", ""Covered Parking"", ""Private Garden"", ""Security"", ""Shared Spa"", ""Shared Gym"", ""View of Landmark"", ""Lobby in Building""]",2,3,buy,EGP,"LEGANT VILLA | 178m² + 165m² Private Garden 
Talalah New Heliopolis | Next to Sodic East
Experience luxury living in a Fully Finished villa designed for comfort and privacy. Developed by Madinet Masr, this unit offers a vast garden that nearly matches the home's size, all within a prime location bordering Sodic East.

Unit Specifications:
Building Area: 178 sqm (Fully Finished).

Private Garden: 165 sqm (Perfect for outdoor living).

Layout: 3 Bedrooms + 2 Bathrooms + Spacious Reception + Kitchen + Terrace.

View: Direct, premium view of the Landscapes.

Historic Financial Offers:

5% Down Payment with installments over 15 Years.

Unbeatable 64% Cash Discount (The market's highest).

Prime Strategic Location:
Direct Neighbor: Wall-to-wall with Sodic East.

Accessibility: Minutes from Suez Road and the Middle Ring Road.

Hubs: Conveniently close to New Cairo, Nasr City, and New Giza.

Full Compound Amenities:
Sports & Leisure: Football/Tennis courts, swimming pools, and an elite Clubhouse.

Education & Health: International school & university + on-site hospital.

Lifestyle: Commercial mall, gas station, mosque, and high-end restaurants/cafes.

Nature: Jogging tracks, artificial lagoons, and lush green landscapes.

Step into a new era of luxury with the longest payment plan in Egypt!  Call/WhatsApp:[REDACTED_PHONE]",/en/plp/buy/villa-for-sale-cairo-new-heliopolis-new-heliopolis-compounds-talala-8635312.html,True,8635312,"[""https://static.shared.propertyfinder.eg/media/images/listing/BNB1ZVDBAH8HG1HT2RD4PT57Q8/bfe1a618-21a2-4e1c-9c14-474812282095/668x452.jpg""]",14,False,False,False,False,30.153987884521484,2026-02-02T10:43:50Z,BNB1ZVDBAH8HG1HT2RD4PT57Q8,4,"Talala, New Heliopolis Compounds, New Heliopolis, Cairo",42165,"Cairo, New Heliopolis, New Heliopolis Compounds",new-heliopolis-new-heliopolis-compounds-talala,SUBDISTRICT,31.6824893951416,24000000,134831.4606741573,Villa,property,2026-02-02T10:43:50Z,https://www.propertyfinder.eg/en/plp/buy/villa-for-sale-cairo-new-heliopolis-new-heliopolis-compounds-talala-8635312.html,178,178,EG,propertyfinder,Villa for Sale. Prime Spot next to Sodic East
"[""BA"", ""CO"", ""LB"", ""BL"", ""WC"", ""SY"", ""SS"", ""SE"", ""VW"", ""ST"", ""SP""]",11,"[""Balcony"", ""Children's Pool"", ""Lobby in Building"", ""View of Landmark"", ""Walk-in Closet"", ""Shared Gym"", ""Shared Spa"", ""Security"", ""View of Water"", ""Study"", ""Shared Pool""]",2,3,buy,EGP,"Townhouse for Sale in Joya – 430 sqm – Prime Location

 Location: Joya Compound – Sheikh Zayed
 Total Area: 430 square meters
Specifications:
4 master bedrooms
5 bathrooms
Spacious reception area

There are installment plans available.


Large kitchen
Living room
Maid’s room with private bathroom
Private garden
Luxury finishing

Compound Amenities:
Vast landscaped areas
Swimming p",/en/plp/buy/villa-for-sale-giza-6-october-city-6-october-compounds-jedar-8634415.html,True,8634415,"[""https://static.shared.propertyfinder.eg/media/images/listing/0JXTADW7YGNPYVX7X5QPY56DNW/03a09bd6-8665-477e-b6fc-ff90be13645c/668x452.jpg""]",12,False,False,False,False,30.006576538085938,2026-02-02T09:24:02Z,0JXTADW7YGNPYVX7X5QPY56DNW,4,"Jedar, 6 October Compounds, 6 October City, Giza",21348,"Giza, 6 October City, 6 October Compounds",6-october-city-6-october-compounds-jedar,COMPOUND,30.99048614501953,5700000,285000.0,Villa,property,2026-02-02T09:24:02Z,https://www.propertyfinder.eg/en/plp/buy/villa-for-sale-giza-6-october-city-6-october-compounds-jedar-8634415.html,20,20,EG,propertyfinder,"Villa for sale in Sheikh Zayed, installments"
"[""CO"", ""BL"", ""WC"", ""SE"", ""VW"", ""ST"", ""SP"", ""SY"", ""BK"", ""CP"", ""BW"", ""BA""]",12,"[""Children's Pool"", ""View of Landmark"", ""Walk-in Closet"", ""Security"", ""View of Water"", ""Study"", ""Shared Pool"", ""Shared Gym"", ""Kitchen Appliances"", ""Covered Parking"", ""Built in Wardrobes"", ""Balcony""]",2,3,buy,EGP,"For Sale in Fuka Bay

At the Lowest Possible Price!

Townhouse: 140 sqm

Ultra luxury finishing

Immediate delivery

3 bedrooms
2 bathrooms
Kitchen
Reception area
Terrace
Total Price: 14,700,000 EGP (Lowest price in the market!)

For inquiries via WhatsApp or by phone, please contact:[REDACTED_PHONE]

Over the years, the company has built a strong reputation based on credibility, professionalism, and providing real estate solutions that meet clients' needs, whether for housing or investment.

The Bright team comprises specialists in the real estate field with extensive experience and precise knowledge of the market and various projects. This enables them to provide the best real estate consultations to ensure maximum possible benefit for our clients.

Our goal is to help every client make the optimal decision by providing full support before, during, and after the purchase or sale process.

To contact us and for more details about available units, please call or send a WhatsApp message to:[REDACTED_PHONE]",/en/plp/buy/villa-for-sale-north-coast-qesm-marsa-matrouh-fouka-bay-8633590.html,True,8633590,"[""https://static.shared.propertyfinder.eg/media/images/listing/98S80NNBPVCDJYQZ3PRDR4XAZ4/109e2007-f545-407f-a2df-4b4ef7d15a61/668x452.jpg""]",12,False,False,False,False,31.090606689453125,2026-02-01T18:56:51Z,98S80NNBPVCDJYQZ3PRDR4XAZ4,3,"Fouka Bay, Qesm Marsa Matrouh, North Coast",37758,"North Coast, Qesm Marsa Matrouh",qesm-marsa-matrouh-fouka-bay,COMPOUND,27.94072723388672,14700000,105000.0,Villa,property,2026-02-01T18:56:51Z,https://www.propertyfinder.eg/en/plp/buy/villa-for-sale-north-coast-qesm-marsa-matrouh-fouka-bay-8633590.html,140,140,EG,propertyfinder,Prime offer Townhouse 140m Finished prime view now
"[""BA"", ""AC"", ""CP"", ""BK"", ""SP"", ""VW"", ""SE"", ""SY"", ""BL"", ""LB""]",10,"[""Balcony"", ""Central A/C"", ""Covered Parking"", ""Kitchen Appliances"", ""Shared Pool"", ""View of Water"", ""Security"", ""Shared Gym"", ""View of Landmark"", ""Lobby in Building""]",2,3,buy,EGP,"Standalone for Sale – Venice – Ain Sokhna

Area: 150 sqm + 80 sqm Garden + 50 sqm Roof
Floor: Ground + First + Roof

Layout:
Ground Floor: Living Room + Open Room (can be closed) + Kitchen + Bathroom
First Floor: 2 Bedrooms + Bathroom
For Sale: Fully furnished with appliances and ACs

View: Sea

Delivery: Immediate

Price: 2,550,000 EGP Cash

Founded in 2015, Chalehak is one of the specialized companies in touristic real estate marketing in Egypt. We focus mainly on Ain Sokhna, where we have extensive experience handling all types of units—whether in new developments under construction offered for sale, or ready-to-move resale units from owners.

Our mission is to help our clients find the most suitable property, whether for living or investment, by providing accurate consultations, clear comparisons between available options, and the latest information on developers, prices, and payment plans.

We believe that every client deserves a professional service that guarantees comfort and transparency, which is why we provide:

Marketing and resale of ready units at competitive prices.

The latest offers in newly launched projects under construction.

Full follow-up of the purchase process until contract signing and delivery.

Review legal documents and accompany clients step by step to guarantee a secure and smooth ownership transfer for both sellers and buyers.

Complete support from our sales team to help you choose the best opportunity in the market.

With Chalehak, you are not just looking for a property or a chalet, but for a secure investment and a smooth experience backed by real market expertise. We accompany you step by step to ensure that your real estate decision is the best one for you and your family in the long run.

With Chalehak… every detail of your real estate journey is clearer and easier

We offer a wide selection of villas and chalets for sale in Ain Sokhna’s top resorts, including:",/en/plp/buy/villa-for-sale-suez-al-ain-al-sokhna-venecia-bent-al-sultan-8632841.html,True,8632841,"[""https://static.shared.propertyfinder.eg/media/images/listing/CXG5KMPD6E20XS062HDMNNQ48M/be03d6be-6f6d-4f38-a53c-6de9e3536c09/668x452.jpg""]",10,False,False,False,False,29.27682113647461,2026-02-01T16:49:29Z,CXG5KMPD6E20XS062HDMNNQ48M,3,"Venecia Bent Al Sultan, Al Ain Al Sokhna, Suez",40404,"Suez, Al Ain Al Sokhna",al-ain-al-sokhna-venecia-bent-al-sultan,COMPOUND,32.60539627075195,2550000,17000.0,Villa,property,2026-02-01T16:49:29Z,https://www.propertyfinder.eg/en/plp/buy/villa-for-sale-suez-al-ain-al-sokhna-venecia-bent-al-sultan-8632841.html,150,150,EG,propertyfinder,Standalone for Sale – Venice – Ain Sokhna
"[""BA"", ""SE""]",2,"[""Balcony"", ""Security""]",2,3,buy,EGP,"Receive your Quattro villa within 6 months in Alex West - Your Real Estate Consultant / Youssef Emad:[REDACTED_PHONE]
 Area: 154 sq m
 3 Bedrooms, 2 Reception Rooms, 2 Bathrooms
 Fully Finished
 Open Views
 Delivery within 6 months
 Total Price: EGP 11,825,000
 Down Payment: EGP 4,138,760, and the rest in quarterly installments over 4 years
 Project Amenities: AlexWest Club - Radisson Blu Hotel - International School (Wellington) - Saudi German Hospital - Clubhouse - Private University - Certified Golf Course
 Code: PSC003P86
Villas for Sale Alex_West Investment Real Estate REMAX_Professional",/en/plp/buy/villa-for-sale-alexandria-alexandria-compounds-alex-west-8632779.html,True,8632779,"[""https://static.shared.propertyfinder.eg/media/images/listing/0DT5BBSN9TMY38X31NQBWXT65G/32a73dcf-7325-4d8b-907a-4657e46e01c2/668x452.jpg""]",15,False,False,False,False,31.04862403869629,2026-02-01T16:37:52Z,0DT5BBSN9TMY38X31NQBWXT65G,3,"Alex West, Alexandria Compounds, Alexandria",41404,"Alexandria, Alexandria Compounds",alexandria-compounds-alex-west,DISTRICT,29.709577560424805,11825000,76785.71428571429,Villa,property,2026-02-01T16:37:52Z,https://www.propertyfinder.eg/en/plp/buy/villa-for-sale-alexandria-alexandria-compounds-alex-west-8632779.html,154,154,EG,propertyfinder,Receive your Quattro villa within 6 months
"[""BA"", ""BW"", ""AC"", ""CP"", ""BK"", ""PG"", ""ST"", ""VW"", ""SE"", ""BL"", ""LB""]",11,"[""Balcony"", ""Built in Wardrobes"", ""Central A/C"", ""Covered Parking"", ""Kitchen Appliances"", ""Private Garden"", ""Study"", ""View of Water"", ""Security"", ""View of Landmark"", ""Lobby in Building""]",2,3,buy,EGP,"Duplex for Sale – First Gate (Khufu), Hadayek Al Ahram

A spacious duplex apartment for sale in a prime location inside Hadayek Al Ahram.

Area: 290 m²
Layout: 4-piece reception – American kitchen – 3 bedrooms – 2 bathrooms
Finishing: Super Super Lux
Garden: 60 m² private garden, separate from the apartment’s area
Features: Private entrance – Excellent location within Hadayek Al Ahram

Price: 4,400,000 EGP",/en/plp/buy/villa-for-sale-giza-hadayek-el-ahram-gate-1-khofo-8631121.html,True,8631121,"[""https://static.shared.propertyfinder.eg/media/images/listing/0BCR5BKXX0AB38P9QKFEK3A91C/55456599-3bfe-43ad-80fd-3e671beae44c/668x452.jpg""]",6,False,False,False,False,29.977811813354492,2026-02-01T13:37:43Z,0BCR5BKXX0AB38P9QKFEK3A91C,3,"Gate 1 - Khofo, Hadayek El Ahram, Giza",20665,"Giza, Hadayek El Ahram",hadayek-el-ahram-gate-1-khofo,DISTRICT,31.11191177368164,4100000,14137.931034482759,Villa,property,2026-02-01T13:37:43Z,https://www.propertyfinder.eg/en/plp/buy/villa-for-sale-giza-hadayek-el-ahram-gate-1-khofo-8631121.html,290,290,EG,propertyfinder,Duplex with Private Garden in 290m Special price
"[""BA"", ""BW"", ""AC"", ""CP"", ""MR"", ""PP"", ""SP"", ""PG"", ""BK"", ""ST"", ""VW"", ""LB"", ""BL"", ""SY"", ""SS"", ""SE"", ""WC"", ""CO""]",18,"[""Balcony"", ""Built in Wardrobes"", ""Central A/C"", ""Covered Parking"", ""Maids Room"", ""Private Pool"", ""Shared Pool"", ""Private Garden"", ""Kitchen Appliances"", ""Study"", ""View of Water"", ""Lobby in Building"", ""View of Landmark"", ""Shared Gym"", ""Shared Spa"", ""Security"", ""Walk-in Closet"", ""Children's Pool""]",2,3,buy,EGP,"Villa for sale from La Vista Developments

 Prime location in New Cairo, directly in front of Mivida Compound and just minutes away from 90 Street.

Built-up area: 218 sqm

Land area: 272 sqm

Layout: 4 bedrooms (including 1 master), 2 bathrooms, reception & living area

 Price: EGP 5,300,000 cash only upon contract, with the remaining amount payable in equal installments over 8 years.

 For details & to schedule a viewing:[REDACTED_PHONE]",/en/plp/buy/villa-for-sale-cairo-new-cairo-city-the-5th-settlement-5th-settlement-compounds-mivida-2P4DJIsQypc.html,True,51001118,"[""https://static.shared.propertyfinder.eg/media/images/listing/26SY4RQFHFTM26RY7PHD2067C0/7db21421-97f2-4598-b1ae-eb388592fb2c/668x452.jpg""]",8,False,False,False,False,30.00575065612793,2026-02-01T12:59:30Z,26SY4RQFHFTM26RY7PHD2067C0,5,"Mivida, 5th Settlement Compounds, The 5th Settlement, New Cairo City, Cairo",2751,"Cairo, New Cairo City, The 5th Settlement, 5th Settlement Compounds",new-cairo-city-the-5th-settlement-5th-settlement-compounds-mivida,COMPOUND,31.533998489379883,25000000,114678.89908256881,Villa,property,2026-02-01T12:59:30Z,https://www.propertyfinder.eg/en/plp/buy/villa-for-sale-cairo-new-cairo-city-the-5th-settlement-5th-settlement-compounds-mivida-2P4DJIsQypc.html,218,218,EG,propertyfinder,Villa for sale from La Vista near Mivida
"[""BA"", ""CP"", ""PG"", ""SP"", ""SE"", ""BL"", ""LB""]",7,"[""Balcony"", ""Covered Parking"", ""Private Garden"", ""Shared Pool"", ""Security"", ""View of Landmark"", ""Lobby in Building""]",2,3,buy,EGP,"For sale in a fully serviced compound with amenities, directly next to Sodic East Compound in New Heliopolis.

Villa, 166 sq m (3 bedrooms + 2 bathrooms + reception + terrace + kitchen) + 51 sq m private garden + 33 sq m private roof terrace. Super Lux finishing.

Down payment of 845,000 EGP with installments over 15 years, or a 64% discount for cash payment.

For details:[REDACTED_PHONE] & WhatsApp",/en/plp/buy/villa-for-sale-cairo-new-heliopolis-new-heliopolis-compounds-talala-8627301.html,True,8627301,"[""https://static.shared.propertyfinder.eg/media/images/listing/WVH60T9521H7ANZ01GV1FFQ2R4/c3a4c9d7-841c-4f3b-a503-aa3531a725a4/668x452.jpg""]",10,False,False,False,False,30.153987884521484,2026-01-31T15:23:59Z,WVH60T9521H7ANZ01GV1FFQ2R4,4,"Talala, New Heliopolis Compounds, New Heliopolis, Cairo",42165,"Cairo, New Heliopolis, New Heliopolis Compounds",new-heliopolis-new-heliopolis-compounds-talala,SUBDISTRICT,31.6824893951416,16906000,109070.96774193548,Villa,property,2026-01-31T15:23:59Z,https://www.propertyfinder.eg/en/plp/buy/villa-for-sale-cairo-new-heliopolis-new-heliopolis-compounds-talala-8627301.html,155,155,EG,propertyfinder,"Villa for sale, finished, in New Heliopolis,"
"[""BA"", ""PG"", ""MR""]",3,"[""Balcony"", ""Private Garden"", ""Maids Room""]",2,3,buy,EGP,"Finished Family house with open view-Phase 7

Family House with Big Garden in Bamboo Palm for Sale - Palm Hills, 6th October 
Fully Finished
Ready to move

BUA: 200 sqm 
Garden: 350 sqm 

3 Bedrooms
2 Bathrooms
Big Reception  - Kitchen 


Asking Price for Sale : 22,000,000 EGP 
Estimated Fair Market Value / REMAX : 
26,800,000 EGP 

For more options :
 [REDACTED_EMAIL]
 [REDACTED_PHONE]",/en/plp/buy/villa-for-sale-giza-6-october-city-al-wahat-road-palm-hills-golf-extension-8626762.html,True,8626762,"[""https://static.shared.propertyfinder.eg/media/images/listing/EH7HQ28ZR3F3WDT8NK91ED8YTR/97da288d-0b44-4610-b925-a4da2fcf24bd/668x452.jpg""]",6,False,False,False,False,29.957908630371094,2026-01-31T13:44:37Z,EH7HQ28ZR3F3WDT8NK91ED8YTR,4,"Palm Hills Golf Extension, Al Wahat Road, 6 October City, Giza",21055,"Giza, 6 October City, Al Wahat Road",6-october-city-al-wahat-road-palm-hills-golf-extension,COMPOUND,30.91575813293457,22000000,110000.0,Villa,property,2026-01-31T13:44:37Z,https://www.propertyfinder.eg/en/plp/buy/villa-for-sale-giza-6-october-city-al-wahat-road-palm-hills-golf-extension-8626762.html,200,200,EG,propertyfinder,Finished Family house with open view-Phase 7
"[""BA"", ""BW"", ""AC"", ""CP"", ""BK"", ""MR"", ""PG"", ""PP"", ""SP"", ""ST"", ""VW"", ""SE"", ""SS"", ""SY"", ""WC"", ""BL"", ""LB"", ""CO""]",18,"[""Balcony"", ""Built in Wardrobes"", ""Central A/C"", ""Covered Parking"", ""Kitchen Appliances"", ""Maids Room"", ""Private Garden"", ""Private Pool"", ""Shared Pool"", ""Study"", ""View of Water"", ""Security"", ""Shared Spa"", ""Shared Gym"", ""Walk-in Closet"", ""View of Landmark"", ""Lobby in Building"", ""Children's Pool""]",2,3,buy,EGP,"SOMA BAY
OLYAN GROUP DEVELOPMENT
------------------------------------------------------
Unit Details:
3 Bedrooms
2 Bathrooms
Garden
Pool
Security
Sea View
Prime Location
Spa
Gym
Panoramic View
View of a Landmark
Balcony
Nanny's Room
--------------------------------------------------------------------
For More Details Contact Me:[REDACTED_PHONE]
--------------------------------------------------------------------
Mesca Beach is Somabay exclusive beachfront enclave, directly opening onto its tranquil azure bay and captivating mountain space. Exquisite touches of luxury create the perfect ambience of a private single‑floor stand‑alone villa, with three en‑suite bedrooms, lavish living and dining areas, and a private swimming pool surrounded by an elaborate terrace for relaxing and entertaining.
Step from your luxury villa straight onto the sunny deck of your private pool and either dive in for a morning swim or cool off from the afternoon sun at your own private garden. Boasting large glass window facades and sharp contemporary lines, Mesca stand‑alone villa is carefully designed to invite ample light as well as the outdoors in, so you can forge an unobscured connection with nature from the comfort of your own home. Combining raw stone punctuation.",/en/plp/buy/villa-for-sale-red-sea-hurghada-safaga-soma-bay-mesca-2P2Z5obX74a.html,True,51109947,"[""https://static.shared.propertyfinder.eg/media/images/listing/QW0DGVSWMZPDRYTVR7MNSZHRD8/20b15b46-7e73-4052-8f96-406726700725/668x452.jpg""]",9,False,False,False,False,26.864334106445312,2026-01-31T13:09:07Z,QW0DGVSWMZPDRYTVR7MNSZHRD8,5,"Mesca, Soma Bay, Safaga, Hurghada, Red Sea",41181,"Red Sea, Hurghada, Safaga, Soma Bay",hurghada-safaga-soma-bay-mesca,STREET,33.96331024169922,19200000,105494.5054945055,Villa,property,2026-01-31T13:09:07Z,https://www.propertyfinder.eg/en/plp/buy/villa-for-sale-red-sea-hurghada-safaga-soma-bay-mesca-2P2Z5obX74a.html,182,182,EG,propertyfinder,FULLY FINISHED SEA VIEW VILLA FOR SALE IN SOMA BAY
"[""BA"", ""BW"", ""AC"", ""BK"", ""CP"", ""MR"", ""SY"", ""SS"", ""VW"", ""SE"", ""ST"", ""SP"", ""PP"", ""PG"", ""WC"", ""BL"", ""LB"", ""CO""]",18,"[""Balcony"", ""Built in Wardrobes"", ""Central A/C"", ""Kitchen Appliances"", ""Covered Parking"", ""Maids Room"", ""Shared Gym"", ""Shared Spa"", ""View of Water"", ""Security"", ""Study"", ""Shared Pool"", ""Private Pool"", ""Private Garden"", ""Walk-in Closet"", ""View of Landmark"", ""Lobby in Building"", ""Children's Pool""]",2,3,buy,EGP,"villa for sale in compound al patio l zahraa (lavista dev.) ready to move with installment 

prime loction behind rabwa compund and al ahly culb and etaba compound direct on nozha street behind hyper one 


25% over 4 years installment 

qaudro villa 

BUA: 213 meter 

land :300 meter 

----------------------------

for more info :[REDACTED_PHONE] 

----------------------------

basment :driver room +bathroom 

ground floor :3-piece reception +guest toilet + kitchen + garden 145 meter 

first floor :1 master bedroom with toilet and dressing +2 bedroom +bathroom +living room +3 tearcces 

roof :open areaa 75 meter +living room +toilet",/en/plp/buy/villa-for-sale-giza-sheikh-zayed-city-sheikh-zayed-compounds-allegria-8626273.html,True,8626273,"[""https://static.shared.propertyfinder.eg/media/images/listing/PZ8BYWGH64QZFXNEGRRDBXSHB0/1b31db2d-fd20-458b-940d-d6c381b5eb87/668x452.jpg""]",10,False,False,False,False,30.071285247802734,2026-01-31T12:23:43Z,PZ8BYWGH64QZFXNEGRRDBXSHB0,4,"Allegria, Sheikh Zayed Compounds, Sheikh Zayed City, Giza",28890,"Giza, Sheikh Zayed City, Sheikh Zayed Compounds",sheikh-zayed-city-sheikh-zayed-compounds-allegria,COMPOUND,30.95965576171875,21800000,102347.4178403756,Villa,property,2026-01-31T12:23:43Z,https://www.propertyfinder.eg/en/plp/buy/villa-for-sale-giza-sheikh-zayed-city-sheikh-zayed-compounds-allegria-8626273.html,213,213,EG,propertyfinder,villa ready to move with installment
"[""BA"", ""BW"", ""AC"", ""CP"", ""BK"", ""MR"", ""PG"", ""PP"", ""SP"", ""ST"", ""VW"", ""SE"", ""SS"", ""SY"", ""WC"", ""BL"", ""LB"", ""CO""]",18,"[""Balcony"", ""Built in Wardrobes"", ""Central A/C"", ""Covered Parking"", ""Kitchen Appliances"", ""Maids Room"", ""Private Garden"", ""Private Pool"", ""Shared Pool"", ""Study"", ""View of Water"", ""Security"", ""Shared Spa"", ""Shared Gym"", ""Walk-in Closet"", ""View of Landmark"", ""Lobby in Building"", ""Children's Pool""]",2,3,buy,EGP,"The project consists exclusively of villas.

82% of the project area is dedicated to green spaces, a lagoon, and amenities.

Project Amenities:

- Boutique Hotel
- Polo Fields
- International School
- Green Spaces
- Large Lagoon
- Electronic Gates
- Retail Shops
- Restaurants and Cafes

Payment Plans: 5% down payment and installments up to 8 years interest-free

Project Location:

20 minutes from Juhayna Square
5 minutes from Mountain View Chillout
Near the Boulevard Axis

The project consists exclusively of villas.

82% of the project area is dedicated to green spaces, a lagoon, and amenities.

Project Amenities:

- Boutique Hotel
- Polo Fields
- International School
- Green Spaces
- Large Lagoon
- Electronic Gates
- Retail Shops
- Restaurants and Cafes

Payment Plans: 5% down payment and installments up to 8 years interest-free

Project Location:

20 minutes from Juhayna Square
5 minutes from Mountain View Chillout
Near Boulevard Axis

The project consists exclusively of villas.

82% of the project area is dedicated to green spaces, a lagoon, and amenities.

Project Amenities:

- Boutique Hotel
- Polo Fields
- International School
- Green Spaces
- Large Lagoon
- Electronic Gates
- Retail Shops
- Restaurants and Cafes

Payment Plans: 5% Down Payment and Installments up to 8 Years Interest-Free


Near the M",/en/plp/buy/villa-for-sale-giza-6-october-city-green-belt-boulevard-road-kingsway-8623431.html,True,8623431,"[""https://static.shared.propertyfinder.eg/media/images/listing/C4JF9GKSTYSS0SMDT1FN4ZF9A0/eeaa7ff1-8ab7-43a0-a952-28a5be3513b1/668x452.jpg""]",11,False,False,False,False,29.970739364624023,2026-01-29T21:25:20Z,C4JF9GKSTYSS0SMDT1FN4ZF9A0,5,"Kingsway, Boulevard Road, Green Belt, 6 October City, Giza",42010,"Giza, 6 October City, Green Belt, Boulevard Road",6-october-city-green-belt-boulevard-road-kingsway,STREET,30.86318016052246,9999999,71428.56428571428,Villa,property,2026-01-29T21:25:20Z,https://www.propertyfinder.eg/en/plp/buy/villa-for-sale-giza-6-october-city-green-belt-boulevard-road-kingsway-8623431.html,140,140,EG,propertyfinder,Upper Garden Villa  | 9 years instalment
"[""BW"", ""CP"", ""BK"", ""MR"", ""PP"", ""SP"", ""ST"", ""PG"", ""AC"", ""BA"", ""VW"", ""SE"", ""SS"", ""SY"", ""WC"", ""LB"", ""CO"", ""BL""]",18,"[""Built in Wardrobes"", ""Covered Parking"", ""Kitchen Appliances"", ""Maids Room"", ""Private Pool"", ""Shared Pool"", ""Study"", ""Private Garden"", ""Central A/C"", ""Balcony"", ""View of Water"", ""Security"", ""Shared Spa"", ""Shared Gym"", ""Walk-in Closet"", ""Lobby in Building"", ""Children's Pool"", ""View of Landmark""]",2,3,buy,EGP,"VILLA 4 BEDROOMS  READY TO DELIVER FOR SALE IN CFC CAIRO FESTIVAL CITY

Property Details:
• Property Type: [Villa]
• Location: [Cairo Festival City] – [New Cairo]
• Area: [282] sqm
• Layout: [4] Bedrooms – [3] Bathrooms – [Reception / Kitchen / Terrace 
• Finishing: [Fully Finished / Ultra-Modern]
• Floor: [Ground with First floor] - 
• Orientation: [North-facing]

• Payment Plan:
Down Payment: Starting from [e.g., 10 %]
Installment Period: Up to [4] years

• Delivery: [Immediate or off-plan]

• Payment Terms: [Quarterly / Annually]

For more information or to schedule a viewing:
[[REDACTED_PHONE]]",/en/plp/buy/villa-for-sale-cairo-new-cairo-city-north-investors-area-cairo-festival-city-8622068.html,True,8622068,"[""https://static.shared.propertyfinder.eg/media/images/listing/ZBMFVGEMGZA5SS4K8SARXV5SYC/6a60a14e-0c29-4d66-8229-f1f117ab3da9/668x452.jpg""]",10,False,False,False,False,30.028350830078125,2026-01-29T15:57:00Z,ZBMFVGEMGZA5SS4K8SARXV5SYC,4,"Cairo Festival City, North Investors Area, New Cairo City, Cairo",2572,"Cairo, New Cairo City, North Investors Area",new-cairo-city-north-investors-area-cairo-festival-city,COMPOUND,31.408384323120117,28950000,102659.5744680851,Villa,property,2026-01-29T15:57:00Z,https://www.propertyfinder.eg/en/plp/buy/villa-for-sale-cairo-new-cairo-city-north-investors-area-cairo-festival-city-8622068.html,282,282,EG,propertyfinder,Villa Ready to move for sale in Cairo Festival
"[""BA"", ""CP"", ""PG"", ""SP"", ""ST"", ""VW"", ""SE"", ""SS"", ""SY"", ""WC"", ""BL""]",11,"[""Balcony"", ""Covered Parking"", ""Private Garden"", ""Shared Pool"", ""Study"", ""View of Water"", ""Security"", ""Shared Spa"", ""Shared Gym"", ""Walk-in Closet"", ""View of Landmark""]",2,3,buy,EGP,"(( Immediate Delivery )) - Directly opposite Rehab City
Directly in front of Al Rehab, minutes from 90 Street & AUC

Area 210 square meters
Consists of 3 bedrooms + 3 bathrooms 
- Layout: Ground floor with private garden + First floor + Roof
- Smart design – all rooms with views

Down payment 2,900,000 and deliver now + 10 Years installments 

For more details, please call or send a WhatsApp message to[REDACTED_PHONE]",/en/plp/buy/villa-for-sale-cairo-new-cairo-city-the-1st-settlement-creek-town-8621558.html,True,8621558,"[""https://static.shared.propertyfinder.eg/media/images/listing/5E5FMW22KCHYMEK121HJ7E0SNM/f8e6faaf-30d4-420d-81f2-1314014f15fb/668x452.jpg""]",10,False,False,False,False,30.08779525756836,2026-01-29T14:55:58Z,5E5FMW22KCHYMEK121HJ7E0SNM,4,"Creek Town, The 1st Settlement, New Cairo City, Cairo",41198,"Cairo, New Cairo City, The 1st Settlement",new-cairo-city-the-1st-settlement-creek-town,SUBDISTRICT,31.50897979736328,2900000,138095.2380952381,Villa,property,2026-01-29T14:55:58Z,https://www.propertyfinder.eg/en/plp/buy/villa-for-sale-cairo-new-cairo-city-the-1st-settlement-creek-town-8621558.html,21,21,EG,propertyfinder,with 35% cash discount luxury ready to move 210Sqm
"[""BA"", ""CP"", ""SP"", ""PG"", ""SE"", ""BL"", ""LB""]",7,"[""Balcony"", ""Covered Parking"", ""Shared Pool"", ""Private Garden"", ""Security"", ""View of Landmark"", ""Lobby in Building""]",2,3,buy,EGP,"Villa for sale, 150 sq m (3 bedrooms + 2 bathrooms + reception + terrace + kitchen) + private garden 65 sq m

In Sarai El Mostakbal City Compound
Next to Madinaty - Talaat Mostafa

Price before discount: 15,683,000
Price after discount: 7,841,000

Or with a down payment of 784,000 and installments over 12 years
For details:[REDACTED_PHONE] & WhatsApp",/en/plp/buy/villa-for-sale-cairo-mostakbal-city---future-city-mostakbal-city-compounds-sarai-esse-residence-8621473.html,True,8621473,"[""https://static.shared.propertyfinder.eg/media/images/listing/0FDF2THF73A56JK5BV5QBJE29M/3fdb0841-3fc1-4d41-b7e8-391b03add805/668x452.jpg""]",10,False,False,False,False,30.12450408935547,2026-01-29T14:46:06Z,0FDF2THF73A56JK5BV5QBJE29M,5,"Esse Residence, Sarai, Mostakbal City Compounds, Mostakbal City - Future City, Cairo",42222,"Cairo, Mostakbal City - Future City, Mostakbal City Compounds, Sarai",mostakbal-city---future-city-mostakbal-city-compounds-sarai-esse-residence,TOWER,31.692245483398438,7841000,52273.333333333336,Villa,property,2026-01-29T14:46:06Z,https://www.propertyfinder.eg/en/plp/buy/villa-for-sale-cairo-mostakbal-city---future-city-mostakbal-city-compounds-sarai-esse-residence-8621473.html,150,150,EG,propertyfinder,Villa for sale with a 50% discount in Sarai Mostak
"[""BA""]",1,"[""Balcony""]",2,3,buy,EGP,"Twin House for Sale in Uptown Cairo Eleva

Unit Details
Built-up area 280 sqm
Land area 320 sqm
3 bedrooms
Living room
Nanny room

Price
EGP 31,000,000

Code
SL1385
------------------------------
We help you:

Find your perfect home with ease and comfort.

Compare different options and discover their advantages.
Get to know the neighborhood and your future neighbors.
Choose the right space that fits your company size and team needs.
Our professional team is always ready to answer your real estate inquiries and guide you step by step until you move into your new home, office, or headquarters smoothly.",/en/plp/buy/villa-for-sale-cairo-mokattam-uptown-cairo-eleva-8619614.html,True,8619614,"[""https://static.shared.propertyfinder.eg/media/images/listing/FZ1Y0VKM20WW9VDW6ZSQXRMRDC/84cd9f86-90e2-4bb1-8346-0f50ee71dd97/668x452.jpg""]",15,False,False,False,False,30.019731521606445,2026-01-29T11:28:46Z,FZ1Y0VKM20WW9VDW6ZSQXRMRDC,4,"Eleva, Uptown Cairo, Mokattam, Cairo",40481,"Cairo, Mokattam, Uptown Cairo",mokattam-uptown-cairo-eleva,SUBDISTRICT,31.312759399414062,31000000,96875.0,Villa,property,2026-01-29T11:28:46Z,https://www.propertyfinder.eg/en/plp/buy/villa-for-sale-cairo-mokattam-uptown-cairo-eleva-8619614.html,320,320,EG,propertyfinder,Twin House Semi furnished for Sale in Uptown
"[""BA"", ""SE"", ""SY"", ""MR""]",4,"[""Balcony"", ""Security"", ""Shared Gym"", ""Maids Room""]",2,3,buy,EGP,"Standalone Villa for Sale – Cityzen Mostakbal City

Location: Cityzen Compound, Mostakbal City – East Cairo
Developer: Al Qamzi Developments
Unit Type: Standalone Villa

Built-Up Area: 275 sqm
Bedrooms: 3
Bathrooms: 2

Price: 30,900,000
Payment Plan: Installments up to 9 years

Villa Description:
This standalone villa is designed for modern family living, offering full privacy and a practical layout. It features spacious bedrooms, well-planned living areas, and bathrooms, providing comfort and convenience within a fully integrated residential compound.

Cityzen Compound Features:

Prime location in the heart of Mostakbal City, between New Cairo and the New Administrative Capital.

Easy access to major roads, including Suez Road and the Ring Road.

Thoughtful master plan with large green areas and open spaces.

Fully integrated residential community ensuring privacy and tranquility.

24/7 security and surveillance.

Social and sports facilities.

Walking, jogging, and cycling tracks.

Children’s play areas.

Commercial areas including shops, cafes, and restaurants.

High-quality infrastructure and utilities.

Perfect for luxury family living or long-term investment in one of Mostakbal City’s most promising projects.",/en/plp/buy/villa-for-sale-cairo-mostakbal-city---future-city-mostakbal-city-compounds-cityzen-8618017.html,True,8618017,"[""https://static.shared.propertyfinder.eg/media/images/listing/878M3VRPK0HFZJER6GS73F71C8/140004b1-2e1a-4cad-a980-c851337dff30/668x452.jpg""]",6,False,False,False,False,30.066843032836914,2026-01-28T17:31:29Z,878M3VRPK0HFZJER6GS73F71C8,4,"Cityzen, Mostakbal City Compounds, Mostakbal City - Future City, Cairo",42407,"Cairo, Mostakbal City - Future City, Mostakbal City Compounds",mostakbal-city---future-city-mostakbal-city-compounds-cityzen,SUBDISTRICT,31.642620086669922,30900000,112363.63636363637,Villa,property,2026-01-28T17:31:29Z,https://www.propertyfinder.eg/en/plp/buy/villa-for-sale-cairo-mostakbal-city---future-city-mostakbal-city-compounds-cityzen-8618017.html,275,275,EG,propertyfinder,Standalone Villa for Sale – Cityzen Mostakbal City
"[""BA"", ""BW"", ""AC"", ""CP"", ""PG"", ""SP"", ""ST"", ""VW"", ""SE"", ""SS"", ""SY"", ""WC"", ""BL"", ""CO"", ""BK"", ""MR"", ""PP"", ""LB""]",18,"[""Balcony"", ""Built in Wardrobes"", ""Central A/C"", ""Covered Parking"", ""Private Garden"", ""Shared Pool"", ""Study"", ""View of Water"", ""Security"", ""Shared Spa"", ""Shared Gym"", ""Walk-in Closet"", ""View of Landmark"", ""Children's Pool"", ""Kitchen Appliances"", ""Maids Room"", ""Private Pool"", ""Lobby in Building""]",2,3,buy,EGP,"SOMA BAY
OLYAN GROUP DEVELOPMENT
------------------------------------------------------
Unit Details:
3 Bedrooms
2 Bathroom
Garden
Pool
Security
Sea View
Prime Location
Spa
Gym
Panoramic View
View of a Landmark
Balcony
Nanny's Room
--------------------------------------------------------------------
For More Details Contact Me:[REDACTED_PHONE]
--------------------------------------------------------------------
Mesca Beach is Somabay exclusive beachfront enclave, directly opening onto its tranquil azure bay and captivating mountain space. Exquisite touches of luxury create the perfect ambience of a private single‑floor stand‑alone villa, with three en‑suite bedrooms, lavish living and dining areas, and a private swimming pool surrounded by an elaborate terrace for relaxing and entertaining.
Step from your luxury villa straight onto the sunny deck of your private pool and either dive in for a morning swim or cool off from the afternoon sun at your own private garden. Boasting large glass window facades and sharp contemporary lines, Mesca stand‑alone villa is carefully designed to invite ample light as well as the outdoors in, so you can forge an unobscured connection with nature from the comfort of your own home. Combining raw stone punctuation.",/en/plp/buy/villa-for-sale-red-sea-hurghada-safaga-soma-bay-bay-west-8617390.html,True,8617390,"[""https://static.shared.propertyfinder.eg/media/images/listing/9DQWRBB23H2JTSXSW1JDWAC84C/0bb70c52-d0a6-4d98-bb8e-cee2eba12b55/668x452.jpg""]",9,False,False,False,False,26.86422348022461,2026-01-28T16:39:18Z,9DQWRBB23H2JTSXSW1JDWAC84C,5,"Bay West, Soma Bay, Safaga, Hurghada, Red Sea",41183,"Red Sea, Hurghada, Safaga, Soma Bay",hurghada-safaga-soma-bay-bay-west,STREET,33.97156524658203,15400000,90588.23529411765,Villa,property,2026-01-28T16:39:18Z,https://www.propertyfinder.eg/en/plp/buy/villa-for-sale-red-sea-hurghada-safaga-soma-bay-bay-west-8617390.html,170,170,EG,propertyfinder,WITH 5% DP!! FULLY FINISHED SEA VIEW VILLA.
"[""BA"", ""PG"", ""SE"", ""BL"", ""LB""]",5,"[""Balcony"", ""Private Garden"", ""Security"", ""View of Landmark"", ""Lobby in Building""]",2,3,buy,EGP,"Garden villa with a down payment of 183,262 EGP over 10 years and a 10% discount. Area: 142 sq m + 22 sq m garden 

Ground + First + Garden 

Location: In front of Al-Kazar Compound – surrounded by major developers like La Vista, Marakez, and Saada in the heart of New Cairo

Apartment price: 9,050,000 EGP before discount

After 10% discount: 8,145,000 EGP 

Down payment of 814,500 EGP payable in October. Contract with the first installment only . Installments over 10 years, every 3 months: 183,262 EGP

———————-
• Total area: 19.5 acres (78,000 sq m)

• Building area: Only 25% – the rest is green spaces, landscaping, and amenities

• Design: Ground + 5 floors
• Delivery: Within 4 years
Club free
Maintenance 8%",/en/plp/buy/villa-for-sale-cairo-the-6th-settlement-new-cairo-city-jiwar-8615800.html,True,8615800,"[""https://static.shared.propertyfinder.eg/media/images/listing/J6Z0XJ5SWJFE7KW972C9NASHKR/11fcccdc-cb7f-43aa-a471-b61cb5be44f1/668x452.jpg""]",9,False,False,False,False,29.938461303710938,2026-01-28T14:48:25Z,J6Z0XJ5SWJFE7KW972C9NASHKR,4,"Jiwar, The 6th Settlement, New Cairo City, Cairo",42274,"Cairo, New Cairo City, The 6th Settlement",the-6th-settlement-new-cairo-city-jiwar,SUBDISTRICT,31.563308715820312,8145000,57359.15492957747,Villa,property,2026-01-28T14:48:25Z,https://www.propertyfinder.eg/en/plp/buy/villa-for-sale-cairo-the-6th-settlement-new-cairo-city-jiwar-8615800.html,142,142,EG,propertyfinder,"Garden villa with a down payment of 183,262 LE"
"[""BA"", ""BW"", ""AC"", ""CP"", ""BK"", ""PP"", ""PG"", ""ST"", ""VW"", ""SE"", ""SY"", ""SS"", ""WC"", ""BL"", ""LB"", ""CO""]",16,"[""Balcony"", ""Built in Wardrobes"", ""Central A/C"", ""Covered Parking"", ""Kitchen Appliances"", ""Private Pool"", ""Private Garden"", ""Study"", ""View of Water"", ""Security"", ""Shared Gym"", ""Shared Spa"", ""Walk-in Closet"", ""View of Landmark"", ""Lobby in Building"", ""Children's Pool""]",2,3,buy,EGP,"Ready To Move - Standalone Villa with private pool -Roof terrace
  - Fully Finished- furnished
Ready To Move Under Market Price Villa In Baywest

fully finished - furnished - first use 

Free Beach - pools access


One story villa in Bay West

3 Bedroom - 2 Bathroom
Roof terrace

Prime Location

Ready To Move
Fully Finished + Ac’s 
Fully furnished



About Somabay

World-class hospitality, sustainability, and luxury; these are the distinctive characteristics of Soma Bay, one of the most elite vacation destinations in Egypt. It spreads across 2500 acres of land overlooking the Red Sea, where those seeking a tranquil and blissful escapade can transcend to a whole new level.

Soma Bay in Egypt is a short drive away from Hurghada International Airport, ensuring vacationers can conveniently reach it via various transportation options. When they step into the wonders of Soma Bay, an elevated fantasy of serenity and lavishness seamlessly blends with reality, with a variety of distinguishing things to do to unlock a one-of-a-kind escapade.

From enjoying a massage treatment at one of the fancy spas of Soma Bay to various thrilling activities as well as unparalleled hospitality services, the nights and mornings of Soma Bay are matchless and rejuvenating.",/en/plp/buy/villa-for-sale-red-sea-hurghada-safaga-soma-bay-bay-west-8615703.html,True,8615703,"[""https://static.shared.propertyfinder.eg/media/images/listing/XE8Q80EPKGVH23MT252MVX3DSW/566d03ec-8152-45f0-b931-19a4f096ab62/668x452.jpg""]",18,False,False,False,False,26.86422348022461,2026-01-28T14:40:43Z,XE8Q80EPKGVH23MT252MVX3DSW,5,"Bay West, Soma Bay, Safaga, Hurghada, Red Sea",41183,"Red Sea, Hurghada, Safaga, Soma Bay",hurghada-safaga-soma-bay-bay-west,STREET,33.97156524658203,20600000,130379.74683544303,Villa,property,2026-01-28T14:40:43Z,https://www.propertyfinder.eg/en/plp/buy/villa-for-sale-red-sea-hurghada-safaga-soma-bay-bay-west-8615703.html,158,158,EG,propertyfinder,Standalone with private pool RTM - fully furnished
"[""BA"", ""BW"", ""CP"", ""PG"", ""MR"", ""SP"", ""SE"", ""SY"", ""WC"", ""CO"", ""BL""]",11,"[""Balcony"", ""Built in Wardrobes"", ""Covered Parking"", ""Private Garden"", ""Maids Room"", ""Shared Pool"", ""Security"", ""Shared Gym"", ""Walk-in Closet"", ""Children's Pool"", ""View of Landmark""]",2,3,buy,EGP,"Own a refined Urban Villa in Eastvale, a premium residential community in East Cairo, strategically located near the New Administrative Capital and major road networks.
The villa is thoughtfully designed to deliver a high-quality living experience, combining privacy, balanced spaces, and modern architectural flow. Open living areas and rooftop space create flexibility for everyday living and entertaining.
This unit is ideal for upscale family living or long-term investment within a well-planned, green-oriented community offering strong future growth potential.
Price: EGP 39,200,000
5% down payment with installments up to 9 years
Maintenance fees: 10%
A rare opportunity to secure a premium villa in one of East Cairo’s most promising residential developments.",/en/plp/buy/villa-for-sale-cairo-mostakbal-city---future-city-mostakbal-city-compounds-east-vale-8615476.html,True,8615476,"[""https://static.shared.propertyfinder.eg/media/images/listing/1ADADGKYN58FRQEMHDK1G0RERR/5a887df7-aeb3-41cb-bc4d-2726ddc87c00/668x452.jpg""]",11,False,False,False,False,30.07915687561035,2026-01-28T14:21:45Z,1ADADGKYN58FRQEMHDK1G0RERR,4,"East Vale, Mostakbal City Compounds, Mostakbal City - Future City, Cairo",42360,"Cairo, Mostakbal City - Future City, Mostakbal City Compounds",mostakbal-city---future-city-mostakbal-city-compounds-east-vale,SUBDISTRICT,31.70480728149414,39200000,182325.58139534883,Villa,property,2026-01-28T14:21:45Z,https://www.propertyfinder.eg/en/plp/buy/villa-for-sale-cairo-mostakbal-city---future-city-mostakbal-city-compounds-east-vale-8615476.html,215,215,EG,propertyfinder,Premium Urban Villa for Sale in Eastvale New Cairo
"[""BA"", ""AC"", ""MR"", ""CP"", ""BK"", ""BW"", ""ST"", ""PG"", ""PP"", ""SP""]",10,"[""Balcony"", ""Central A/C"", ""Maids Room"", ""Covered Parking"", ""Kitchen Appliances"", ""Built in Wardrobes"", ""Study"", ""Private Garden"", ""Private Pool"", ""Shared Pool""]",2,3,buy,EGP,"-Townhouse for Sale – Badya, Palm Hills
  Prime location -Delivery Soon 

-Land Area: 190 sqm
BUA: 184 sqm

-Layout:
3 Bedrooms (including 1 Master)
Living Room
Nanny’s Room with Bathroom
2 Bathrooms
Guest Toilet

-Payment Details:
Down Payment: 5,500,000 EGP
Quarterly Installment: 166,000 EGP

Total Price: 9,000,000 EGP

-------------------------------
-About NAJD: 
We Bring to you more than 13 years team experience in the market, that guarantee the best solutions for buying, selling or renting residential or commercial units in Egypt

Moreover, and for the first time counting on our “investment team” we guarantee you the best investment opportunities in one of the most emerging markets in Egypt “Real Estate”.

We guarantee you the best out there:
* Full coverage across all Egypt
* A Huge number of various units are ready for you
* Official agent for more than 200 projects inside and outside Egypt.
* Different specialized teams ready to fully support your different goals “Investment – Residential “
-",/en/plp/buy/villa-for-sale-giza-6-october-city-6-october-compounds-badya-palm-hills-8615010.html,True,8615010,"[""https://static.shared.propertyfinder.eg/media/images/listing/1HBDVVWE2Z9D0A38JK38DSCFP4/22c2fb0f-e33a-4846-93f6-e2709a9c83da/668x452.jpg""]",8,False,False,False,False,29.909303665161133,2026-01-28T13:44:17Z,1HBDVVWE2Z9D0A38JK38DSCFP4,4,"Badya Palm Hills, 6 October Compounds, 6 October City, Giza",40761,"Giza, 6 October City, 6 October Compounds",6-october-city-6-october-compounds-badya-palm-hills,SUBDISTRICT,30.67119598388672,9000000,47368.42105263158,Villa,property,2026-01-28T13:44:17Z,https://www.propertyfinder.eg/en/plp/buy/villa-for-sale-giza-6-october-city-6-october-compounds-badya-palm-hills-8615010.html,190,190,EG,propertyfinder,Townhouse for Sale-Delivery Soon -lowest total
"[""BA"", ""CO"", ""LB"", ""BL"", ""WC"", ""SY"", ""SS"", ""SE"", ""VW"", ""ST"", ""SP""]",11,"[""Balcony"", ""Children's Pool"", ""Lobby in Building"", ""View of Landmark"", ""Walk-in Closet"", ""Shared Gym"", ""Shared Spa"", ""Security"", ""View of Water"", ""Study"", ""Shared Pool""]",2,3,buy,EGP,"Own a Townhouse in VYE Compound
By SODIC – One of Egypt’s Leading Developers
Prime Location in New Sheikh Zayed

There are installment plans available.


Unit Details:
	•	Townhouse
	•	Built-up area: 196 sqm
	•	3 Bedrooms, 2 Bathrooms
	•	Flexible payment plans up to 10 years

Location:
	•	Situated in the most prestigious area of New Sheikh Zayed – Golden Square
	•	Excellent connectivity to all major roads
	•	Close to Cairo-Alexandria Desert Road
	•	Near Sphinx International Airport

Compound Features:
	•	Sports courts
	•	Swimming pools
	•	Landscaped green areas & artificial lakes
	•	Jogging & cycling tracks
	•	Fully equipped sports club
	•	Commercial area
	•	24/7 security",/en/plp/buy/villa-for-sale-giza-sheikh-zayed-city-sheikh-zayed-compounds-sodic-west-8614588.html,True,8614588,"[""https://static.shared.propertyfinder.eg/media/images/listing/2HKQZYPVJ55PHGR5STDD2EGSMM/3e9ff5b1-3893-45ed-a94e-4b3f90e8fe1c/668x452.jpg""]",11,False,False,False,False,30.076255798339844,2026-01-28T13:05:43Z,2HKQZYPVJ55PHGR5STDD2EGSMM,4,"Sodic West, Sheikh Zayed Compounds, Sheikh Zayed City, Giza",41130,"Giza, Sheikh Zayed City, Sheikh Zayed Compounds",sheikh-zayed-city-sheikh-zayed-compounds-sodic-west,SUBDISTRICT,30.94744110107422,6300000,315000.0,Villa,property,2026-01-28T13:05:43Z,https://www.propertyfinder.eg/en/plp/buy/villa-for-sale-giza-sheikh-zayed-city-sheikh-zayed-compounds-sodic-west-8614588.html,20,20,EG,propertyfinder,"Villa for sale in Sheikh Zayed, 220m², installment"
"[""BA"", ""CO"", ""LB"", ""BL"", ""WC"", ""SY"", ""SS"", ""SE"", ""VW"", ""ST"", ""SP"", ""PG""]",12,"[""Balcony"", ""Children's Pool"", ""Lobby in Building"", ""View of Landmark"", ""Walk-in Closet"", ""Shared Gym"", ""Shared Spa"", ""Security"", ""View of Water"", ""Study"", ""Shared Pool"", ""Private Garden""]",2,3,buy,EGP,"Own a Standalone Villa
Standalone villa for sale in one of the most prestigious locations in Sheikh Zayed
The Estates Compound
Immediate delivery
Remaining installments available
Unit Details:


Standalone villa
Land area: 568 sqm
Built-up area: 353 sqm
Garden area: 60 sqm


Location:
Prime location in Sheikh Zayed


Close to Sodic West Compound
Near Juhayna Square
Close to Sphinx International Airport
Minutes from 26th of July Corridor


Amenities:
Vast green spces
Water features
Jogging and cycling tracks
Children’s entertainment areas
Commercial mall
Restaurants and cafés
International brands
Sports courts
Clubhouse
24/7 security and guards
If you want it",/en/plp/buy/villa-for-sale-giza-sheikh-zayed-city-sheikh-zayed-compounds-the-estates-8613448.html,True,8613448,"[""https://static.shared.propertyfinder.eg/media/images/listing/CGSPPNW5CT1JKXYJ2D8P2G0224/5c831857-13d8-4a1f-804a-69d5235e5354/668x452.jpg""]",12,False,False,False,False,30.07990074157715,2026-01-28T11:18:38Z,CGSPPNW5CT1JKXYJ2D8P2G0224,4,"The Estates, Sheikh Zayed Compounds, Sheikh Zayed City, Giza",40915,"Giza, Sheikh Zayed City, Sheikh Zayed Compounds",sheikh-zayed-city-sheikh-zayed-compounds-the-estates,SUBDISTRICT,30.877290725708008,7000000,350000.0,Villa,property,2026-01-28T11:18:38Z,https://www.propertyfinder.eg/en/plp/buy/villa-for-sale-giza-sheikh-zayed-city-sheikh-zayed-compounds-the-estates-8613448.html,20,20,EG,propertyfinder,"Villa for sale in 6th of October City, 350 sq m,"
"[""BA"", ""MR"", ""SE""]",3,"[""Balcony"", ""Maids Room"", ""Security""]",2,3,buy,EGP,"Unit details:
**************
Bua:197 m

3 Bedrooms

2 Bathroom

- Finished : Core and shell

- Delivery : Ready To Move

- Remaining installments :441,700


Project details:
*****************
- Project name: Badya

- Developer Name: Palm Hills

- Project area: 3000 acres

- Units Type: Mix

Project features:
*****************
- The first smart city in Egypt to rely on solar energy

- A sports club on an area of 80 acres, one of the largest and most important clubs in West Cairo

- Trak 225 km around the entire city

- 3 international universities, including Badia International University, which contracts with the largest universities in Europe

- 4 international schools, including Kings  School  British

- Badia farm for raising fish and growing natural vegetables

- 2 Mosque and church

- 2 hotels

About Us :
*************

CITIZEN HOME have the reaction. Our Property Advisor will use his extensive understanding of the real estate market to help you buy, sell, rent, or manage your home.
Budget, taxation, funding or even moving in CITIZEN HOME for construction and real estate is here to advice you through each stage of your project.",/en/plp/buy/villa-for-sale-giza-6-october-city-6-october-compounds-badya-palm-hills-2OwAocr65jc.html,True,51065697,"[""https://static.shared.propertyfinder.eg/media/images/listing/FTEX6PTQJH1PR806CQBRXXBM6W/af5b0b1c-b36d-4e8f-84b6-abc86be9e456/668x452.jpg""]",11,False,False,False,False,29.909303665161133,2026-01-27T16:43:38Z,FTEX6PTQJH1PR806CQBRXXBM6W,4,"Badya Palm Hills, 6 October Compounds, 6 October City, Giza",40761,"Giza, 6 October City, 6 October Compounds",6-october-city-6-october-compounds-badya-palm-hills,SUBDISTRICT,30.67119598388672,11222000,56964.46700507614,Villa,property,2026-01-27T16:43:38Z,https://www.propertyfinder.eg/en/plp/buy/villa-for-sale-giza-6-october-city-6-october-compounds-badya-palm-hills-2OwAocr65jc.html,197,197,EG,propertyfinder,Ready to move-Best location -Best price
"[""BA"", ""CP"", ""SP"", ""SE"", ""SY"", ""LB"", ""CO""]",7,"[""Balcony"", ""Covered Parking"", ""Shared Pool"", ""Security"", ""Shared Gym"", ""Lobby in Building"", ""Children's Pool""]",2,3,buy,EGP,"Blue Bay Ain Sokhna – Stunning Villa for Sale in a Prime Location

Area: 135 sqm, unfurnished

Layout: 3 Bedrooms + 2 Bathrooms + Reception + American Kitchen + Terrace

View: Overlooking the swimming pool

Delivery: Immediate

Price: EGP 6,200,000 cash

Founded in 2015, Chalehak is one of the specialized companies in touristic real estate marketing in Egypt. We focus mainly on Ain Sokhna, where we have extensive experience handling all types of units—whether in new developments under construction offered for sale, or ready-to-move resale units from owners.

Our mission is to help our clients find the most suitable property, whether for living or investment, by providing accurate consultations, clear comparisons between available options, and the latest information on developers, prices, and payment plans.

We believe that every client deserves a professional service that guarantees comfort and transparency, which is why we provide:

Marketing and resale of ready units at competitive prices.

The latest offers in newly launched projects under construction.

Full follow-up of the purchase process until contract signing and delivery.
Review legal documents and accompany clients step by step to guarantee a secure and smooth ownership transfer for both sellers and buyers.
Complete support from our sales team to help you choose the best opportunity in the market.

With Chalehak, you are not just looking for a property or a chalet, but for a secure investment and a smooth experience backed by real market expertise. We accompany you step by step to ensure that your real estate decision is the best one for you and your family in the long run.

With Chalehak… every detail of your real estate journey is clearer and easier
We offer a wide selection of villas and chalets for sale in Ain Sokhna’s top resorts, including:
IL Monte Galala, Piacera, Telal, La Vista, Mountain View, Ocean Blue, Porto South Beach, Porto Sokhna, Marselia Blue Bay A",/en/plp/buy/villa-for-sale-suez-al-ain-al-sokhna-blue-bay-asia-2Ow7L6ZIgym.html,True,51034089,"[""https://static.shared.propertyfinder.eg/media/images/listing/A1HBPY4VACYR1F7DTWNN11Z17R/5bab8de7-8b59-4348-9e40-3d08a8e8f1a6/668x452.jpg""]",11,False,False,False,False,29.19041633605957,2026-01-27T15:55:47Z,A1HBPY4VACYR1F7DTWNN11Z17R,3,"Blue Bay Asia, Al Ain Al Sokhna, Suez",40413,"Suez, Al Ain Al Sokhna",al-ain-al-sokhna-blue-bay-asia,COMPOUND,32.6317138671875,6200000,45255.47445255474,Villa,property,2026-01-27T15:55:47Z,https://www.propertyfinder.eg/en/plp/buy/villa-for-sale-suez-al-ain-al-sokhna-blue-bay-asia-2Ow7L6ZIgym.html,137,137,EG,propertyfinder,Villa for Sale –Fully Furnished –Marselia Blue Bay
"[""BA"", ""CP"", ""PG"", ""SP"", ""SE"", ""BL"", ""LB""]",7,"[""Balcony"", ""Covered Parking"", ""Private Garden"", ""Shared Pool"", ""Security"", ""View of Landmark"", ""Lobby in Building""]",2,3,buy,EGP,"Villa for sale in Sarai El Mostakbal City Compound, opposite Madinaty Talaat Mostafa. 150 sq m (3 bedrooms + 2 bathrooms + reception + terrace + kitchen) + private garden 65 sq m

For sale in Saray El Mostakbal City Compound, opposite Madinaty Talaat Mostafa

Price before discount: 15,683,000
Price after discount: 7,841,000

Or with a down payment of 784,000 and installments over 12 years

For details:[REDACTED_PHONE] & WhatsApp",/en/plp/buy/villa-for-sale-cairo-mostakbal-city---future-city-mostakbal-city-compounds-sarai-esse-residence-8610479.html,True,8610479,"[""https://static.shared.propertyfinder.eg/media/images/listing/3WTMB7G20JDVAQR7CJ4XTAHPM0/1294f1e9-983d-453f-b158-aa9f3202d6dd/668x452.jpg""]",10,False,False,False,False,30.12450408935547,2026-01-27T15:06:46Z,3WTMB7G20JDVAQR7CJ4XTAHPM0,5,"Esse Residence, Sarai, Mostakbal City Compounds, Mostakbal City - Future City, Cairo",42222,"Cairo, Mostakbal City - Future City, Mostakbal City Compounds, Sarai",mostakbal-city---future-city-mostakbal-city-compounds-sarai-esse-residence,TOWER,31.692245483398438,7841000,52273.333333333336,Villa,property,2026-01-27T15:06:46Z,https://www.propertyfinder.eg/en/plp/buy/villa-for-sale-cairo-mostakbal-city---future-city-mostakbal-city-compounds-sarai-esse-residence-8610479.html,150,150,EG,propertyfinder,Own a villa in Sarai Mostakbal City compound
"[""BA"", ""BW"", ""AC"", ""CP"", ""BK"", ""MR"", ""PG"", ""PP"", ""SP"", ""ST"", ""VW"", ""SE"", ""SS"", ""SY"", ""WC"", ""BL"", ""LB"", ""CO""]",18,"[""Balcony"", ""Built in Wardrobes"", ""Central A/C"", ""Covered Parking"", ""Kitchen Appliances"", ""Maids Room"", ""Private Garden"", ""Private Pool"", ""Shared Pool"", ""Study"", ""View of Water"", ""Security"", ""Shared Spa"", ""Shared Gym"", ""Walk-in Closet"", ""View of Landmark"", ""Lobby in Building"", ""Children's Pool""]",2,3,buy,EGP,"Standalone Makadi Direct On Lagoon Ready To Move .

For More Showing Directly Contact :[REDACTED_PHONE] Abdallah El-Qwasmi

Developer : Orascom

Project : Makadi Heights

Type : Standalone

4 Bedroom

4 Bathroom 

BUA : 155 SQM

Garden : 294

Roof : 49 SQM

Delivery : Ready To Move

_______________________________________________________________

For More Showing Directly Contact : [REDACTED_PHONE]

Abdallah El-Qwasmi

_______________________________________________________________

Makadi Heights stands out as a comprehensive residential community, blending luxury living with convenience and a plethora of amenities to cater to the needs of its residents.


Proximity to Key Destinations:

15 minutes to Hurghada International Airport

20 minutes to Hurghada city center

40 minutes to El Gouna

7 km to Sahl Hasheesh

45 minutes to Safaga Port",/en/plp/buy/villa-for-sale-red-sea-hurghada-el-gouna-mangroovy-residence-2OvsT97o1GS.html,True,51050525,"[""https://static.shared.propertyfinder.eg/media/images/listing/D1H8N1XQ18566ZZDAHF09XXNX8/1bea45d1-8a3d-4a41-b645-9e12d9d1a8b6/668x452.jpg""]",16,False,False,False,False,27.415849685668945,2026-01-27T12:26:58Z,D1H8N1XQ18566ZZDAHF09XXNX8,4,"Mangroovy Residence, El Gouna, Hurghada, Red Sea",40457,"Red Sea, Hurghada, El Gouna",hurghada-el-gouna-mangroovy-residence,SUBDISTRICT,33.6761474609375,16000000,103225.80645161291,Villa,property,2026-01-27T12:26:58Z,https://www.propertyfinder.eg/en/plp/buy/villa-for-sale-red-sea-hurghada-el-gouna-mangroovy-residence-2OvsT97o1GS.html,155,155,EG,propertyfinder,Standalone Makadi Direct On Lagoon Ready To Move .
"[""BA"", ""CO"", ""LB"", ""BL"", ""WC"", ""SY"", ""SS"", ""SE"", ""VW"", ""ST"", ""SP""]",11,"[""Balcony"", ""Children's Pool"", ""Lobby in Building"", ""View of Landmark"", ""Walk-in Closet"", ""Shared Gym"", ""Shared Spa"", ""Security"", ""View of Water"", ""Study"", ""Shared Pool""]",2,3,buy,EGP,"Standalone Villa 315 sqm for Sale in El Patio Zahraa – El Sheikh Zayed

Live in luxury and serenity at the heart of El Sheikh Zayed in El Patio Zahraa Compound. This elegant standalone villa offers spacious layouts, a prime location, and top-notch amenities.

Unit Details:
	•	Unit Type: Standalone Villa
	•	Built-up Area: 315 sqm
	•	4 Bedrooms
	•	4 Bathrooms
	•	Maid’s Room with Bathroom
	•	Kitchen
	•	Spacious Reception Area
	•	Roof + Private Garden
	•	Fully Finished / Semi-Finished (upon request)

El Patio Zahraa Compound Features:
	•	Prime location behind Al Ahly Club & next to Hyper One
	•	Minutes from 26th of July Corridor & Arkan Plaza
	•	Green landscapes and open spaces
	•	24/7 Security",/en/plp/buy/villa-for-sale-giza-sheikh-zayed-city-sheikh-zayed-compounds-patio-al-zahraa-8605227.html,True,8605227,"[""https://static.shared.propertyfinder.eg/media/images/listing/77MAZ60M18QG3150E4T5H6HBV0/5272ec03-4131-4fe3-9865-2749e8050e8e/668x452.jpg""]",11,False,False,False,False,30.040565490722656,2026-01-26T15:37:16Z,77MAZ60M18QG3150E4T5H6HBV0,4,"Patio Al Zahraa, Sheikh Zayed Compounds, Sheikh Zayed City, Giza",28895,"Giza, Sheikh Zayed City, Sheikh Zayed Compounds",sheikh-zayed-city-sheikh-zayed-compounds-patio-al-zahraa,COMPOUND,30.990543365478516,5700000,285000.0,Villa,property,2026-01-26T15:37:16Z,https://www.propertyfinder.eg/en/plp/buy/villa-for-sale-giza-sheikh-zayed-city-sheikh-zayed-compounds-patio-al-zahraa-8605227.html,20,20,EG,propertyfinder,"For sale in 6th of October, 315 sq m, installments"
"[""BA"", ""CP"", ""PG"", ""SP"", ""VW"", ""SS"", ""SE"", ""SY"", ""WC"", ""BL"", ""LB""]",11,"[""Balcony"", ""Covered Parking"", ""Private Garden"", ""Shared Pool"", ""View of Water"", ""Shared Spa"", ""Security"", ""Shared Gym"", ""Walk-in Closet"", ""View of Landmark"", ""Lobby in Building""]",2,3,buy,EGP,"Standalone in 6th October Gardenia park 1

Land 611
BUA 410

Including : A/C, full kitchen, natural oak wood closet

3 bedrooms:
1 master bedroom 
1 in suite room
1 room with bathroom shared with living room 
Upper floor kitchenette

High End Finishing


Asking Price 
40,000,000


About New Avenue:
                     
New Avenue is a real estate consultancy based in Egypt, aiming at providing comprehensive services for your real estate needs. If you are willing to make an investment or are interested in buying a residential or a commercial property, we are there for you to ensure transforming your plans into reality.
                           
Given our individual experiences in the top real estate companies in Egypt & abroad, we have reached the conclusion that trust is primary factor we should be offering you when it comes to buying, renting or submitting your property for sale or rent.

New Avenue is aiming to provide our customer with almost all the needs that you would need Residential or Commercial.",/en/plp/buy/villa-for-sale-giza-6-october-city-al-motamayez-district-gardenia-park-8604716.html,True,8604716,"[""https://static.shared.propertyfinder.eg/media/images/listing/R0S2XHV1JVVZZTGAG8WVHPMXDC/91ea56fb-bd6b-4f91-9839-7d85bed73f27/668x452.jpg""]",11,False,False,True,False,29.977794647216797,2026-01-26T14:56:08Z,R0S2XHV1JVVZZTGAG8WVHPMXDC,4,"Gardenia Park, Al Motamayez District, 6 October City, Giza",21034,"Giza, 6 October City, Al Motamayez District",6-october-city-al-motamayez-district-gardenia-park,COMPOUND,30.991397857666016,40000000,97560.9756097561,Villa,property,2026-01-26T14:56:08Z,https://www.propertyfinder.eg/en/plp/buy/villa-for-sale-giza-6-october-city-al-motamayez-district-gardenia-park-8604716.html,410,410,EG,propertyfinder,Ready to move fully finished with A/C’s and closet
"[""BA"", ""BW"", ""AC"", ""CP"", ""BK"", ""MR"", ""PG"", ""PP"", ""SP"", ""ST"", ""VW"", ""SE"", ""SS"", ""BL"", ""WC"", ""SY"", ""LB"", ""CO""]",18,"[""Balcony"", ""Built in Wardrobes"", ""Central A/C"", ""Covered Parking"", ""Kitchen Appliances"", ""Maids Room"", ""Private Garden"", ""Private Pool"", ""Shared Pool"", ""Study"", ""View of Water"", ""Security"", ""Shared Spa"", ""View of Landmark"", ""Walk-in Closet"", ""Shared Gym"", ""Lobby in Building"", ""Children's Pool""]",2,3,buy,EGP,"Capri Phase – Immediate Delivery

A great opportunity to own a standalone villa in Neom October – Capri Phase, featuring a spacious land area and a practical layout.

Villa Details:

Land area: 394 sqm

Built-up area: 192 sqm

Layout:

Ground floor: Reception + Kitchen + Bathroom

Second floor: 3 Bedrooms + 2 Bathrooms + Roof

Status: Ready for immediate delivery

Asking Price:

10,000,000 EGP

Ideal for family living or investment in a prime October location.

For more details or to schedule a viewing, please contact us.",/en/plp/buy/villa-for-sale-giza-6-october-city-northern-expansions-nyoum-october-8603464.html,True,8603464,"[""https://static.shared.propertyfinder.eg/media/images/listing/4BXR0Q0NV3NY15T4M15E7X0590/a20db305-23c3-45fd-81f9-3c1ce6bb0201/668x452.jpg""]",9,False,False,False,False,29.98247528076172,2026-01-26T13:17:10Z,4BXR0Q0NV3NY15T4M15E7X0590,4,"Nyoum October, Northern Expansions, 6 October City, Giza",41432,"Giza, 6 October City, Northern Expansions",6-october-city-northern-expansions-nyoum-october,SUBDISTRICT,30.881187438964844,10000000,52083.333333333336,Villa,property,2026-01-26T13:17:10Z,https://www.propertyfinder.eg/en/plp/buy/villa-for-sale-giza-6-october-city-northern-expansions-nyoum-october-8603464.html,192,192,EG,propertyfinder,Standalone Villa for Sale in Neom October
"[""BA"", ""CO"", ""BL"", ""WC"", ""LB"", ""SY"", ""SS"", ""SE"", ""VW"", ""ST"", ""SP""]",11,"[""Balcony"", ""Children's Pool"", ""View of Landmark"", ""Walk-in Closet"", ""Lobby in Building"", ""Shared Gym"", ""Shared Spa"", ""Security"", ""View of Water"", ""Study"", ""Shared Pool""]",2,3,buy,EGP,"Villa for Sale in BX Palm Hills – 239 sqm

A prime opportunity to own a villa in the heart of BX Palm Hills, 6th of October City. 


Unit Details
Total Area: 239 sqm
Layout: Well-designed spaces including spacious bedrooms with a master bedroom, and practically distributed bathrooms serving the whole family.

Large reception with open design providing an ideal space for living and entertaining.

Separate kitchen with a functional area.
Cozy living room ensuring comfort and privacy.
Private garden adding a natural touch to the home.

Compound Features and Amenities
Vast green areas and jogging/walking tracks.

Dedicated kids’ play areas.
Multiple swimming pools across the compound.
Fully equipped social and sports club.
24/7 security and surveillance systems.
Commercial and service areas to cater to residents’ daily needs.

Location
BX Palm Hills enjoys a prime location in 6th of October City, with easy access to major roads and highways such as the 26th of July Corridor and Al Wahat Road. This strategic positioning ensures quick connections to Sheikh Zayed and other vital ar",/en/plp/buy/villa-for-sale-giza-6-october-city-6-october-compounds-px-palm-hills-8602487.html,True,8602487,"[""https://static.shared.propertyfinder.eg/media/images/listing/AJW2DTDAWDM2Y9PE9DGCD7S758/2ae8db16-10a6-48e4-bfa5-f73be789e9d7/668x452.jpg""]",10,False,False,False,False,29.99239730834961,2026-01-26T12:01:37Z,AJW2DTDAWDM2Y9PE9DGCD7S758,4,"PX Palm Hills, 6 October Compounds, 6 October City, Giza",41798,"Giza, 6 October City, 6 October Compounds",6-october-city-6-october-compounds-px-palm-hills,SUBDISTRICT,31.039688110351562,6500000,325000.0,Villa,property,2026-01-26T12:01:37Z,https://www.propertyfinder.eg/en/plp/buy/villa-for-sale-giza-6-october-city-6-october-compounds-px-palm-hills-8602487.html,20,20,EG,propertyfinder,Villa for Sale in BX Palm Hills – 239 sqm  A prime
"[""BA"", ""CO"", ""LB"", ""BL"", ""WC"", ""SY"", ""SS"", ""SE"", ""VW"", ""ST"", ""SP""]",11,"[""Balcony"", ""Children's Pool"", ""Lobby in Building"", ""View of Landmark"", ""Walk-in Closet"", ""Shared Gym"", ""Shared Spa"", ""Security"", ""View of Water"", ""Study"", ""Shared Pool""]",2,3,buy,EGP,"Townhouse for Sale in Joya – 430 sqm – Prime Location

 Location: Joya Compound – Sheikh Zayed
 Total Area: 430 square meters
Specifications:
4 master bedrooms
5 bathrooms
Spacious reception area

There are installment plans available.


Large kitchen
Living room
Maid’s room with private bathroom
Private garden
Luxury finishing

Compound Amenities:
Vast landscaped areas
Swimming pools
Gy",/en/plp/buy/villa-for-sale-giza-6-october-city-26th-of-july-corridor-joya-8601538.html,True,8601538,"[""https://static.shared.propertyfinder.eg/media/images/listing/RYZV5SVW0QC61MTNNQ1AT407VW/c697da2c-1527-4e04-9aac-672ab294d6e5/668x452.jpg""]",9,False,False,False,False,30.006576538085938,2026-01-26T10:43:42Z,RYZV5SVW0QC61MTNNQ1AT407VW,4,"Jedar, 6 October Compounds, 6 October City, Giza",21348,"Giza, 6 October City, 6 October Compounds",6-october-city-6-october-compounds-jedar,COMPOUND,30.99048614501953,5700000,285000.0,Villa,property,2026-01-26T10:43:42Z,https://www.propertyfinder.eg/en/plp/buy/villa-for-sale-giza-6-october-city-26th-of-july-corridor-joya-8601538.html,20,20,EG,propertyfinder,"Villa for sale in Sheikh Zayed, installments"
"[""BA"", ""CP"", ""SE"", ""BL""]",4,"[""Balcony"", ""Covered Parking"", ""Security"", ""View of Landmark""]",2,3,buy,EGP,"CORNER FINISHED VILLA WITH GOLF AND LAKE VIEW 

Golf Views - Palm Hills, 6th October 

Main Selling Points: 
- Huge Bright Garden with open View 
- Swimming pool and multiple outdoor seating areas
- High end finishing Quality 
- First row Golf 

Area Of Villa :
Land: 1900 Sqm 
BUA: 450 ( Two Floors ) 

3 Bedrooms + Living room 
Nanny's room 
Laundry Room 
Reception 

Asking price for sale: 125,000,000 EGP 
Estimated fair market price: 111,000,000 EGP 

For more options: [REDACTED_EMAIL]

==================================================== 
RE/MAX Al-Mohager, one of RE/MAX's offices in Egypt, is a leading global real estate marketing company specializing in real estate brokerage and boasting a team of real estate marketing consultants. We have been providing the best services to our clients for many years.

= ...",/en/plp/buy/villa-for-sale-giza-sheikh-zayed-city-sheikh-zayed-compounds-allegria-8597538.html,True,8597538,"[""https://static.shared.propertyfinder.eg/media/images/listing/GN14E94HJKBEGJ8JE5PTE75QMR/b5b80e15-f0e5-438b-b3d4-ec418cb7c04c/668x452.jpg""]",6,False,True,True,False,30.071285247802734,2026-01-25T14:37:54Z,GN14E94HJKBEGJ8JE5PTE75QMR,4,"Allegria, Sheikh Zayed Compounds, Sheikh Zayed City, Giza",28890,"Giza, Sheikh Zayed City, Sheikh Zayed Compounds",sheikh-zayed-city-sheikh-zayed-compounds-allegria,COMPOUND,30.95965576171875,125000000,277777.77777777775,Villa,property,2026-01-25T14:37:54Z,https://www.propertyfinder.eg/en/plp/buy/villa-for-sale-giza-sheikh-zayed-city-sheikh-zayed-compounds-allegria-8597538.html,450,450,EG,propertyfinder,CORNER FINISHED VILLA WITH GOLF AND LAKE VIEW
"[""BA"", ""CP"", ""MR"", ""SE"", ""BL""]",5,"[""Balcony"", ""Covered Parking"", ""Maids Room"", ""Security"", ""View of Landmark""]",2,3,buy,EGP,"CORNER FINISHED VILLA WITH GOLF AND LAKE VIEW 

Golf Views - Palm Hills, 6th October 

Main Selling Points: 
- Huge Bright Garden with open View 
- Swimming pool and multiple outdoor seating areas
- High end finishing Quality 
- First row Golf 

Area Of Villa :
Land: 1900 Sqm 
BUA: 450 ( Two Floors ) 

3 Bedrooms + Living room 
Nanny's room 
Laundry Room 
Reception 

Asking price for sale: 125,000,000 EGP 
Estimated fair market price: 111,000,000 EGP 

For more options: [REDACTED_EMAIL]

==================================================== 
RE/MAX Al-Mohager, one of RE/MAX's offices in Egypt, is a leading global real estate marketing company specializing in real estate brokerage and boasting a team of real estate marketing consultants. We have been providing the best services to our clients for many years.

= ...",/en/plp/buy/villa-for-sale-giza-6-october-city-cairo-alexandria-desert-road-palm-hills-golf-views-8597461.html,True,8597461,"[""https://static.shared.propertyfinder.eg/media/images/listing/RFHM0ZNFXBPCZWY240T2XF2668/741ad671-ff2e-4817-a1a1-7bf89d77e3c5/668x452.jpg""]",6,False,True,True,False,30.005748748779297,2026-01-25T14:32:00Z,RFHM0ZNFXBPCZWY240T2XF2668,4,"Palm Hills Golf Views, Cairo Alexandria Desert Road, 6 October City, Giza",21068,"Giza, 6 October City, Cairo Alexandria Desert Road",6-october-city-cairo-alexandria-desert-road-palm-hills-golf-views,COMPOUND,31.036521911621094,125000000,277777.77777777775,Villa,property,2026-01-25T14:32:00Z,https://www.propertyfinder.eg/en/plp/buy/villa-for-sale-giza-6-october-city-cairo-alexandria-desert-road-palm-hills-golf-views-8597461.html,450,450,EG,propertyfinder,CORNER FINISHED VILLA WITH GOLF AND LAKE VIEW
"[""BA"", ""PG"", ""PP"", ""VW"", ""SE""]",5,"[""Balcony"", ""Private Garden"", ""Private Pool"", ""View of Water"", ""Security""]",2,3,buy,EGP,"Villa for Sale in New Sheikh Zayed 

Urgent Sale – Excellent Price

Location:
1st District, Green Plaza Compound
Direct access from Waslet Dahshour Road, Sheikh Zayed

Areas:
Land area: 500 sqm
Built-up area: 350 sqm
Private garden: 100 sqm
Ultra Super Lux finishing

Layout:

Ground Floor:
Spacious 3-piece reception
Large kitchen
Guest bathroom
Private garden

First Floor:
3 large bedrooms
2 bathrooms
Additional kitchen
Living room

Second Floor:
1 bedroom
1 bathroom
Open rooftop

Private garage for 3 cars",/en/plp/buy/villa-for-sale-giza-6-october-city-northern-expansions-grand-heights-8594541.html,True,8594541,"[""https://static.shared.propertyfinder.eg/media/images/listing/M36H48ZF4TNVVCB30MGG0HS2MC/2d3733e6-afd4-4841-b0c9-8b3413d41f8b/668x452.jpg""]",14,False,False,False,False,30.00499153137207,2026-01-25T10:42:35Z,M36H48ZF4TNVVCB30MGG0HS2MC,4,"Grand Heights, Northern Expansions, 6 October City, Giza",21298,"Giza, 6 October City, Northern Expansions",6-october-city-northern-expansions-grand-heights,COMPOUND,30.906118392944336,12500000,35714.28571428572,Villa,property,2026-01-25T10:42:35Z,https://www.propertyfinder.eg/en/plp/buy/villa-for-sale-giza-6-october-city-northern-expansions-grand-heights-8594541.html,350,350,EG,propertyfinder,Villa for Sale in Sheikh Zayed with installments
"[""CP"", ""MR"", ""PP"", ""SP""]",4,"[""Covered Parking"", ""Maids Room"", ""Private Pool"", ""Shared Pool""]",2,3,buy,EGP,"Sarai - S2
Z VILLA Middle

3 bedrooms 
2 bathrooms
BUA 165m2
Garden 57m2

Delivery 2026/6
 Down payment 5,745,000egp (Maintenance paid)
Remaining 600,000 egp till 9/2027
Total 6,345,000 egp



About New Avenue:
                     
New Avenue is a real estate consultancy based in Egypt, aiming at providing comprehensive services for your real estate needs. If you are willing to make an investment or are interested in buying a residential or a commercial property, we are there for you to ensure transforming your plans into reality.
                           
Given our individual experiences in the top real estate companies in Egypt and abroad, we have reached the conclusion that trust is primary factor we should be offering you when it comes to buying, renting or submitting your property for sale or rent.

New Avenue is aiming to provide our customer with almost all the needs that you would need Residential or Commercial.",/en/plp/buy/villa-for-sale-cairo-mostakbal-city---future-city-mostakbal-city-compounds-sarai-s2-8594408.html,True,8594408,"[""https://static.shared.propertyfinder.eg/media/images/listing/SNKX6756WV340A5NF8YKPR213M/92405b3b-2b63-4c3b-8d06-c422de9b20c0/668x452.jpg""]",10,False,False,False,False,30.099924087524414,2026-01-25T10:29:40Z,SNKX6756WV340A5NF8YKPR213M,5,"S2, Sarai, Mostakbal City Compounds, Mostakbal City - Future City, Cairo",42312,"Cairo, Mostakbal City - Future City, Mostakbal City Compounds, Sarai",mostakbal-city---future-city-mostakbal-city-compounds-sarai-s2,STREET,31.705448150634766,6355000,38515.15151515151,Villa,property,2026-01-25T10:29:40Z,https://www.propertyfinder.eg/en/plp/buy/villa-for-sale-cairo-mostakbal-city---future-city-mostakbal-city-compounds-sarai-s2-8594408.html,165,165,EG,propertyfinder,Prime location villa- Best price in Sarai
"[""BK"", ""MR"", ""PP"", ""SP""]",4,"[""Kitchen Appliances"", ""Maids Room"", ""Private Pool"", ""Shared Pool""]",2,3,buy,EGP,"Standalone at Masr elgdida - Almaza
In front of Almaza Chillout Park
Land 415 meter
Bua: 200 meter
3 bedrooms 
2 bathrooms 
Asking price 40 million negotiable




About New Avenue:

New Avenue is a real estate consultancy based in Egypt, aiming at providing comprehensive services for your real estate needs. If you are willing to make an investment or are interested in buying a residential or a commercial property, we are there for you to ensure transforming your plans into reality.

Given our individual experiences in the top real estate companies in Egypt & abroad, we have reached the conclusion that trust is primary factor we should be offering you when it comes to buying, renting or submitting your property for sale or rent.",/en/plp/buy/villa-for-sale-cairo-heliopolis-masr-el-gedida-almazah-8593202.html,True,8593202,"[""https://static.shared.propertyfinder.eg/media/images/listing/N9N2TARCQZXHR34YZ5NSXPSDAC/e6bd67a2-f297-4bc4-905f-138cf991077a/668x452.jpg""]",10,False,False,False,False,30.083492279052734,2026-01-24T20:21:33Z,N9N2TARCQZXHR34YZ5NSXPSDAC,4,"Almaza St., Almazah, Heliopolis - Masr El Gedida, Cairo",3940,"Cairo, Heliopolis - Masr El Gedida, Almazah",heliopolis-masr-el-gedida-almazah-almaza-st,STREET,31.342500686645508,40000000,200000.0,Villa,property,2026-01-24T20:21:33Z,https://www.propertyfinder.eg/en/plp/buy/villa-for-sale-cairo-heliopolis-masr-el-gedida-almazah-8593202.html,200,200,EG,propertyfinder,Villa for sale at Almaza Misr El Gdida
"[""BA"", ""AC"", ""PG"", ""SP"", ""ST""]",5,"[""Balcony"", ""Central A/C"", ""Private Garden"", ""Shared Pool"", ""Study""]",2,3,buy,EGP,"Marassi - altea

Duet villa - Roof

147m

3 bedrooms

2 bathrooms

Prime location

Sea / pool view

Facing north

Delivered

Dp 19,932,567
Remaining 3,067,433 till 2029
Total 23,000,000



About New Avenue:

New Avenue is a real estate consultancy based in Egypt, aiming at providing comprehensive services for your real estate needs. If you are willing to make an investment or are interested in buying a residential or a commercial property, we are there for you to ensure transforming your plans into reality.",/en/plp/buy/villa-for-sale-north-coast-sidi-abdel-rahman-marassi-8591847.html,True,8591847,"[""https://static.shared.propertyfinder.eg/media/images/listing/KP13S4BQSW9SGH7F530XC3A8KC/8ebc0e78-2252-47f7-bf9a-f0c3eecacc8a/668x452.jpg""]",10,False,False,False,False,30.96415901184082,2026-01-24T14:37:57Z,KP13S4BQSW9SGH7F530XC3A8KC,3,"Marassi, Sidi Abdel Rahman, North Coast",37785,"North Coast, Sidi Abdel Rahman",sidi-abdel-rahman-marassi,COMPOUND,28.753507614135742,23000000,156462.5850340136,Villa,property,2026-01-24T14:37:57Z,https://www.propertyfinder.eg/en/plp/buy/villa-for-sale-north-coast-sidi-abdel-rahman-marassi-8591847.html,147,147,EG,propertyfinder,Sea and pool view | north oriented duet villa |
"[""BA"", ""CP"", ""PG"", ""SE"", ""SP"", ""BL"", ""LB""]",7,"[""Balcony"", ""Covered Parking"", ""Private Garden"", ""Security"", ""Shared Pool"", ""View of Landmark"", ""Lobby in Building""]",2,3,buy,EGP,"Own a 166 sq m villa (3 bedrooms + 2 bathrooms + reception + terrace + kitchen) + 51 sq m private garden + 33 sq m private roof terrace. Super Lux finishing.

In the Tala'a Compound, in a prime location in New Heliopolis, next to Sodic East Compound.

Price before discount: 16,906,000
Price after discount: 6,086,000

Or with a down payment of 845,000 and installments over 15 years.
For details:[REDACTED_PHONE] & WhatsApp",/en/plp/buy/villa-for-sale-cairo-new-heliopolis-new-heliopolis-compounds-talala-8591693.html,True,8591693,"[""https://static.shared.propertyfinder.eg/media/images/listing/H9872Q8MV86DAQ9436C01K1AJ4/fcd1a448-6191-462d-a897-566b917939c3/668x452.jpg""]",9,False,False,False,False,30.153987884521484,2026-01-24T14:19:03Z,H9872Q8MV86DAQ9436C01K1AJ4,4,"Talala, New Heliopolis Compounds, New Heliopolis, Cairo",42165,"Cairo, New Heliopolis, New Heliopolis Compounds",new-heliopolis-new-heliopolis-compounds-talala,SUBDISTRICT,31.6824893951416,6086000,36662.65060240964,Villa,property,2026-01-24T14:19:03Z,https://www.propertyfinder.eg/en/plp/buy/villa-for-sale-cairo-new-heliopolis-new-heliopolis-compounds-talala-8591693.html,166,166,EG,propertyfinder,"Villa for sale, fully finished, in New Heliopolis,"
"[""BA"", ""AC"", ""CP"", ""BK"", ""ST"", ""SE"", ""WC"", ""LB""]",8,"[""Balcony"", ""Central A/C"", ""Covered Parking"", ""Kitchen Appliances"", ""Study"", ""Security"", ""Walk-in Closet"", ""Lobby in Building""]",2,3,buy,EGP,"Quattro Villa for Sale – La Nuova Vista Compound | Misr Italia

Condition: Fully Finished – Ready to Move
Sale Type: Fully Furnished

Areas:

BUA: 418 sqm
Land Area: 300 sqm

Layout:

Ground Floor:

Spacious reception (3 large areas)
Fully equipped large kitchen
Guest bathroom

First Floor:

3 spacious bedrooms
Master bedroom with en-suite bathroom & jacuzzi
Living area (can be 2 small areas or one large area with bar)

Roof:

Laundry room
Possibility to add extra rooms
2 pergolas

Villa Features:

Security cameras
Window shutters
Fully air-conditioned
Water heaters
Complete kitchen appliances
High-end finishing

Asking Price:

EGP 34,000,000 – Fully Furnished
-------------------------------------

MASAR Real Estate

We have been working in the real estate field for more than 10 years through a trained and qualified team to manage your properties.

As we excel in our service in property management and help our clients seize the best real estate opportunities, whether they are (sell - buy - rent) and in all areas of real estate, residential, commercial, administrative - medical, so that our team covers most places of the Republic of New Cairo - Ain Sukhna, Hurghada, El Gouna - October 6, Sheikh Zayed - and the North Coast.

Call us and consult, we will always be with you.[REDACTED_PHONE]0004805[REDACTED_PHONE]",/en/plp/buy/villa-for-sale-cairo-new-cairo-city-north-investors-area-la-nuova-vista-8591473.html,True,8591473,"[""https://static.shared.propertyfinder.eg/media/images/listing/FT2M0C81W45QM5RFE35PQZ10BW/4b2b5990-2b47-46d6-b70b-2e78198784e3/668x452.jpg""]",7,False,False,True,False,30.04588508605957,2026-01-24T13:44:45Z,FT2M0C81W45QM5RFE35PQZ10BW,4,"La Nuova Vista, North Investors Area, New Cairo City, Cairo",2561,"Cairo, New Cairo City, North Investors Area",new-cairo-city-north-investors-area-la-nuova-vista,COMPOUND,31.481409072875977,34000000,81339.71291866028,Villa,property,2026-01-24T13:44:45Z,https://www.propertyfinder.eg/en/plp/buy/villa-for-sale-cairo-new-cairo-city-north-investors-area-la-nuova-vista-8591473.html,418,418,EG,propertyfinder,Luxury Quattro Villa – La Nova Vista Compound
"[""BA"", ""BW"", ""CP"", ""SP"", ""SE"", ""WC"", ""BL""]",7,"[""Balcony"", ""Built in Wardrobes"", ""Covered Parking"", ""Shared Pool"", ""Security"", ""Walk-in Closet"", ""View of Landmark""]",2,3,buy,EGP,"Soma Bay – Bay West Valley

One story villa
Prime location 
Direct pool 

BUA: 145 sqm

3  Bedrooms (1 Master + 2 Rooms)
2 Bathrooms

Delivered
Fully finished

* Total Price:  18,500,000 Egyptian Pounds


About New Avenue:

New Avenue is a real estate consultancy based in Egypt, aiming at providing comprehensive services for your real estate needs. If you are willing to make an investment or are interested in buying a residential or a commercial property, we are there for you to ensure transforming your plans into reality.

Given our individual experiences in the top real estate companies in Egypt & abroad, we have reached the conclusion that trust is primary factor we should be offering you when it comes to buying, renting or submitting your property for sale or rent.

New Avenue is aiming to provide our customer with almost all the needs that you would need Residential or Commercial. New Avenue offers offices and Retails that are available in almost every district in Egypt like New Cairo, Heliopolis, Nasr City, 6th of October.",/en/plp/buy/villa-for-sale-red-sea-hurghada-safaga-soma-bay-bay-west-8589122.html,True,8589122,"[""https://static.shared.propertyfinder.eg/media/images/listing/1BWPT2HYM5XM7PMEYYGJ73WADM/99ede278-fd6b-42d8-a560-f157d6edb16c/668x452.jpg""]",10,False,False,False,False,26.86422348022461,2026-01-23T17:14:36Z,1BWPT2HYM5XM7PMEYYGJ73WADM,5,"Bay West, Soma Bay, Safaga, Hurghada, Red Sea",41183,"Red Sea, Hurghada, Safaga, Soma Bay",hurghada-safaga-soma-bay-bay-west,STREET,33.97156524658203,18500000,127586.20689655172,Villa,property,2026-01-23T17:14:36Z,https://www.propertyfinder.eg/en/plp/buy/villa-for-sale-red-sea-hurghada-safaga-soma-bay-bay-west-8589122.html,145,145,EG,propertyfinder,One story villa in Soma Bay – Bay West Valley
"[""BA"", ""CO"", ""LB"", ""BL"", ""WC"", ""SY"", ""SS"", ""SE"", ""VW"", ""ST"", ""SP""]",11,"[""Balcony"", ""Children's Pool"", ""Lobby in Building"", ""View of Landmark"", ""Walk-in Closet"", ""Shared Gym"", ""Shared Spa"", ""Security"", ""View of Water"", ""Study"", ""Shared Pool""]",2,3,buy,EGP,"Luxury Townhouse 330 sqm for Sale in Grand Heights – El Sheikh Zayed

There are installment plans available.

Own a spacious and elegant townhouse in one of the most prestigious compounds in El Sheikh Zayed – Grand Heights, offering a prime location and full-service living.

Unit Details:
	•	Unit Type: Townhouse
	•	Built-up Area: 330 sqm
	•	4 Bedrooms
	•	4 Bathrooms
	•	Living Room
	•	Kitchen
	•	Maid’s Room with Bathroom
	•	Private Garden + Roof
	•	Super Lux Finishing / Semi-Finished (as per request)

Grand Heights Compound Features:
	•	Prime location in El Sheikh Zayed
	•	Close to 26th of July Corridor and Dahshur Road
	•	Vast green spaces and landscaping",/en/plp/buy/villa-for-sale-giza-6-october-city-northern-expansions-grand-heights-8579414.html,True,8579414,"[""https://static.shared.propertyfinder.eg/media/images/listing/94727ZPT287190PHDT1F902AKG/2ce0ba56-d051-4000-aa36-276883c03558/668x452.jpg""]",10,False,False,False,False,30.00499153137207,2026-01-21T14:18:55Z,94727ZPT287190PHDT1F902AKG,4,"Grand Heights, Northern Expansions, 6 October City, Giza",21298,"Giza, 6 October City, Northern Expansions",6-october-city-northern-expansions-grand-heights,COMPOUND,30.906118392944336,5300000,265000.0,Villa,property,2026-01-21T14:18:55Z,https://www.propertyfinder.eg/en/plp/buy/villa-for-sale-giza-6-october-city-northern-expansions-grand-heights-8579414.html,20,20,EG,propertyfinder,"Villa for sale in Sheikh Zayed, installments 330m"
"[""CP"", ""BA"", ""SP"", ""PG"", ""SE"", ""BL"", ""LB""]",7,"[""Covered Parking"", ""Balcony"", ""Shared Pool"", ""Private Garden"", ""Security"", ""View of Landmark"", ""Lobby in Building""]",2,3,buy,EGP,"Villa for sale, 166 sq m
(3 bedrooms + 2 bathrooms + reception + terrace + kitchen)
+ 56 sq m private garden
+ 33 sq m private roof terrace
Super Lux finishing

Located in Tala'a Compound in New Heliopolis
The compound offers comprehensive services and amenities

Price before discount: 13,540,000
Price after discount: 6,770,000

Or with a down payment of 677,000 and installments over 10 years
For details:[REDACTED_PHONE] & WhatsApp",/en/plp/buy/villa-for-sale-cairo-new-heliopolis-new-heliopolis-compounds-talala-2Om16sOyIFs.html,True,51000411,"[""https://static.shared.propertyfinder.eg/media/images/listing/0QSNSTNG8GTYMZ490N2NE5Q394/cf2922fa-e2b7-445c-a66b-4137b1a43c35/668x452.jpg""]",10,False,False,False,False,30.153987884521484,2026-01-21T13:51:46Z,0QSNSTNG8GTYMZ490N2NE5Q394,4,"Talala, New Heliopolis Compounds, New Heliopolis, Cairo",42165,"Cairo, New Heliopolis, New Heliopolis Compounds",new-heliopolis-new-heliopolis-compounds-talala,SUBDISTRICT,31.6824893951416,6770000,40783.132530120485,Villa,property,2026-01-21T13:51:46Z,https://www.propertyfinder.eg/en/plp/buy/villa-for-sale-cairo-new-heliopolis-new-heliopolis-compounds-talala-2Om16sOyIFs.html,166,166,EG,propertyfinder,"Villa for sale with a special discount, fully fini"
"[""BA"", ""AC"", ""MR"", ""PG"", ""BW"", ""BK"", ""CP"", ""PP"", ""SS"", ""SE"", ""SP"", ""VW"", ""ST"", ""SY"", ""WC"", ""LB"", ""CO"", ""BL""]",18,"[""Balcony"", ""Central A/C"", ""Maids Room"", ""Private Garden"", ""Built in Wardrobes"", ""Kitchen Appliances"", ""Covered Parking"", ""Private Pool"", ""Shared Spa"", ""Security"", ""Shared Pool"", ""View of Water"", ""Study"", ""Shared Gym"", ""Walk-in Closet"", ""Lobby in Building"", ""Children's Pool"", ""View of Landmark""]",2,3,buy,EGP,"Instant delivery | Fully finished villa twin | Double view | La Vista – Ras El Hekma | Best price in the market

Receive immediately a fully finished chalet with a **double view** in the heart of **Ras El Hekma** with La Vista, at the lowest market price.

Prime location in the heart of Ras El Hekma, close to Sidi Heneish and El Alamein, and next to La Vista Bay Village.

BUA: 140 sqm + private garden
Finishing: Ultra super lux
Delivery: Immediate – ready to move in

**Consists of:**

* 3 bedrooms (including 1 master bedroom)
* 2 bathrooms
* Spacious reception
* Open (American) kitchen
* Terrace with **direct sea view**

Required cash: 4,960,000 EGP
Remaining amount: Installments over the longest repayment period
Discount available

For more Details:[REDACTED_PHONE]
Call or Whatsapp",/en/plp/buy/villa-for-sale-north-coast-ras-al-hekma-la-vista-ras-el-hikma-8577815.html,True,8577815,"[""https://static.shared.propertyfinder.eg/media/images/listing/Q7MZQ3DQYRFX4XM28370RWY4Q8/10b01afa-6db3-4d3b-9fac-36d5aea87607/668x452.jpg""]",13,False,False,False,False,31.091400146484375,2026-01-21T11:55:26Z,Q7MZQ3DQYRFX4XM28370RWY4Q8,3,"La vista Ras El Hikma, Ras Al Hekma, North Coast",40784,"North Coast, Ras Al Hekma",ras-al-hekma-la-vista-ras-el-hikma,DISTRICT,27.997013092041016,20000000,111111.11111111111,Villa,property,2026-01-21T11:55:26Z,https://www.propertyfinder.eg/en/plp/buy/villa-for-sale-north-coast-ras-al-hekma-la-vista-ras-el-hikma-8577815.html,180,180,EG,propertyfinder,Finished twin villa sea view RTM with INST lavista
"[""BA"", ""SP"", ""SE"", ""SS"", ""SY"", ""WC"", ""BL"", ""LB"", ""CO""]",9,"[""Balcony"", ""Shared Pool"", ""Security"", ""Shared Spa"", ""Shared Gym"", ""Walk-in Closet"", ""View of Landmark"", ""Lobby in Building"", ""Children's Pool""]",2,3,buy,EGP,"Corner Villa in the Heart of Sheikh Zayed with La Vista Al Patio - Installment Plan

200 sq m Villa
3 Bedrooms
3 Bathrooms
Reception
Kitchen

La Vista Al Patio Zayed is a prestigious residential compound located in one of the best areas of Sheikh Zayed. It is characterized by its tranquility and integrated planning, providing a comfortable lifestyle for families. The project boasts an elegant architectural style that blends modernity with privacy, featuring ample green spaces and landscaping between the units.

The project includes a variety of residential units, including standalone villas, twin houses, and townhouses, with different sizes to suit diverse needs. The units feature practical designs and high-quality finishes, with open views of the gardens and natural surroundings.",/en/plp/buy/villa-for-sale-cairo-new-cairo-city-the-6th-settlement-el-patio-riva-8575858.html,True,8575858,"[""https://static.shared.propertyfinder.eg/media/images/listing/E5ZPB0E895R8XQVTY8JGR1V3TC/5e7c5ed9-8825-4d5e-b5cd-a53c20029f40/668x452.jpg""]",16,False,False,False,False,29.955154418945312,2026-01-20T23:36:51Z,E5ZPB0E895R8XQVTY8JGR1V3TC,4,"El Patio Riva, The 6th Settlement, New Cairo City, Cairo",42353,"Cairo, New Cairo City, The 6th Settlement",new-cairo-city-the-6th-settlement-el-patio-riva,SUBDISTRICT,31.571449279785156,20000000,100000.0,Villa,property,2026-01-20T23:36:51Z,https://www.propertyfinder.eg/en/plp/buy/villa-for-sale-cairo-new-cairo-city-the-6th-settlement-el-patio-riva-8575858.html,200,200,EG,propertyfinder,Corner Villa of Sheikh Zayed with La Vista AlPatio
"[""BA"", ""BW"", ""AC"", ""PG"", ""SP"", ""ST"", ""VW"", ""SE"", ""SS"", ""SY"", ""BL"", ""WC"", ""LB"", ""CO""]",14,"[""Balcony"", ""Built in Wardrobes"", ""Central A/C"", ""Private Garden"", ""Shared Pool"", ""Study"", ""View of Water"", ""Security"", ""Shared Spa"", ""Shared Gym"", ""View of Landmark"", ""Walk-in Closet"", ""Lobby in Building"", ""Children's Pool""]",2,3,buy,EGP,"For Sale three bedrooms villa in Touristic Center , Mamsha , El Kawther , In Front of White Beach Al Batros hotel , All services and needs in your hand 

Size : 250 M2 
Big reception , Kitchen , Bathroom , Storeroom 
3 bedrooms ( one of them is master bedrooms ) and 2 bathrooms 
Big garden (there are availability to install private  Swimming pool )
Fully furnished house with garden in the best location in Hurghada 
free access for sandy beach 
More details please contact us 
Mobile : [REDACTED_PHONE] (What's app , FaceTime , Telegram , Viber )",/en/plp/buy/villa-for-sale-red-sea-hurghada-touristic-center-8572695.html,True,8572695,"[""https://static.shared.propertyfinder.eg/media/images/listing/VMDMZ29GF1FKBH6NRCNKK29H64/463c2862-e55f-4d86-94fd-bcf60de534ce/668x452.jpg""]",7,False,False,False,False,27.192617416381836,2026-01-20T14:44:55Z,VMDMZ29GF1FKBH6NRCNKK29H64,3,"Touristic Center, Hurghada, Red Sea",37839,"Red Sea, Hurghada",hurghada-touristic-center,DISTRICT,33.83531188964844,14000000,56000.0,Villa,property,2026-01-20T14:44:55Z,https://www.propertyfinder.eg/en/plp/buy/villa-for-sale-red-sea-hurghada-touristic-center-8572695.html,250,250,EG,propertyfinder,For Sale 3bd villa with access beach in Mamshaa
"[""BA"", ""SP"", ""SE"", ""SS"", ""SY"", ""WC"", ""BL"", ""CO""]",8,"[""Balcony"", ""Shared Pool"", ""Security"", ""Shared Spa"", ""Shared Gym"", ""Walk-in Closet"", ""View of Landmark"", ""Children's Pool""]",2,3,buy,EGP,"Villa in the heart of Sheikh Zayed with La Vista Al Patio (installment plan available) for 1,000,000 EGP

Villa 266 sq m
4 Bedrooms
4 Bathrooms
Reception
Kitchen

The project is strategically located in the heart of Sheikh Zayed, near major roads and highways, providing easy access to various areas of Greater Cairo.

The location is close to the 26th of July Corridor, Dahshur Link, and the Middle Ring Road, in addition to its proximity to shopping malls, international schools, universities, and hospitals, making it a practical location for both living and investment.

Features of La Vista Al Patio Zayed

An integrated residential compound offering privacy and tranquility with well-planned urban development and modern architectural designs.

Extensive green spaces and landscaping have been allocated to provide a comfortable and healthy environment for residents.

The project includes diverse residential units with varying sizes to suit all needs.

The project provides 24/7 security and guard services with organized entry gates.

It features dedicated walking and jogging areas, recreational spaces, and service areas that meet residents' daily needs. The project represents a unique opportunity for upscale living or long-term investment in one of the best areas of Sheikh Zayed.",/en/plp/buy/villa-for-sale-giza-sheikh-zayed-city-sheikh-zayed-compounds-el-patio-vera-8568979.html,True,8568979,"[""https://static.shared.propertyfinder.eg/media/images/listing/Y4XYG8K89Z4VDFZA9M0VZGHSQR/158ed3b6-66de-4305-ae75-14cb9a1f6888/668x452.jpg""]",15,False,False,False,False,30.055936813354492,2026-01-19T23:42:55Z,Y4XYG8K89Z4VDFZA9M0VZGHSQR,4,"El Patio Vera, Sheikh Zayed Compounds, Sheikh Zayed City, Giza",41964,"Giza, Sheikh Zayed City, Sheikh Zayed Compounds",sheikh-zayed-city-sheikh-zayed-compounds-el-patio-vera,SUBDISTRICT,30.928068161010742,15000000,56390.97744360902,Villa,property,2026-01-19T23:42:55Z,https://www.propertyfinder.eg/en/plp/buy/villa-for-sale-giza-sheikh-zayed-city-sheikh-zayed-compounds-el-patio-vera-8568979.html,266,266,EG,propertyfinder,Villa in Zayed with La Vista Patio installments
"[""BA"", ""CP"", ""SE"", ""SS"", ""SY"", ""PG"", ""VW""]",7,"[""Balcony"", ""Covered Parking"", ""Security"", ""Shared Spa"", ""Shared Gym"", ""Private Garden"", ""View of Water""]",2,3,buy,EGP,"Twin house with garden, first row on the sea in El Sokhna Hills

Investment opportunity: live now in a twin house directly on the sea in El Sokhna Hills

Area: 180 sqm

3 rooms, including a maid's room

2 bathrooms

Kitchen

Reception with sea view

Prime location

Super luxury finishing

Delivery in 3 years

with 10-year installment option and 5% down payment

For contact and inquiries:[REDACTED_PHONE]",/en/plp/buy/villa-for-sale-suez-al-ain-al-sokhna-telal-al-sokhna-8567553.html,True,8567553,"[""https://static.shared.propertyfinder.eg/media/images/listing/08YH792MC5XGJG74WG5EDSPX14/e3fc5d3c-849b-4670-9a2a-fdb8a9550895/668x452.jpg""]",10,False,False,False,False,29.392812728881836,2026-01-19T16:04:54Z,08YH792MC5XGJG74WG5EDSPX14,3,"Telal Al Sokhna, Al Ain Al Sokhna, Suez",40367,"Suez, Al Ain Al Sokhna",al-ain-al-sokhna-telal-al-sokhna,COMPOUND,32.539920806884766,26900000,149444.44444444444,Villa,property,2026-01-19T16:04:54Z,https://www.propertyfinder.eg/en/plp/buy/villa-for-sale-suez-al-ain-al-sokhna-telal-al-sokhna-8567553.html,180,180,EG,propertyfinder,"Townhouse with a garden, first row on the sea"
"[""BA"", ""SE"", ""SS"", ""SY""]",4,"[""Balcony"", ""Security"", ""Shared Spa"", ""Shared Gym""]",2,3,buy,EGP,"Villa for sale in Hyde Park, 5th Settlement Compounds

BUA : 240 sqm

sale price : 33,000,000EGP
Installment : 10 Years

Consists of : 3 bedrooms - 2 bathrooms

delivery date : 4 Years
==========================
Located in the heart of the vibrant New Cairo, Hyde Park is established to reset the living standards in Egypt. Taking the different needs and tastes of Cairo urban citizens into consideration, the compound has approached an urban design that could be seen in the grand avenues and boulevards and the intimate lanes, streets, and courtyards. Hyde Park makes the perfect home for those who are looking for an escape from the hustle and bustle of the city without compromising the luxury of city life. Thus, Hyde Park is complemented with a number of recreational facilities and modern amenities that provide an exceptional living experience for its residents. From major educational facilities and clubhouses to medical centers and sporting club; you can enjoy your life in this self-sufficient community with no need to leave ever.
==========================
Hyde Park is situated in the heart of New Cairo, 7 minutes away from the AUC, which makes the compound accessible through a number of major roads and bridges in Cairo including the Ring Road, 90th St., Cairo Sukhna highway and Cairo-Suez highway.
====================
Properties for sale in 5th Settlement Compounds
Properties for sale in Hyde Park
Apartments for sale in Hyde Park
Villas for sale in Hyde Park
Townhouses for sale in Hyde Park
Penthouses for sale in Hyde Park
Chalets for sale in Hyde Park
Twin houses for sale in Hyde Park
Duplexes for sale in Hyde Park
I villas for sale in Hyde Park
1 bedroom properties for sale in Hyde Park
2 bedroom properties for sale in Hyde Park
3 bedroom properties for sale in Hyde Park
4 bedroom properties for sale in Hyde Park
5 bedroom properties for sale in Hyde Park",/en/plp/buy/villa-for-sale-cairo-new-cairo-city-hyde-park-2OihG75KBdI.html,True,51095610,"[""https://static.shared.propertyfinder.eg/media/images/listing/N9E4WF45W1Y0DRYXGR562WPE6W/d55d1829-1290-490c-8d23-dc5ec7f70cf6/668x452.jpg""]",25,False,False,False,False,29.995922088623047,2026-01-19T13:51:11Z,N9E4WF45W1Y0DRYXGR562WPE6W,3,"Hyde Park, New Cairo City, Cairo",2790,"Cairo, New Cairo City",new-cairo-city-hyde-park,COMPOUND,31.554126739501953,33000000,137500.0,Villa,property,2026-01-19T13:51:11Z,https://www.propertyfinder.eg/en/plp/buy/villa-for-sale-cairo-new-cairo-city-hyde-park-2OihG75KBdI.html,240,240,EG,propertyfinder,Villa With Very Prime Location Installment 10Y
"[""BA"", ""CO"", ""LB"", ""BL"", ""WC"", ""SY"", ""SS"", ""SE"", ""VW"", ""ST"", ""SP""]",11,"[""Balcony"", ""Children's Pool"", ""Lobby in Building"", ""View of Landmark"", ""Walk-in Closet"", ""Shared Gym"", ""Shared Spa"", ""Security"", ""View of Water"", ""Study"", ""Shared Pool""]",2,3,buy,EGP,"own a townhouse in Lake West Compound, one of the most prestigious locations in Sheikh Zayed.

There are installment plans available.


Unit Details:
	•	Townhouse
	•	Land area: 181 m²
	•	Built-up area: 235 m²
	•	3 bedrooms, 3 bathrooms

Location:
	•	Located near many vital places:
	•	Near Mall of Arabia
	•	Near Juhayna Square
	•	Near Hunting Club
	•	Near Cairo University

Services:
	•	The compound offers numerous services, including:
	•	Spacious green areas
	•	Water features
	•	Swimming pools
	•	Children’s play area
	•	Barbecue and relaxation areas",/en/plp/buy/villa-for-sale-giza-6-october-city-green-belt-hood-3-st-2OiPwyuBHw8.html,True,51146866,"[""https://static.shared.propertyfinder.eg/media/images/listing/YJVD5EJHNPDGVPFXJ6TMR3QKSR/892ee690-30bd-43eb-ad88-167e6352011f/668x452.jpg""]",11,False,False,False,False,30.029922485351562,2026-01-19T09:48:55Z,YJVD5EJHNPDGVPFXJ6TMR3QKSR,4,"Hood 3 St., Green Belt, 6 October City, Giza",21105,"Giza, 6 October City, Green Belt",6-october-city-green-belt-hood-3-st,STREET,30.93592643737793,5500000,275000.0,Villa,property,2026-01-19T09:48:55Z,https://www.propertyfinder.eg/en/plp/buy/villa-for-sale-giza-6-october-city-green-belt-hood-3-st-2OiPwyuBHw8.html,20,20,EG,propertyfinder,"Villa for sale in Sheikh Zayed, 230m, installments"
"[""BA"", ""BW"", ""AC"", ""BK"", ""CP"", ""MR"", ""PG"", ""PP"", ""SP"", ""ST"", ""VW"", ""SE"", ""SS"", ""SY"", ""WC"", ""BL"", ""LB"", ""CO""]",18,"[""Balcony"", ""Built in Wardrobes"", ""Central A/C"", ""Kitchen Appliances"", ""Covered Parking"", ""Maids Room"", ""Private Garden"", ""Private Pool"", ""Shared Pool"", ""Study"", ""View of Water"", ""Security"", ""Shared Spa"", ""Shared Gym"", ""Walk-in Closet"", ""View of Landmark"", ""Lobby in Building"", ""Children's Pool""]",2,3,buy,EGP,"Villa for Sale in Al Burouj Compound – Prime View on the Largest Boulevard 

Ready to move 
Fully finished with A’Cs

•	Bedrooms: 3
	•	Living Areas: 2
	•	Bathrooms: 5
	•	Nanny’s Room with Bathroom
	•	Built-up Area: 340 sqm
	•	Land Area: 389 sqm

Downpayment: 18,576,000
Remaining : 5,045,000
Total : 23,621,000


About Alocate :
Alocate for Investment and Real Estate Marketing is one of the leading 
companies in the field of marketing and real estate investment in Egypt.
We aim to provide comprehensive services to meet your real estate needs 
from selling, buying, or renting real estate units, whether residential or 
commercial.
Due to our individual experiences in real estate companies in Egypt and 
abroad, we have come to the conclusion that trust is the primary factor that 
we should offer you when it comes to buying, renting or offering your 
property for sale or rent.
We also offer our clients the best investment consultancy ..",/en/plp/buy/villa-for-sale-cairo-shorouk-city-el-shorouk-compounds-al-burouj-compound-2OiP3Wkyg0O.html,True,51108783,"[""https://static.shared.propertyfinder.eg/media/images/listing/QN8XMG6XPRDR26REMGPC01E9AW/aabddf44-9b87-4319-9404-565c764e100b/668x452.jpg""]",10,False,False,False,False,30.144893646240234,2026-01-19T09:36:32Z,QN8XMG6XPRDR26REMGPC01E9AW,4,"Al Burouj Compound, El Shorouk Compounds, Shorouk City, Cairo",40448,"Cairo, Shorouk City, El Shorouk Compounds",shorouk-city-el-shorouk-compounds-al-burouj-compound,SUBDISTRICT,31.64113998413086,18576000,54635.294117647056,Villa,property,2026-01-19T09:36:32Z,https://www.propertyfinder.eg/en/plp/buy/villa-for-sale-cairo-shorouk-city-el-shorouk-compounds-al-burouj-compound-2OiP3Wkyg0O.html,340,340,EG,propertyfinder,direct view boulevard finished ac villa resale rtm
"[""BA"", ""BW"", ""AC"", ""CP"", ""BK"", ""PG"", ""MR"", ""PP"", ""SP"", ""ST"", ""VW"", ""SE"", ""SS"", ""SY"", ""WC"", ""BL"", ""LB"", ""CO""]",18,"[""Balcony"", ""Built in Wardrobes"", ""Central A/C"", ""Covered Parking"", ""Kitchen Appliances"", ""Private Garden"", ""Maids Room"", ""Private Pool"", ""Shared Pool"", ""Study"", ""View of Water"", ""Security"", ""Shared Spa"", ""Shared Gym"", ""Walk-in Closet"", ""View of Landmark"", ""Lobby in Building"", ""Children's Pool""]",2,3,buy,EGP,"SVilla for sale in The Butterfly, Mostakbal City Compounds
 S Villa for Sale in Best Compounds El Mostakbal City - Butterfly 

BUA : 212sqm
Semi Finished
Sale Price : 17,587,260EGP
Down Payment : 879,313 EGP
Installment : 12 Years

3 bedrooms + 2 bathrooms
===================================
The Butterfly Compound, which is distinguished by its unique strategic location in the Mostakbal area. One of the most prominent new cities that many residents look forward to.

In addition, The Butterfly Compound, Mostaqbal City, is located directly on Al Amal Axis. In front of my city. This enhances its attractiveness and ensures easy access to all customers.

The places near The Butterfly Mostakbal City are as follows:
The Butterfly Al Mostakbal Compound is located a short distance from the Ring Road.
In addition, Butterfly Compound is a short distance from the Suez Road.
The Butterfly Compound is also located minutes away from the American University, Fifth Settlement.
======================================
Properties for sale in Mostakbal City Compounds
Properties for sale in The Butterfly
Apartments for sale in The Butterfly
Villas for sale in The Butterfly
Townhouses for sale in The Butterfly
Penthouses for sale in The Butterfly
Twin houses for sale in The Butterfly
Duplexes for sale in The Butterfly
Ivillas for sale in The Butterfly
1 bedroom properties for sale in The Butterfly
2 bedroom properties for sale in The Butterfly
3 bedroom properties for sale in The Butterfly",/en/plp/buy/villa-for-sale-cairo-mostakbal-city-future-city-mostakbal-city-compounds-the-butterfly-8560175.html,True,8560175,"[""https://static.shared.propertyfinder.eg/media/images/listing/9PD6EW6TSWYF06HJMWWNB1MAWC/1b021182-b000-4144-8c7b-2a8fce14cfe8/668x452.jpg""]",10,False,False,False,False,30.076519012451172,2026-01-18T15:33:31Z,9PD6EW6TSWYF06HJMWWNB1MAWC,4,"The Butterfly, Mostakbal City Compounds, Mostakbal City - Future City, Cairo",41972,"Cairo, Mostakbal City - Future City, Mostakbal City Compounds",mostakbal-city-future-city-mostakbal-city-compounds-the-butterfly,SUBDISTRICT,31.683374404907227,17587260,82958.77358490566,Villa,property,2026-01-18T15:33:31Z,https://www.propertyfinder.eg/en/plp/buy/villa-for-sale-cairo-mostakbal-city-future-city-mostakbal-city-compounds-the-butterfly-8560175.html,212,212,EG,propertyfinder,"S Villa The Butterfly Down Payment :879,313"
"[""BA"", ""SE"", ""ST"", ""CO""]",4,"[""Balcony"", ""Security"", ""Study"", ""Children's Pool""]",2,3,buy,EGP,"One Story for sale in ""MV icity"" New Cairo 
---------------------- 
Phase MV3  
---------------------
Bua: 180 SQM
Land: 405 SQM 

3 Bedrooms  ( 1 Master bedrooms ) + Reception & dining + room+M maid + roof terrace 
2 bathroom 
  
Delivery: ready to move 
Finishing: Semi finished 

Down payment: 16,500,000
Installments: 1,570,825
Total price: 18,010,825
-----------",/en/plp/buy/villa-for-sale-cairo-new-cairo-city-the-5th-settlement-5th-settlement-compounds-mountain-view-icity-8560101.html,True,8560101,"[""https://static.shared.propertyfinder.eg/media/images/listing/BY7NBPF99TAQYFH4VVHFSNFDHM/01d13b3b-ac3e-4138-aeed-73b20b7d9011/668x452.jpg""]",15,False,False,False,False,30.06942367553711,2026-01-18T15:28:33Z,BY7NBPF99TAQYFH4VVHFSNFDHM,5,"Mountain View iCity, 5th Settlement Compounds, The 5th Settlement, New Cairo City, Cairo",20206,"Cairo, New Cairo City, The 5th Settlement, 5th Settlement Compounds",new-cairo-city-the-5th-settlement-5th-settlement-compounds-mountain-view-icity,COMPOUND,31.5997371673584,16500000,91666.66666666667,Villa,property,2026-01-18T15:28:33Z,https://www.propertyfinder.eg/en/plp/buy/villa-for-sale-cairo-new-cairo-city-the-5th-settlement-5th-settlement-compounds-mountain-view-icity-8560101.html,180,180,EG,propertyfinder,Villa One Story MV Icity MV 3 New Cairo
"[""BA"", ""CP"", ""PG"", ""SP"", ""SE"", ""SY"", ""BL"", ""LB""]",8,"[""Balcony"", ""Covered Parking"", ""Private Garden"", ""Shared Pool"", ""Security"", ""Shared Gym"", ""View of Landmark"", ""Lobby in Building""]",2,3,buy,EGP,"Villa with an area of ​​180 sq m (3 bedrooms + 2 bathrooms + reception + terrace + kitchen) + private garden of 93 sq m

In Sarai Elm Tree Compound, Mostakbal City
Directly next to Madinaty

Price before discount: 18,693,000
Price after discount: 9,346,000

Or with a down payment of 934,000 and installments over 12 years

For details:[REDACTED_PHONE] & WhatsApp",/en/plp/buy/villa-for-sale-cairo-mostakbal-city---future-city-mostakbal-city-compounds-sarai-elm-tree-park-8559945.html,True,8559945,"[""https://static.shared.propertyfinder.eg/media/images/listing/NNJQ64QWH3MSW9MW3AV15DGV9R/7958e50f-98d7-45b7-8543-92dba00294f6/668x452.jpg""]",10,False,False,False,False,30.104904174804688,2026-01-18T15:15:36Z,NNJQ64QWH3MSW9MW3AV15DGV9R,5,"Elm Tree Park, Sarai, Mostakbal City Compounds, Mostakbal City - Future City, Cairo",42378,"Cairo, Mostakbal City - Future City, Mostakbal City Compounds, Sarai",mostakbal-city---future-city-mostakbal-city-compounds-sarai-elm-tree-park,STREET,31.692211151123047,9346000,51922.22222222222,Villa,property,2026-01-18T15:15:36Z,https://www.propertyfinder.eg/en/plp/buy/villa-for-sale-cairo-mostakbal-city---future-city-mostakbal-city-compounds-sarai-elm-tree-park-8559945.html,180,180,EG,propertyfinder,Villa for sale with a 50% discount in Sarai Mostak
"[""BA"", ""VW"", ""SE"", ""SS"", ""SY"", ""LB""]",6,"[""Balcony"", ""View of Water"", ""Security"", ""Shared Spa"", ""Shared Gym"", ""Lobby in Building""]",2,3,buy,EGP,"Live a refined lifestyle inside Sarai Compound – S2 Phase

A unique opportunity to own a residential unit with a private garden inside one of the largest and most prestigious compounds in New Cairo – Sarai Compound, featuring modern designs, expansive green spaces, and fully integrated services.

Unit Details:

Internal area: 150 sqm

Private garden: 106 sqm

3 bedrooms

Practical and comfortable layout

Prime location within S2 Phase

Payment Plan:

10% down payment only

Installments up to 8 years

Sarai Compound Features:

Strategic location on Al Amal Road, close to New Cairo and the New Administrative Capital

Wide green spaces and lagoons

Fully integrated services (commercial, entertainment, and sports)

24/7 security and guarding

A fully developed residential community ideal for families

Sarai Compound stands out for its prime location near major roads, international architectural designs, vast green areas, and artificial lakes. It offers comprehensive services including shopping centers, schools, hospitals, sports clubs, entertainment zones, round-the-clock security, and Smart Home services. With a wide variety of unit types and flexible long-term payment plans, Sarai is a complete destination for modern living.
-------------------------------------------------------------------------------------------------------------------------------------------------------

Creative Real Estate Marketing is a specialized company providing integrated real estate solutions across Egypt. We offer strong expertise in selling ready-to-move units across all areas of Cairo, along with premium projects and top investment opportunities.

Our services include:

Administrative properties

Residential properties

Hotel-style units

All types of rental units

Sales and real estate marketing management",/en/plp/buy/villa-for-sale-cairo-mostakbal-city---future-city-mostakbal-city-compounds-sarai-s2-2OgqaXbJIwK.html,True,51084155,"[""https://static.shared.propertyfinder.eg/media/images/listing/K65PKXEH3SAJMT5AFV2WDK91F0/69aed440-8177-45e8-92d6-6a772834d2ec/668x452.jpg""]",13,False,False,False,False,30.099924087524414,2026-01-18T11:06:32Z,K65PKXEH3SAJMT5AFV2WDK91F0,5,"S2, Sarai, Mostakbal City Compounds, Mostakbal City - Future City, Cairo",42312,"Cairo, Mostakbal City - Future City, Mostakbal City Compounds, Sarai",mostakbal-city---future-city-mostakbal-city-compounds-sarai-s2,STREET,31.705448150634766,14740731,98271.54,Villa,property,2026-01-18T11:06:32Z,https://www.propertyfinder.eg/en/plp/buy/villa-for-sale-cairo-mostakbal-city---future-city-mostakbal-city-compounds-sarai-s2-2OgqaXbJIwK.html,150,150,EG,propertyfinder,For sale apartment 150m+106m g 2 bedroom in Sarai.
"[""BA"", ""CP"", ""PG"", ""SP"", ""SE"", ""BL"", ""LB""]",7,"[""Balcony"", ""Covered Parking"", ""Private Garden"", ""Shared Pool"", ""Security"", ""View of Landmark"", ""Lobby in Building""]",2,3,buy,EGP,"For sale in Sarai Mostakbal City Compound
Directly next to Madinaty

Villa, 150 sq m
(3 bedrooms + 2 bathrooms + reception + terrace + kitchen)
+ Private garden 106 sq m
Upcoming delivery

Price before discount: 14,698,000
Price after discount: 9,259,000

Or with a down payment of 1,469,000 and installments over 7 years
For details:[REDACTED_PHONE] & WhatsApp",/en/plp/buy/villa-for-sale-cairo-mostakbal-city---future-city-mostakbal-city-compounds-sarai-s2-8522465.html,True,8522465,"[""https://static.shared.propertyfinder.eg/media/images/listing/5D8X4M4G4FBK6T2R6DCBQKPCT4/036902ff-be82-43a7-9ef8-10bca82f5cd7/668x452.jpg""]",10,False,False,False,False,30.099924087524414,2026-01-10T15:46:16Z,5D8X4M4G4FBK6T2R6DCBQKPCT4,5,"S2, Sarai, Mostakbal City Compounds, Mostakbal City - Future City, Cairo",42312,"Cairo, Mostakbal City - Future City, Mostakbal City Compounds, Sarai",mostakbal-city---future-city-mostakbal-city-compounds-sarai-s2,STREET,31.705448150634766,9259000,61726.666666666664,Villa,property,2026-01-10T15:46:16Z,https://www.propertyfinder.eg/en/plp/buy/villa-for-sale-cairo-mostakbal-city---future-city-mostakbal-city-compounds-sarai-s2-8522465.html,150,150,EG,propertyfinder,"Villa for immediate occupancy, right next to Madin"
"[""BA"", ""CP"", ""PG"", ""SP"", ""SE"", ""BL"", ""LB""]",7,"[""Balcony"", ""Covered Parking"", ""Private Garden"", ""Shared Pool"", ""Security"", ""View of Landmark"", ""Lobby in Building""]",2,3,buy,EGP,"For Sale in Talala Compound
In a prime location in New Heliopolis

Villa for sale, 166 sq m
(3 bedrooms + 2 bathrooms + reception + terrace + kitchen)
+ 54 sq m private garden
+ 33 sq m private roof

Price before discount: 13,450,000
Price after discount: 6,725,000

Or with a down payment of 672,000 and installments over 10 years

For details:[REDACTED_PHONE] & WhatsApp",/en/plp/buy/villa-for-sale-cairo-new-heliopolis-new-heliopolis-compounds-talala-8522441.html,True,8522441,"[""https://static.shared.propertyfinder.eg/media/images/listing/2VABGRSCXFZXSA73FCBHSQ88JC/3255f4f3-5d0d-4520-b075-c3840e6e6a37/668x452.jpg""]",10,False,False,False,False,30.153987884521484,2026-01-10T15:40:24Z,2VABGRSCXFZXSA73FCBHSQ88JC,4,"Talala, New Heliopolis Compounds, New Heliopolis, Cairo",42165,"Cairo, New Heliopolis, New Heliopolis Compounds",new-heliopolis-new-heliopolis-compounds-talala,SUBDISTRICT,31.6824893951416,6725000,40512.048192771086,Villa,property,2026-01-10T15:40:24Z,https://www.propertyfinder.eg/en/plp/buy/villa-for-sale-cairo-new-heliopolis-new-heliopolis-compounds-talala-8522441.html,166,166,EG,propertyfinder,Fully finished villa for sale in New Heliopolis
"[""BA"", ""SE"", ""CP""]",3,"[""Balcony"", ""Security"", ""Covered Parking""]",2,3,buy,EGP,"Immediate delivery of a fully finished townhouse in Alex West - Your real estate consultant /  Mohamed El Dakak[REDACTED_PHONE]
 Land area: 180 m
 Building area: 188 m
 3 bedrooms, 3 reception , 2 bathrooms
 Fully finished
 Immediate delivery
 Open view of the lake
 Total price: 13,000,000 EGP cash
 Project services: AlexWest Club - Radisson Blu Hotel - International School (Wellington) - Saudi German Hospital - Club House - Private University - Certified Golf Course
 Code: MD005757
Villas for sale Alex_West Real_Estate Investment Remax_Professional Remax",/en/plp/buy/villa-for-sale-alexandria-alexandria-compounds-alex-west-8521842.html,True,8521842,"[""https://static.shared.propertyfinder.eg/media/images/listing/7XY3V7R7WK4G1SGGRPED1TVJ6C/b1ed5cb4-f5f8-418c-a26e-f31977ea2cea/668x452.jpg""]",22,False,False,False,False,31.04862403869629,2026-01-10T13:56:53Z,7XY3V7R7WK4G1SGGRPED1TVJ6C,3,"Alex West, Alexandria Compounds, Alexandria",41404,"Alexandria, Alexandria Compounds",alexandria-compounds-alex-west,DISTRICT,29.709577560424805,13000000,69148.93617021276,Villa,property,2026-01-10T13:56:53Z,https://www.propertyfinder.eg/en/plp/buy/villa-for-sale-alexandria-alexandria-compounds-alex-west-8521842.html,188,188,EG,propertyfinder,Immediate delivery Open view of the lake
"[""BA"", ""BW"", ""SE"", ""SY"", ""LB""]",5,"[""Balcony"", ""Built in Wardrobes"", ""Security"", ""Shared Gym"", ""Lobby in Building""]",2,3,buy,EGP,"Unit Details
Unit Type: Twin House Villa
BUA: 350 sqm
Land Area: 497 sqm
Finishing: Semi-Finished
Floors: Ground and First
Delivery: Immediate
Project Details
Location: Cleopatra Square Compound, 6th of October City
Developer: Cleopatra Developments
Amenities: A fully integrated compound with wide green areas, full security system, recreational facilities, and essential services for residents
Listing Description
Twin House Villa for sale in Cleopatra Square Compound, 6th of October City with a built-up area of 350 sqm on a land of 497 sqm. Unit code AM1330, semi-finished, immediate delivery, 3 master bedrooms, with a total price of EGP 20,000,000. Payment is cash.
About the Project and Developer
Cleopatra Square Compound is developed by Cleopatra Developments and is one of the prime residential projects in 6th of October City. It combines modern design with a strategic location, offering an integrated living environment that meets residents’ needs.
Investment Advantages
The unit is priced below market value, making it an excellent investment opportunity, especially with immediate delivery that allows for quick occupancy or resale. The rising value of land and units in 6th of October further enhances long-term investment potential.
For inquiries and reservations, call 16547",/en/plp/buy/villa-for-sale-giza-6-october-city-26th-of-july-corridor-cleopatra-square-8520163.html,True,8520163,"[""https://static.shared.propertyfinder.eg/media/images/listing/0J8WQY1SKPNBGKFFFZR7AFPPXR/a79efbcc-ebd7-4ea2-9dd1-0d6d95d01fc7/668x452.jpg""]",10,False,False,False,False,30.012149810791016,2026-01-09T17:17:38Z,0J8WQY1SKPNBGKFFFZR7AFPPXR,4,"Cleopatra Square, 26th of July Corridor, 6 October City, Giza",20979,"Giza, 6 October City, 26th of July Corridor",6-october-city-26th-of-july-corridor-cleopatra-square,COMPOUND,31.00187110900879,20000000,57142.857142857145,Villa,property,2026-01-09T17:17:38Z,https://www.propertyfinder.eg/en/plp/buy/villa-for-sale-giza-6-october-city-26th-of-july-corridor-cleopatra-square-8520163.html,350,350,EG,propertyfinder,Twin House Villa Resale 350m Semi-Finished
"[""BA"", ""CO"", ""LB"", ""BL"", ""WC"", ""SY"", ""SS"", ""SE"", ""VW"", ""ST"", ""SP""]",11,"[""Balcony"", ""Children's Pool"", ""Lobby in Building"", ""View of Landmark"", ""Walk-in Closet"", ""Shared Gym"", ""Shared Spa"", ""Security"", ""View of Water"", ""Study"", ""Shared Pool""]",2,3,buy,EGP,"win House 440 sqm for Sale in Palm Villa Compound – Ready to Move & Continue Installments

Experience luxury living in a spacious twin house at Palm Villa Compound, located in the heart of 6th of October. Move in immediately and continue the remaining installments with flexible payment terms.

Unit Details:
	•	Unit Type: Twin House
	•	Built-up Area: 440 sqm
	•	4 Bedrooms
	•	4 Bathrooms
	•	Large Living Room
	•	Maid’s Room with Bathroom
	•	Kitchen
	•	Private Garden
	•	Roof
	•	High-end Finishing / Semi-Finished (as per request)

Palm Villa Compound Features:
	•	Prime location in 6th of October
	•	Close to Mall of Arabia & 26th of July Corridor
	•	Green landscapes and open spaces
	•	24/7 Security",/en/plp/buy/villa-for-sale-giza-6-october-city-al-wahat-road-palm-villa-8518893.html,True,8518893,"[""https://static.shared.propertyfinder.eg/media/images/listing/4HEV0G2KPMNWCFZEJKNM0DZ3ZW/e4ca90c3-a10a-46ff-b768-1afd8cb030d6/668x452.jpg""]",10,False,False,False,False,29.997289657592773,2026-01-08T20:36:46Z,4HEV0G2KPMNWCFZEJKNM0DZ3ZW,4,"Palm Villa, Al Wahat Road, 6 October City, Giza",40724,"Giza, 6 October City, Al Wahat Road",6-october-city-al-wahat-road-palm-villa,SUBDISTRICT,31.015703201293945,6000000,300000.0,Villa,property,2026-01-08T20:36:46Z,https://www.propertyfinder.eg/en/plp/buy/villa-for-sale-giza-6-october-city-al-wahat-road-palm-villa-8518893.html,20,20,EG,propertyfinder,"Villa for sale in 6th of October, area 440m"
"[""BA"", ""BW"", ""AC"", ""CP"", ""BK"", ""PG"", ""SP"", ""ST"", ""VW"", ""SE"", ""SS"", ""SY"", ""WC"", ""BL"", ""LB"", ""CO""]",16,"[""Balcony"", ""Built in Wardrobes"", ""Central A/C"", ""Covered Parking"", ""Kitchen Appliances"", ""Private Garden"", ""Shared Pool"", ""Study"", ""View of Water"", ""Security"", ""Shared Spa"", ""Shared Gym"", ""Walk-in Closet"", ""View of Landmark"", ""Lobby in Building"", ""Children's Pool""]",2,3,buy,EGP,"Apartment for Sale – Kayan Compound, Sheikh Zayed
Ground Floor with 170 sqm Garden – Fully Paid – Ready to Move

Unit Details:
• Built-up area: 120 sqm
• Garden: 170 sqm
• Floor: Ground with private garden
• Layout: 3 bedrooms (including a master) + 2 bathrooms
• Finishing: Super Lux
• View: Open panoramic view
• Delivery: Ready to move

Compound Features:
• Prime location inside Kayan – Badr El Din
• 24/7 security
• Private parking
• Social club and recreational areas
• Close to the Central Axis and Mall of Arabia",/en/plp/buy/villa-for-sale-giza-sheikh-zayed-city-sheikh-zayed-compounds-kayan-8511087.html,True,8511087,"[""https://static.shared.propertyfinder.eg/media/images/listing/06XA4Y85FCV1DNCQRW6F44F3Y4/07f09997-032d-4713-a6bc-73d50ab36649/668x452.jpg""]",11,False,False,False,False,30.00199317932129,2026-01-06T16:46:38Z,06XA4Y85FCV1DNCQRW6F44F3Y4,4,"Kayan, Sheikh Zayed Compounds, Sheikh Zayed City, Giza",41029,"Giza, Sheikh Zayed City, Sheikh Zayed Compounds",sheikh-zayed-city-sheikh-zayed-compounds-kayan,SUBDISTRICT,30.909719467163086,6700000,55833.333333333336,Villa,property,2026-01-06T16:46:38Z,https://www.propertyfinder.eg/en/plp/buy/villa-for-sale-giza-sheikh-zayed-city-sheikh-zayed-compounds-kayan-8511087.html,120,120,EG,propertyfinder,Apartment for Sale – Kayan Comp - with garden 170m
"[""BA"", ""CP"", ""PG"", ""SE"", ""SY""]",5,"[""Balcony"", ""Covered Parking"", ""Private Garden"", ""Security"", ""Shared Gym""]",2,3,buy,EGP,"A villa with a garden, finished and equipped with air conditioning, at the lowest price per square meter in the most prestigious compound in New Cairo, ""The Wonder Mark."" Featuring the finest English design, for those who appreciate sophistication and distinction, in the heart of Mostakbal City. For the first time, and at an incredible price, you'll only pay 1.5% down with more flexible installments and no interest.

(45% discount available for cash payment)

With a direct view of green spaces
Unit Type: English-style villa, modern finishing with air conditioning

Area: 210 sq m + 85 sq m garden
Down Payment: Only 243,000 EGP
Total Price Now: Only 16,200,000 EGP

(45% discount for cash payment)

For details, please contact us or leave a WhatsApp message on:[REDACTED_PHONE]

The Wonder Mark compound boasts a prime location:

Near the American University in Cairo and Bloomfields Compound

Near the Suez Road  5 minutes to the Sokhna Road
10 minutes to the Bin Zayed North Axis

The Wondermark Compound boasts numerous services and features that set it apart from other compounds:
Extensive green spaces dedicated to nature lovers
Sports courts
Health and sports club
State-of-the-art gym
Swimming pools
Pharmacies and healthcare services
Commercial areas
Hypermarket
Restaurants and cafes
Social club
Private parking garage",/en/plp/buy/villa-for-sale-cairo-new-cairo-city-the-5th-settlement-mostakbal-city-compounds-the-wonder-marq-8504995.html,True,8504995,"[""https://static.shared.propertyfinder.eg/media/images/listing/RXBDB9SV57MVM6VJEVEXD5X7Y0/ca3e312e-14b8-4d5a-985e-1402c5eec305/668x452.jpg""]",9,False,False,False,False,30.048582077026367,2026-01-05T12:32:05Z,RXBDB9SV57MVM6VJEVEXD5X7Y0,4,"The Wonder Marq, Mostakbal City Compounds, Mostakbal City - Future City, Cairo",41330,"Cairo, Mostakbal City - Future City, Mostakbal City Compounds",new-cairo-city-the-5th-settlement-mostakbal-city-compounds-the-wonder-marq,SUBDISTRICT,31.640851974487305,16200000,77142.85714285714,Villa,property,2026-01-05T12:32:05Z,https://www.propertyfinder.eg/en/plp/buy/villa-for-sale-cairo-new-cairo-city-the-5th-settlement-mostakbal-city-compounds-the-wonder-marq-8504995.html,210,210,EG,propertyfinder,"Villa + garden, finished, The wonder marq"
"[""BW"", ""BA"", ""AC"", ""CP"", ""BK"", ""MR"", ""PG"", ""PP"", ""SP"", ""ST"", ""VW"", ""WC"", ""SY"", ""SS"", ""SE""]",15,"[""Built in Wardrobes"", ""Balcony"", ""Central A/C"", ""Covered Parking"", ""Kitchen Appliances"", ""Maids Room"", ""Private Garden"", ""Private Pool"", ""Shared Pool"", ""Study"", ""View of Water"", ""Walk-in Closet"", ""Shared Gym"", ""Shared Spa"", ""Security""]",2,3,buy,EGP,"Villa ready to move with lowest price in installments in the heart of Sheikh Zayed

Area: 220 sqm

4 Bedrooms + 3 Bathrooms

Down payment: 7,000,000

Installments available

Prime Location:

In the heart of Sheikh Zayed

Next to Al Rabwa Compound

Close to Etapa



Commercial Mall

Swimming Pools

Landscaped Areas

Mosque

Hypermarket

Jogging & Cycling Tracks

24/7 Security & CCTV Surveillance

Near Zed Towers",/en/plp/buy/villa-for-sale-giza-sheikh-zayed-city-sheikh-zayed-compounds-patio-al-zahraa-8503529.html,True,8503529,"[""https://static.shared.propertyfinder.eg/media/images/listing/EPFVSRQPF1C36413YTTYXA0GJG/effe141a-e6f4-4a15-b444-b55ef5ed2f03/668x452.jpg""]",14,False,False,False,False,30.040565490722656,2026-01-05T04:58:53Z,EPFVSRQPF1C36413YTTYXA0GJG,4,"Patio Al Zahraa, Sheikh Zayed Compounds, Sheikh Zayed City, Giza",28895,"Giza, Sheikh Zayed City, Sheikh Zayed Compounds",sheikh-zayed-city-sheikh-zayed-compounds-patio-al-zahraa,COMPOUND,30.990543365478516,5000000,250000.0,Villa,property,2026-01-05T04:58:53Z,https://www.propertyfinder.eg/en/plp/buy/villa-for-sale-giza-sheikh-zayed-city-sheikh-zayed-compounds-patio-al-zahraa-8503529.html,20,20,EG,propertyfinder,Villa ready to move with lowest price in instal
"[""BA"", ""CP"", ""VW"", ""SE"", ""SY""]",5,"[""Balcony"", ""Covered Parking"", ""View of Water"", ""Security"", ""Shared Gym""]",2,3,buy,EGP,"Own a villa in Alex West directly on the lake - Your real estate consultant: Amira Abdelkader:[REDACTED_PHONE]

 Land area: 180 m
 Built-up area: 188 m
 3 bedrooms, 3 reception, 2 bathrooms
 Fully finished
 Immediate delivery
 Open view
 Total price: EGP 13,000,000 cash
 Project amenities: Alexwest Club - Radisson Blu Hotel - Wellington International School - Saudi German Hospital - Clubhouse - Private University - Certified Golf Course
 Code: AB005757

Villas for_sale in AlexWest Real_Estate Remax Investment Remax_Professional",/en/plp/buy/villa-for-sale-alexandria-alexandria-compounds-alex-west-8498280.html,True,8498280,"[""https://static.shared.propertyfinder.eg/media/images/listing/7E0TTT7GW4J1S54JPG6RWMR7SC/71921e94-091b-41f5-965c-15790dabd7b8/668x452.jpg""]",15,False,False,False,False,31.04862403869629,2026-01-03T13:16:01Z,7E0TTT7GW4J1S54JPG6RWMR7SC,3,"Alex West, Alexandria Compounds, Alexandria",41404,"Alexandria, Alexandria Compounds",alexandria-compounds-alex-west,DISTRICT,29.709577560424805,13000000,69148.93617021276,Villa,property,2026-01-03T13:16:01Z,https://www.propertyfinder.eg/en/plp/buy/villa-for-sale-alexandria-alexandria-compounds-alex-west-8498280.html,188,188,EG,propertyfinder,direct view on the lake Fully finished
"[""BA"", ""CP"", ""PG"", ""SE"", ""SS"", ""SY"", ""VW"", ""SP""]",8,"[""Balcony"", ""Covered Parking"", ""Private Garden"", ""Security"", ""Shared Spa"", ""Shared Gym"", ""View of Water"", ""Shared Pool""]",2,3,buy,EGP,"A dream villa with a distinctive American design and an unbeatable price!

I villa with a garden is for sale in Mountain View 1.1, featuring a unique American design, in the heart of New Cairo's Fifth Settlement, the most prestigious compound in the area.

Panoramic views of the landscape.

Unit Type: Private Villa with Garden
Area: 220 sq m / 3 Bedrooms
15% Down Payment
Installments over 7 years
Total Price: Only EGP 24,787,000

For details, please call us or send a WhatsApp message to:[REDACTED_PHONE]

Mountain View 1.1 compound boasts a prime location:

Near the American University in Cairo
15 minutes from the British University in Egypt and Future University
Near Heliopolis and Nasr City  10 minutes to the New Administrative Capital
7 minutes to Madinaty and Hyde Park
Near Azar Compound

Mountain View 1.1 Compound features premium amenities:
Business conference rooms
Entertainment facilities
Cinema
Gyms
Medical centers
Gym, jacuzzi, spa
Commercial areas
Hypermarket
Security cameras",/en/plp/buy/villa-for-sale-cairo-new-cairo-city-the-5th-settlement-5th-settlement-compounds-mountain-view-1-1-8495022.html,True,8495022,"[""https://static.shared.propertyfinder.eg/media/images/listing/PZ0HWZRGPK3MJ1ZCQCD4GJW1KW/687b9f1c-3da9-44f9-81d7-a72310c325f1/668x452.jpg""]",13,False,False,False,False,30.048173904418945,2026-01-01T09:20:17Z,PZ0HWZRGPK3MJ1ZCQCD4GJW1KW,5,"Mountain View 1.1, 5th Settlement Compounds, The 5th Settlement, New Cairo City, Cairo",41706,"Cairo, New Cairo City, The 5th Settlement, 5th Settlement Compounds",new-cairo-city-the-5th-settlement-5th-settlement-compounds-mountain-view-1-1,STREET,31.50146484375,24787507,112670.48636363636,Villa,property,2026-01-01T09:20:17Z,https://www.propertyfinder.eg/en/plp/buy/villa-for-sale-cairo-new-cairo-city-the-5th-settlement-5th-settlement-compounds-mountain-view-1-1-8495022.html,220,220,EG,propertyfinder,"Lowest price villa with garden, Mountain View"
"[""BL"", ""CO"", ""WC"", ""SY"", ""SE"", ""ST"", ""SP"", ""BA"", ""BW"", ""MR""]",10,"[""View of Landmark"", ""Children's Pool"", ""Walk-in Closet"", ""Shared Gym"", ""Security"", ""Study"", ""Shared Pool"", ""Balcony"", ""Built in Wardrobes"", ""Maids Room""]",2,3,buy,EGP,"Belle vie  by Emaar Misr Development

Hot opportunity 
Under Market price 

Standalone for sale in Belle vie 
Destination : New Zayed 
View :  Landscape 

Built up area: 280
Land area : 380

Layout :-
Type : Noble A
3 Bedroom 1 master 
2  Bathrooms
2 powder room 
Maid's room with private bathroom  
Penthouse area 
Kitchen  
Guest toilet 
Terraces

Finishing :  Fully finished by Emaar

Asking price : 18,000,000



Translated from the French sentence “The Beautiful Life”, Belle Vie Emaar Compound is one of the fascinating residential destinations in New Zayed. The project was developed by the well-known Emaar Misr. 


This mixed-use project has huge commercial, business, educational, and medical hubs. Situated in New Zayed, a luxurious extension of El Sheikh Zayed City, Belle Vie spans 500 acres of land, over which all the aspects of a beautiful, tranquil life are found.",/en/plp/buy/villa-for-sale-giza-sheikh-zayed-city-new-zayed-city-belle-vie-8487166.html,True,8487166,"[""https://static.shared.propertyfinder.eg/media/images/listing/V1FDN27EARMBDCQ75YT3PMMWN0/283e6998-c73b-415c-bf49-fd30ffe11ff5/668x452.jpg""]",9,False,False,False,False,30.062620162963867,2025-12-29T13:55:32Z,V1FDN27EARMBDCQ75YT3PMMWN0,4,"Belle Vie, New Zayed City, Sheikh Zayed City, Giza",41200,"Giza, Sheikh Zayed City, New Zayed City",sheikh-zayed-city-new-zayed-city-belle-vie,SUBDISTRICT,30.891742706298828,18000000,64285.71428571428,Villa,property,2025-12-29T13:55:32Z,https://www.propertyfinder.eg/en/plp/buy/villa-for-sale-giza-sheikh-zayed-city-new-zayed-city-belle-vie-8487166.html,280,280,EG,propertyfinder,Under market price villa- Fully finished-Belle Vie
"[""BA"", ""AC"", ""CP"", ""PG"", ""PP"", ""SP"", ""ST"", ""VW"", ""SE"", ""SY"", ""WC"", ""BL"", ""LB"", ""CO"", ""BW"", ""BK"", ""MR"", ""SS""]",18,"[""Balcony"", ""Central A/C"", ""Covered Parking"", ""Private Garden"", ""Private Pool"", ""Shared Pool"", ""Study"", ""View of Water"", ""Security"", ""Shared Gym"", ""Walk-in Closet"", ""View of Landmark"", ""Lobby in Building"", ""Children's Pool"", ""Built in Wardrobes"", ""Kitchen Appliances"", ""Maids Room"", ""Shared Spa""]",2,3,buy,EGP,"HYDE PARK CENTRAL - HYDE PARK DEVELOPMENT 
----------------------------------------------------------------
Unit Details:
3 Bedrooms
2 Bathrooms
Terrace
Garden
-----------------------------------------------------------------
About Hyde Park Central
Hyde Park 6th Settlement or Hyde Park Central is one of the lavish developments by Hyde Park Developments in New Cairo. 
This opulent residential community is a fully-fledged one with all your needs under one roof, offering you the luxurious lifestyle you are looking for. Also, Hyde Park 6th Settlement enjoys a wide array of unique selling points, including its premium location, its top-tier facilities, and its high-end services.  
Major Facilities & Services in Hyde Park 6th Settlement 
Hyde Park 6th Settlement is brilliantly master planned to include all the needs and desires of its residents to offer them an all-inclusive lifestyle. The project rolls over an extensive area of 250 acres of land, over which many opulent amenities are created.  
The skillfully crafted master plan of Hyde Park Central 6th Settlement includes the following first-rate facilities:
Vast greenery and lush flora foliage taking over the compound, giving it a fresh breath of air as well as beautiful scenery to overlook.
Verdant landscaping and public open spaces giving the compound functional circulation within the compound and utmost privacy, as well as allowing for many outdoor activities and gathering spaces. 
Abundant water features scattered throughout the entire compound giving it a fresh feel in addition to magnificent scenery.  
Walking pathways that are pedestrian-friendly and traffic-free giving you a safe walk or stroll within green spaces. 
As for the top-tier services offered in Hyde Park 6th Settlement, they include the following:  
Round-the-clock security services with cameras 
Upscale maintenance and cleaning services",/en/plp/buy/villa-for-sale-cairo-the-6th-settlement-new-cairo-city-hyde-park-central-8478472.html,True,8478472,"[""https://static.shared.propertyfinder.eg/media/images/listing/8QFB38HB3GDXYAX9A7YJV3BHM0/a7511982-f3a7-438d-b2bd-88340125fd23/668x452.jpg""]",12,False,False,False,False,29.97331428527832,2025-12-27T12:32:12Z,8QFB38HB3GDXYAX9A7YJV3BHM0,4,"Hyde Park Central, The 6th Settlement, New Cairo City, Cairo",42293,"Cairo, New Cairo City, The 6th Settlement",the-6th-settlement-new-cairo-city-hyde-park-central,SUBDISTRICT,31.55760955810547,22000000,104761.90476190476,Villa,property,2025-12-27T12:32:12Z,https://www.propertyfinder.eg/en/plp/buy/villa-for-sale-cairo-the-6th-settlement-new-cairo-city-hyde-park-central-8478472.html,210,210,EG,propertyfinder,WITH 5% DP! OWN YOUR FULLY FINISHED VILLA FOR SALE
"[""BA"", ""CP"", ""SE"", ""SS"", ""SY""]",5,"[""Balcony"", ""Covered Parking"", ""Security"", ""Shared Spa"", ""Shared Gym""]",2,3,buy,EGP,"A villa with an American design and an unbelievable price!!!

For the first time, a townhouse with a very distinctive layout is for sale in Fifth Settlement, in the prestigious Azzar compound in New Cairo. For a limited time, with a 5% down payment and flexible, interest-free installments.

Unit Type: Villa with a distinctive American design
Area: 206 sq m / 3 bedrooms
Down Payment: 5%
Total Price Now: Only EGP 19,900,000

For details, please contact us or leave a WhatsApp message at:[REDACTED_PHONE]

Azzar Compound boasts a strategic location that guarantees a secure investment, situated near:

10 minutes from the American University in Cairo

20 minutes from Cairo International Airport

20 minutes from Nasr City and Heliopolis

The compound's unique amenities include:
Swimming pools
Landscaping
Parks
Shopping mall
Commercial areas
Gym
Kids' area
Water games
Ongoing maintenance services
Security cameras
Security and guard services",/en/plp/buy/villa-for-sale-cairo-new-cairo-city-the-5th-settlement-5th-settlement-compounds-azzar-8476934.html,True,8476934,"[""https://static.shared.propertyfinder.eg/media/images/listing/SBBM5KWQFB52PERDZTKHGYB9AC/fcc687bb-c2eb-46d5-b0f0-9ca83d3a1784/668x452.jpg""]",10,False,False,False,False,30.030364990234375,2025-12-26T12:59:55Z,SBBM5KWQFB52PERDZTKHGYB9AC,5,"Azzar, 5th Settlement Compounds, The 5th Settlement, New Cairo City, Cairo",40710,"Cairo, New Cairo City, The 5th Settlement, 5th Settlement Compounds",new-cairo-city-the-5th-settlement-5th-settlement-compounds-azzar,STREET,31.52837562561035,19900000,96601.94174757281,Villa,property,2025-12-26T12:59:55Z,https://www.propertyfinder.eg/en/plp/buy/villa-for-sale-cairo-new-cairo-city-the-5th-settlement-5th-settlement-compounds-azzar-8476934.html,206,206,EG,propertyfinder,"Lowest price, Villa for sale in Azzar New Cairo"
"[""BA"", ""CP"", ""SE"", ""SY"", ""LB""]",5,"[""Balcony"", ""Covered Parking"", ""Security"", ""Shared Gym"", ""Lobby in Building""]",2,3,buy,EGP,"Unit Code: 2040
Location: Hadayek Al Mohandeseen Compound
Area: 180 m²

Unit Type: Duplex – First & Second Floors

Bedrooms:

3 bedrooms

Bathrooms:

2 bathrooms

Finishing Type:

Super Ultra Lux

Details:

Reception area (2 sections)

Large kitchen

Price Includes the Following Appliances & Furnishings:

Fully equipped kitchen

2 air conditioners

Dishwasher

Washing machine

Natural gas oven

Refrigerator

3 water heaters

Dining table set

All chandeliers and curtains",/en/plp/buy/villa-for-sale-giza-sheikh-zayed-city-4th-district-hadayek-al-mohandessin-8475472.html,True,8475472,"[""https://static.shared.propertyfinder.eg/media/images/listing/5ZHXA21Y19K8ENKV3SJ5561CBG/01866ae3-458a-4ff9-aa6b-bfa370c7d073/668x452.jpg""]",9,False,False,False,False,30.02766227722168,2025-12-25T16:08:32Z,5ZHXA21Y19K8ENKV3SJ5561CBG,4,"Hadayek Al Mohandessin, 4th District, Sheikh Zayed City, Giza",28766,"Giza, Sheikh Zayed City, 4th District",sheikh-zayed-city-4th-district-hadayek-al-mohandessin,COMPOUND,30.9973087310791,10500000,58333.333333333336,Villa,property,2025-12-25T16:08:32Z,https://www.propertyfinder.eg/en/plp/buy/villa-for-sale-giza-sheikh-zayed-city-4th-district-hadayek-al-mohandessin-8475472.html,180,180,EG,propertyfinder,Hadayek Al Mohandeseen Compound
"[""BA"", ""AC"", ""CP"", ""PG"", ""VW"", ""SP"", ""SE"", ""SY""]",8,"[""Balcony"", ""Central A/C"", ""Covered Parking"", ""Private Garden"", ""View of Water"", ""Shared Pool"", ""Security"", ""Shared Gym""]",2,3,buy,EGP,"A villa with a garden, finished and equipped with air conditioning, at the lowest price per meter in the most prestigious compound in New Cairo, ""The Wonder Marq."" Featuring the finest English design, for those who appreciate sophistication and distinction, in the heart of Mostakbal City. For the first time, and at an incredible price, you'll only pay 1.5% with more flexible installments and no interest.

(45% discount available for cash payment)

With a direct view of green spaces
Unit Type: English-style villa, modern finishing with air conditioning

Area: 225 sq m + 44 sq m garden
Down Payment: Only 252,000 EGP
Total Price Now: Only 16,800,000 EGP

(45% discount for cash payment)

For details, please contact us or leave a WhatsApp message on:[REDACTED_PHONE]

The Wonder Marq compound boasts a prime location:

Near the American University in Cairo and Bloomfields Compound

Near the Suez Road
5  Minutes to the Sokhna Road
10 minutes to the Bin Zayed North Axis

The Wonder marq Compound boasts numerous services and features that set it apart from other compounds:
Extensive green spaces dedicated to nature lovers
Sports courts
Health and sports club
State-of-the-art gym
Swimming pools
Pharmacies and healthcare services
Commercial areas
Hypermarket
Restaurants and cafes
Social club
Private parking garage",/en/plp/buy/villa-for-sale-cairo-new-cairo-city-the-5th-settlement-mostakbal-city-compounds-the-wonder-marq-8466523.html,True,8466523,"[""https://static.shared.propertyfinder.eg/media/images/listing/PFQS04CMJNJ4Y346V90G167DSM/c6768d43-e50c-490a-8533-34666de876ea/668x452.jpg""]",11,False,False,False,False,30.048582077026367,2025-12-24T12:18:25Z,PFQS04CMJNJ4Y346V90G167DSM,4,"The Wonder Marq, Mostakbal City Compounds, Mostakbal City - Future City, Cairo",41330,"Cairo, Mostakbal City - Future City, Mostakbal City Compounds",new-cairo-city-the-5th-settlement-mostakbal-city-compounds-the-wonder-marq,SUBDISTRICT,31.640851974487305,16800000,74666.66666666667,Villa,property,2025-12-24T12:18:25Z,https://www.propertyfinder.eg/en/plp/buy/villa-for-sale-cairo-new-cairo-city-the-5th-settlement-mostakbal-city-compounds-the-wonder-marq-8466523.html,225,225,EG,propertyfinder,Fully Finished Villa For sale in The wonder marq
"[""BA"", ""CP"", ""SE"", ""SY""]",4,"[""Balcony"", ""Covered Parking"", ""Security"", ""Shared Gym""]",2,3,buy,EGP,"A fully serviced villa at an unbelievable price that won't be repeated!!!


Amazing price!  For the first time, a townhouse with a very distinctive layout is for sale in Fifth Settlement, in the prestigious Azzar compound in New Cairo. For a limited time, with a 5% down payment and flexible, interest-free installments.

Unit Type: Villa with a distinctive American design
Area: 172 sq m / 3 bedrooms
Down Payment: 5%
Total Price Now: Only EGP 18,400,000

For details, please contact us or leave a WhatsApp message at:[REDACTED_PHONE]

Azzar Compound boasts a strategic location that guarantees a secure investment, situated near:

10 minutes from the American University in Cairo

20 minutes from Cairo International Airport

20 minutes from Nasr City and Heliopolis

The compound's unique amenities include:
Swimming pools
Landscaping
Parks
Shopping mall
Commercial areas
Gym
Kids' area
Water games
Ongoing maintenance services
Security cameras
Security and guard services",/en/plp/buy/villa-for-sale-cairo-new-cairo-city-the-5th-settlement-5th-settlement-compounds-azzar-8460166.html,True,8460166,"[""https://static.shared.propertyfinder.eg/media/images/listing/X4AD3CPV22H5PKTYWFE7HBJ96G/2cd208da-a212-427e-9127-f91f4e388bf3/668x452.jpg""]",14,False,False,False,False,30.030364990234375,2025-12-23T11:04:54Z,X4AD3CPV22H5PKTYWFE7HBJ96G,5,"Azzar, 5th Settlement Compounds, The 5th Settlement, New Cairo City, Cairo",40710,"Cairo, New Cairo City, The 5th Settlement, 5th Settlement Compounds",new-cairo-city-the-5th-settlement-5th-settlement-compounds-azzar,STREET,31.52837562561035,18400000,106976.74418604652,Villa,property,2025-12-23T11:04:54Z,https://www.propertyfinder.eg/en/plp/buy/villa-for-sale-cairo-new-cairo-city-the-5th-settlement-5th-settlement-compounds-azzar-8460166.html,172,172,EG,propertyfinder,"Lowest price, Villa for sale in Azzar"
"[""BA"", ""CP"", ""PG"", ""SP"", ""SE"", ""BL"", ""LB""]",7,"[""Balcony"", ""Covered Parking"", ""Private Garden"", ""Shared Pool"", ""Security"", ""View of Landmark"", ""Lobby in Building""]",2,3,buy,EGP,"For sale in Talala Compound
In a prime location in New Heliopolis

Villa, 168 sq m
(3 bedrooms + 2 bathrooms + reception + terrace + kitchen)
+ Private garden 124 sq m
+ Private roof 33 sq m

Price before discount: 15,985,000
Price after discount: 7,353,000

Or with a down payment of 799,000 and installments over 10 years

For details:[REDACTED_PHONE] & WhatsApp",/en/plp/buy/villa-for-sale-cairo-new-heliopolis-new-heliopolis-compounds-talala-8456489.html,True,8456489,"[""https://static.shared.propertyfinder.eg/media/images/listing/SZYK7Y0XTBPV6DN4YTDW8972FC/e0ee7091-4feb-4208-b8b6-042991cb25e1/668x452.jpg""]",10,False,False,False,False,30.153987884521484,2025-12-22T14:12:05Z,SZYK7Y0XTBPV6DN4YTDW8972FC,4,"Talala, New Heliopolis Compounds, New Heliopolis, Cairo",42165,"Cairo, New Heliopolis, New Heliopolis Compounds",new-heliopolis-new-heliopolis-compounds-talala,SUBDISTRICT,31.6824893951416,7353000,43767.857142857145,Villa,property,2025-12-22T14:12:05Z,https://www.propertyfinder.eg/en/plp/buy/villa-for-sale-cairo-new-heliopolis-new-heliopolis-compounds-talala-8456489.html,168,168,EG,propertyfinder,"Villa for sale, super deluxe finishing, in New Hel"
"[""BA"", ""CP"", ""MR"", ""PG"", ""SE"", ""SS"", ""SY"", ""WC"", ""BL""]",9,"[""Balcony"", ""Covered Parking"", ""Maids Room"", ""Private Garden"", ""Security"", ""Shared Spa"", ""Shared Gym"", ""Walk-in Closet"", ""View of Landmark""]",2,3,buy,EGP,"1A
Standalone villa in Sarai, nearing completion.
Rai Phase (Villas Only).

Area: 175 sq m + Garden 194 sq m + Roof 53.5 sq m

Down Payment: 6,500,000
Remaining: 6,852,320
Quarterly installments of 297,927
Due from January 2026 to July 2031
Maintenance Fees: 843,120

Residential compound close to all services.

24-hour security.

Location:
In the heart of Mostakbal City
15 minutes from the Ring Road
15 minutes from the American University in Cairo
10 minutes from the New Administrative Capital
Minutes from the Amal Axis and the Suez Road

Sarai by Madinet Misr, one of the largest real estate development companies with extensive experience, high-quality execution, and meticulously planned design. It features schools, a clubhouse, an entertainment area, natural lakes, a promenade, children's play areas, and 24/7 security services. Madinet Misr is one of the largest real estate companies in Egypt, distinguished by its extensive experience in the real estate market. The company is committed to providing a new concept of residential living, offering all services and amenities to meet its clients' needs. Madinet Misr has always prioritized modern architectural designs that attract investors and has carefully selected prime locations.

For inquiries, please call[REDACTED_PHONE]",/en/plp/buy/villa-for-sale-cairo-mostakbal-city---future-city-mostakbal-city-compounds-sarai-elan-sarai-8449682.html,True,8449682,"[""https://static.shared.propertyfinder.eg/media/images/listing/8N56GWC572VK0GJK8N6T2Q61HC/86ce7924-0750-4844-9901-c6579e894357/668x452.jpg""]",11,False,False,False,False,30.088159561157227,2025-12-21T13:48:47Z,8N56GWC572VK0GJK8N6T2Q61HC,5,"Elan Sarai, Sarai, Mostakbal City Compounds, Mostakbal City - Future City, Cairo",42354,"Cairo, Mostakbal City - Future City, Mostakbal City Compounds, Sarai",mostakbal-city---future-city-mostakbal-city-compounds-sarai-elan-sarai,TOWER,31.704391479492188,14190440,81088.22857142857,Villa,property,2025-12-21T13:48:47Z,https://www.propertyfinder.eg/en/plp/buy/villa-for-sale-cairo-mostakbal-city---future-city-mostakbal-city-compounds-sarai-elan-sarai-8449682.html,175,175,EG,propertyfinder,Standalone villa Sarai Rai phase soon delivery
"[""BA"", ""MR""]",2,"[""Balcony"", ""Maids Room""]",2,3,buy,EGP,"Standalone Villa for Sale in City Gate – Sapphire Phase

Property Details:

Built-Up Area: 325 sqm

Land Area: 465 sqm

Floors: Ground + First

Bedrooms: 3 Bedrooms + Living Room

Bathrooms: 2

Maid’s Room with Toilet

Laundry Room

The villa features a well-designed layout with spacious reception areas, ample natural light, and the flexibility to customize interiors according to your taste. Located within the upscale Sapphire phase, the unit enjoys privacy, tranquility, and easy access to all compound amenities.

Asking Price: EGP 34,000,000

Discover refined living in one of New Cairo’s most prestigious developments. This elegant standalone villa in City Gate – Sapphire offers generous spaces, a functional layout, and an excellent plot size, making it ideal for comfortable family living.",/en/plp/buy/villa-for-sale-cairo-new-cairo-city-the-5th-settlement-5th-settlement-compounds-city-gate-8448666.html,True,8448666,"[""https://static.shared.propertyfinder.eg/media/images/listing/RS9DYMCWSSRC0H0H3PV47JB0V8/c21c92a7-5b85-49f0-a37f-ce6cd02a24e2/668x452.jpg""]",10,False,False,False,False,30.020864486694336,2025-12-21T12:31:47Z,RS9DYMCWSSRC0H0H3PV47JB0V8,5,"City Gate, 5th Settlement Compounds, The 5th Settlement, New Cairo City, Cairo",2741,"Cairo, New Cairo City, The 5th Settlement, 5th Settlement Compounds",new-cairo-city-the-5th-settlement-5th-settlement-compounds-city-gate,COMPOUND,31.57264518737793,33000000,101538.46153846153,Villa,property,2025-12-21T12:31:47Z,https://www.propertyfinder.eg/en/plp/buy/villa-for-sale-cairo-new-cairo-city-the-5th-settlement-5th-settlement-compounds-city-gate-8448666.html,325,325,EG,propertyfinder,Standalone Villa for Sale in City Gate
"[""BA"", ""CP"", ""PG"", ""SE"", ""SY"", ""SP"", ""VW""]",7,"[""Balcony"", ""Covered Parking"", ""Private Garden"", ""Security"", ""Shared Gym"", ""Shared Pool"", ""View of Water""]",2,3,buy,EGP,"Own a distinctive villa with a private garden in the prestigious Mountain View Hyde Park compound in the heart of New Cairo's Fifth Settlement, located on 90th Street. Featuring a European design with an American flair, this villa boasts stunning views and an unprecedented price: just 15% down payment and interest-free installments.

Direct view of the landscape.

Unit Type: Modern Villa

Area: 278 sq m + 48 sq m Garden
15% Down Payment
Installments over 7 years
Total Price: Only EGP 29,974,000

For details, please call us or send a WhatsApp message to:[REDACTED_PHONE]

Mountain View Hyde Park compound is distinguished by its prime location on:
90th Street
5 minutes from the American University in Cairo
15 minutes from the Al-Moshir Tantawy Axis
2 minutes from the Ring Road
Adjacent to Mountain View iCity New Cairo  Fifth, Hyde Park

Mountain View Hyde Park compound boasts numerous services and features that distinguish it from any other compound:

Shopping mall
Restaurants and cafes
Cultural club
International schools
Swimming pools
Gym
Crystal lagoons
Kids' area
Barbecue areas
24-hour security
Continuous maintenance and cleaning services",/en/plp/buy/villa-for-sale-cairo-new-cairo-city-the-5th-settlement-5th-settlement-compounds-mountain-view-hyde-park-8446934.html,True,8446934,"[""https://static.shared.propertyfinder.eg/media/images/listing/47J5JM3HFCD1XP964FMKECWYFW/690aea4d-2604-49e5-b38d-4c10d9f95ec7/668x452.jpg""]",11,False,False,False,False,29.98755645751953,2025-12-21T10:02:31Z,47J5JM3HFCD1XP964FMKECWYFW,5,"Mountain View Hyde Park, 5th Settlement Compounds, The 5th Settlement, New Cairo City, Cairo",2763,"Cairo, New Cairo City, The 5th Settlement, 5th Settlement Compounds",new-cairo-city-the-5th-settlement-5th-settlement-compounds-mountain-view-hyde-park,COMPOUND,31.55556869506836,29974963,107823.60791366907,Villa,property,2025-12-21T10:02:31Z,https://www.propertyfinder.eg/en/plp/buy/villa-for-sale-cairo-new-cairo-city-the-5th-settlement-5th-settlement-compounds-mountain-view-hyde-park-8446934.html,278,278,EG,propertyfinder,Ready to Move villa mountain view hyde park
"[""BA"", ""LB"", ""PG"", ""PP""]",4,"[""Balcony"", ""Lobby in Building"", ""Private Garden"", ""Private Pool""]",2,3,buy,EGP,"Villa for sale, 750 sq m, King Mariout (off Rashid Street). Price: EGP 13,500,000 cash. Agent: Ahmed Gamal:[REDACTED_PHONE]
• 3 bedrooms - 4-piece reception - 2 bathrooms
• Garden and swimming pool
• Licensed (contract from the Armed Forces Projects Department)
• Ground floor, first floor, and roof terrace
• Garage for 3 cars
• Code: 02021
_______
» Smouha branch: 23 Victor Emmanuel Square, in front of Mirage Hotel, Smouha Club, Alexandria.
» North Coast branch: Stella Walk, Sidi Abdel Rahman.",/en/plp/buy/villa-for-sale-alexandria-hay-al-amereyah-king-mariout-mohammed-rashid-road-8440668.html,True,8440668,"[""https://static.shared.propertyfinder.eg/media/images/listing/C4S21MRG7H01W7W3K9NRHAWJ7G/17d77771-6b12-4ee2-bd2f-90aa6e03453e/668x452.jpg""]",29,False,False,False,False,31.007553100585938,2025-12-18T15:52:21Z,C4S21MRG7H01W7W3K9NRHAWJ7G,4,"Mohammed Rashid Road, King Mariout, Hay Al Amereyah, Alexandria",37566,"Alexandria, Hay Al Amereyah, King Mariout",hay-al-amereyah-king-mariout-mohammed-rashid-road,STREET,29.747365951538086,13500000,82317.0731707317,Villa,property,2025-12-18T15:52:21Z,https://www.propertyfinder.eg/en/plp/buy/villa-for-sale-alexandria-hay-al-amereyah-king-mariout-mohammed-rashid-road-8440668.html,164,164,EG,propertyfinder,"Villa for sale, 750 sq m, King Mariout (off Rashid"
"[""MR"", ""ST"", ""AC"", ""BA"", ""PG"", ""SE"", ""CP"", ""WC"", ""BK"", ""BL"", ""LB""]",11,"[""Maids Room"", ""Study"", ""Central A/C"", ""Balcony"", ""Private Garden"", ""Security"", ""Covered Parking"", ""Walk-in Closet"", ""Kitchen Appliances"", ""View of Landmark"", ""Lobby in Building""]",2,3,buy,EGP,"Gouna
Tawila

Townhouse corner
Lagoon view

BUA: 143m
Land: 269m

3 Bedrooms
2 Bathrooms 

Rented (rental can be cancelled with a 2 month notice period)


Total price: 29,000,000 EGP

Without furniture


About New Avenue:
                     
New Avenue is a real estate consultancy based in Egypt, aiming at providing comprehensive services for your real estate needs. If you are willing to make an investment or are interested in buying a residential or a commercial property, we are there for you to ensure transforming your plans into reality.
                           
Given our individual experiences in the top real estate companies in Egypt &amp; abroad, we have reached the conclusion that trust is primary factor we should be offering you when it comes to buying, renting or submitting your property for sale or rent.

New Avenue is aiming to provide our customer with almost all the needs that you would need Residential or Commercial. New Avenue offers offices and Retails that are available in almost every district in Egypt like New Cairo, Heliopolis, Nasr City, 6th of October.",/en/plp/buy/villa-for-sale-red-sea-hurghada-el-gouna-tawila-el-gouna-8161641.html,True,8161641,"[""https://static.shared.propertyfinder.eg/media/images/listing/01JY4QZDY61Q8Z599848Y61F06/cbc0c5e8-f104-4e40-915d-5e6c40dbf614/668x452.jpg""]",14,False,False,False,False,27.402687072753906,2025-12-17T05:16:19Z,01JY4QZDY61Q8Z599848Y61F06,4,"Tawila El Gouna, El Gouna, Hurghada, Red Sea",41622,"Red Sea, Hurghada, El Gouna",hurghada-el-gouna-tawila-el-gouna,SUBDISTRICT,33.6516227722168,29000000,202797.2027972028,Villa,property,2025-12-17T05:16:19Z,https://www.propertyfinder.eg/en/plp/buy/villa-for-sale-red-sea-hurghada-el-gouna-tawila-el-gouna-8161641.html,143,143,EG,propertyfinder,Townhouse corner Lagoon view in Tawila Gouna
"[""BA"", ""BW"", ""AC"", ""CP"", ""BK"", ""PG"", ""MR"", ""PP"", ""SP"", ""ST"", ""VW"", ""SE"", ""SS"", ""SY"", ""LB"", ""CO"", ""BL"", ""WC""]",18,"[""Balcony"", ""Built in Wardrobes"", ""Central A/C"", ""Covered Parking"", ""Kitchen Appliances"", ""Private Garden"", ""Maids Room"", ""Private Pool"", ""Shared Pool"", ""Study"", ""View of Water"", ""Security"", ""Shared Spa"", ""Shared Gym"", ""Lobby in Building"", ""Children's Pool"", ""View of Landmark"", ""Walk-in Closet""]",2,3,buy,EGP,"Unit Type: Standalone Villa
The best location in Fifth Settlement
 
Starting Price: EGP 33,000,000
Layout: SA 3 (288 m²) – 4 Bedrooms
Configuration: Ground + First Floor + Roof

⸻

Payment Plan

Only 5% Down Payment
Installments over 10 years


________________________________________________________
Feeds Investment
Your Trusted Real Estate Consultant
Feeds Investment is a leading real estate consultancy that has been serving clients for over a decade. We specialize in both residential and commercial properties, providing a wide range of services to meet the needs of our clients. Our team of experts has a deep understanding of the market and is committed to delivering exceptional results.
#Al Sokhna -#New Zayed #New Capital - #New Al Amin -#Al Sheikh Zayed #October #North Coast #New Cairo",/en/plp/buy/villa-for-sale-cairo-new-heliopolis-new-heliopolis-compounds-talala-8428744.html,True,8428744,"[""https://static.shared.propertyfinder.eg/media/images/listing/39T6KW8FEPMADMKBQQZCKNR19C/0afa4260-2ea1-49d5-9477-1164bb72ccbe/668x452.jpg""]",18,False,False,False,False,30.153987884521484,2025-12-16T18:17:11Z,39T6KW8FEPMADMKBQQZCKNR19C,4,"Talala, New Heliopolis Compounds, New Heliopolis, Cairo",42165,"Cairo, New Heliopolis, New Heliopolis Compounds",new-heliopolis-new-heliopolis-compounds-talala,SUBDISTRICT,31.6824893951416,33000000,114583.33333333333,Villa,property,2025-12-16T18:17:11Z,https://www.propertyfinder.eg/en/plp/buy/villa-for-sale-cairo-new-heliopolis-new-heliopolis-compounds-talala-8428744.html,288,288,EG,propertyfinder,Standalone Villa- TALALA – New Heliopolis  Villa
"[""BA"", ""CP"", ""SP"", ""VW"", ""SE"", ""SY""]",6,"[""Balcony"", ""Covered Parking"", ""Shared Pool"", ""View of Water"", ""Security"", ""Shared Gym""]",2,3,buy,EGP,"A once-in-a-lifetime opportunity for a limited time!!

Own a fully finished villa with a unique layout at the lowest price per square meter, in the prime location of Mountain View 4 compound in October City. For the first time, only a 5% down payment and flexible payment plans over 10 years with 0% interest!!

 Unit Type: Villa with a luxurious modern design
Area: 249 sq m
Down Payment: 5%
Total Price Now: EGP 22,881,000 only

For details, please contact us or leave a WhatsApp message on:[REDACTED_PHONE]

Mountain View 4 Compound boasts a strategic location near:

Shooting Square
Direct view of the Pyramids
Mall of Arabia
Minutes from the Grand Egyptian Museum
Neighborhood of Neom Pyramids Compound and Kayan Compound

The compound's unique amenities include:
Beautiful green spaces
Swimming pools
Restaurants and cafes
Commercial areas
Parking garages
Gyms
Sports and social clubs
Barbecue areas
Security cameras
24/7 security and guard services
Ongoing maintenance services",/en/plp/buy/villa-for-sale-giza-6-october-city-6-october-compounds-mountain-view-4-8424168.html,True,8424168,"[""https://static.shared.propertyfinder.eg/media/images/listing/ACPC4ZEB7ZRX1HKAFF4FGJA2M0/8db1bcdf-a095-401f-af7a-f2268c43826e/668x452.jpg""]",11,False,False,False,False,29.985715866088867,2025-12-16T12:01:50Z,ACPC4ZEB7ZRX1HKAFF4FGJA2M0,4,"Mountain View 4, 6 October Compounds, 6 October City, Giza",41631,"Giza, 6 October City, 6 October Compounds",6-october-city-6-october-compounds-mountain-view-4,SUBDISTRICT,31.07987403869629,22881784,91894.71485943775,Villa,property,2025-12-16T12:01:50Z,https://www.propertyfinder.eg/en/plp/buy/villa-for-sale-giza-6-october-city-6-october-compounds-mountain-view-4-8424168.html,249,249,EG,propertyfinder,Finished Villa 249m² mountain view 4
"[""BA"", ""CP"", ""PG"", ""SP"", ""ST"", ""VW"", ""SE"", ""SS"", ""SY"", ""WC"", ""LB"", ""BL"", ""CO""]",13,"[""Balcony"", ""Covered Parking"", ""Private Garden"", ""Shared Pool"", ""Study"", ""View of Water"", ""Security"", ""Shared Spa"", ""Shared Gym"", ""Walk-in Closet"", ""Lobby in Building"", ""View of Landmark"", ""Children's Pool""]",2,3,buy,EGP,"First row on the lagoon
Own a fully finished, ultra-super-lux townhouse
With air conditioning

Silver Sands Village
North Coast
Installments over 10 years

Unit / Townhouse
Area / 149 meters
Price / 24,031,000

For details:[REDACTED_PHONE]

Many services and features are available, including:

Several swimming pools, in addition to ladies' pools.

A gym suitable for families to enjoy quality time together.

A clubhouse designed to the highest standards for receiving guests.

A health club with a spa and jacuzzi for ladies.

High-speed internet is available throughout the resort.

Top-class restaurants and cafes.

A parking garage is available to prevent congestion in front of the units.

A large mosque has been built within the resort for prayer and religious observances.

The resort also prioritizes healthcare by providing a large medical center and pharmacies.

A childcare area is available.

An aqua park is available for enjoying the sea.

A state-of-the-art security system and a fire suppression system are in place throughout the resort.

A large supermarket is also located within the resort.

Power generators are available in case of power outages.",/en/plp/buy/villa-for-sale-north-coast-qesm-marsa-matrouh-silver-sands-8421367.html,True,8421367,"[""https://static.shared.propertyfinder.eg/media/images/listing/209B5DTW1KH6EDCF53VG3Q8FCR/cf1528d0-035d-43aa-9d2d-6370a517a8a5/668x452.jpg""]",7,False,False,False,False,31.265277862548828,2025-12-15T17:19:57Z,209B5DTW1KH6EDCF53VG3Q8FCR,3,"Silver Sands, Qesm Marsa Matrouh, North Coast",41237,"North Coast, Qesm Marsa Matrouh",qesm-marsa-matrouh-silver-sands,DISTRICT,27.379444122314453,24031000,161281.87919463086,Villa,property,2025-12-15T17:19:57Z,https://www.propertyfinder.eg/en/plp/buy/villa-for-sale-north-coast-qesm-marsa-matrouh-silver-sands-8421367.html,149,149,EG,propertyfinder,Silversands  Townhouse for sale with 10 y installm
"[""BA"", ""CP"", ""PG"", ""SP"", ""SE"", ""BL"", ""LB""]",7,"[""Balcony"", ""Covered Parking"", ""Private Garden"", ""Shared Pool"", ""Security"", ""View of Landmark"", ""Lobby in Building""]",2,3,buy,EGP,"For sale in Talala Compound - Madinet Misr for Housing and Development
In a prime location in New Heliopolis

Villa area: 166 sq m
(3 bedrooms + 2 bathrooms + reception + terrace + kitchen)
+ Private garden 61 sq m
+ Private roof 33 sq m
Super Lux finishing

Price before discount: 13,585,000
Price after discount: 6,249,000

Or with a down payment of 679,000 and installments over 10 years

For details:[REDACTED_PHONE] & WhatsApp",/en/plp/buy/villa-for-sale-cairo-new-heliopolis-new-heliopolis-compounds-talala-8406375.html,True,8406375,"[""https://static.shared.propertyfinder.eg/media/images/listing/GYSPRDP1M0C023A52NV8H4ZZWR/329ffa16-1940-49af-9f0c-e486a358e370/668x452.jpg""]",10,False,False,False,False,30.153987884521484,2025-12-13T13:30:58Z,GYSPRDP1M0C023A52NV8H4ZZWR,4,"Talala, New Heliopolis Compounds, New Heliopolis, Cairo",42165,"Cairo, New Heliopolis, New Heliopolis Compounds",new-heliopolis-new-heliopolis-compounds-talala,SUBDISTRICT,31.6824893951416,6249000,37644.57831325301,Villa,property,2025-12-13T13:30:58Z,https://www.propertyfinder.eg/en/plp/buy/villa-for-sale-cairo-new-heliopolis-new-heliopolis-compounds-talala-8406375.html,166,166,EG,propertyfinder,Super deluxe villa in New Heliopolis with a 50% di
"[""BA"", ""SP"", ""PG"", ""CP"", ""SE"", ""LB"", ""BL""]",7,"[""Balcony"", ""Shared Pool"", ""Private Garden"", ""Covered Parking"", ""Security"", ""Lobby in Building"", ""View of Landmark""]",2,3,buy,EGP,"S Villa 212m² for sale

(4 bedrooms + 2 bathrooms + reception + terrace + kitchen)

+ Private garden 64m²

In Sarai Elm Tree Compound

In Mostakbal City, directly next to Madinaty

Price before discount: 16,083,000
Price after discount: 8,041,000

Or with a down payment of 804,000 and installments over 12 years

For details:[REDACTED_PHONE] & WhatsApp",/en/plp/buy/villa-for-sale-cairo-mostakbal-city---future-city-mostakbal-city-compounds-sarai-elm-tree-park-8401236.html,True,8401236,"[""https://static.shared.propertyfinder.eg/media/images/listing/7PJDSV9025720K67DSK956HBYM/fa1519e8-e0eb-4f1c-bd9e-73962086dfc3/668x452.jpg""]",10,False,False,False,False,30.104904174804688,2025-12-11T14:38:34Z,7PJDSV9025720K67DSK956HBYM,5,"Elm Tree Park, Sarai, Mostakbal City Compounds, Mostakbal City - Future City, Cairo",42378,"Cairo, Mostakbal City - Future City, Mostakbal City Compounds, Sarai",mostakbal-city---future-city-mostakbal-city-compounds-sarai-elm-tree-park,STREET,31.692211151123047,8041000,37929.24528301887,Villa,property,2025-12-11T14:38:34Z,https://www.propertyfinder.eg/en/plp/buy/villa-for-sale-cairo-mostakbal-city---future-city-mostakbal-city-compounds-sarai-elm-tree-park-8401236.html,212,212,EG,propertyfinder,S Villa for sale in Mostakbal City with a 50% disc
"[""BA"", ""PP"", ""BW"", ""AC"", ""CP"", ""MR"", ""PG"", ""BK"", ""SP"", ""VW"", ""SE"", ""ST"", ""SS"", ""WC"", ""BL"", ""LB"", ""SY"", ""CO""]",18,"[""Balcony"", ""Private Pool"", ""Built in Wardrobes"", ""Central A/C"", ""Covered Parking"", ""Maids Room"", ""Private Garden"", ""Kitchen Appliances"", ""Shared Pool"", ""View of Water"", ""Security"", ""Study"", ""Shared Spa"", ""Walk-in Closet"", ""View of Landmark"", ""Lobby in Building"", ""Shared Gym"", ""Children's Pool""]",2,3,buy,EGP,"- Villa Area: 180 sq m



- Land Area: 255 sq m



Consists of: 4 Bathrooms - 3 Bathrooms



- Compound Location:



The compound is located in the heart of New 6th of October City on Zewail Road.



10 minutes from Carrefour.



Only 7 minutes from Mall of Arabia, 26th of July Corridor, and Zewail University.


Down Payment Required: (8,000,000) and the remainder in installments

- Compound Features:



Malls



Clubs



Schools and Universities



Swimming Pools



Walking and Jogging Track



- For inquiries and contact:[REDACTED_PHONE]



---------------------------------------------



Townhouses for sale in Sheikh Zayed and 6th of October - Twin houses for sale in Sheikh Zayed and 6th of October - Villas for sale in Sheikh Zayed and 6th of October - Apartments for sale in Sheikh Zayed and 6th of October - Townhouses for sale - Twin houses for sale - Apartments for sale - Villas for sale",/en/plp/buy/villa-for-sale-giza-6-october-city-6-october-compounds-badya-palm-hills-8396534.html,True,8396534,"[""https://static.shared.propertyfinder.eg/media/images/listing/01KC4GV372WXWPP54YHVMQ2VE0/fbe2e11a-eb09-478c-99dd-bffaf7c28b47/668x452.jpg""]",11,False,False,False,False,29.909303665161133,2025-12-10T16:29:33Z,01KC4GV372WXWPP54YHVMQ2VE0,4,"Badya Palm Hills, 6 October Compounds, 6 October City, Giza",40761,"Giza, 6 October City, 6 October Compounds",6-october-city-6-october-compounds-badya-palm-hills,SUBDISTRICT,30.67119598388672,8000000,44444.444444444445,Villa,property,2025-12-10T16:29:33Z,https://www.propertyfinder.eg/en/plp/buy/villa-for-sale-giza-6-october-city-6-october-compounds-badya-palm-hills-8396534.html,180,180,EG,propertyfinder,Villa for sale in Palm Hills Compound
"[""BA"", ""CP"", ""PG"", ""SP"", ""SE"", ""BL"", ""LB""]",7,"[""Balcony"", ""Covered Parking"", ""Private Garden"", ""Shared Pool"", ""Security"", ""View of Landmark"", ""Lobby in Building""]",2,3,buy,EGP,"For sale in Sarai El Mostakbal City Compound
Directly next to Madinaty
Immediate delivery

Villa area 175 sq m
(3 bedrooms + bathroom + reception + terrace + kitchen)
+ Private garden 56 sq m
+ Private roof 42 sq m

Price before discount: 17,049,000
Price after discount: 10,740,000

Or with a down payment of 1,704,000 and installments over 7 years
For details:[REDACTED_PHONE] & WhatsApp",/en/plp/buy/villa-for-sale-cairo-mostakbal-city---future-city-mostakbal-city-compounds-sarai-s1-8361211.html,True,8361211,"[""https://static.shared.propertyfinder.eg/media/images/listing/01KBJAA3CV1SZHYJKXASED6AKC/66cda59f-7e2e-42c3-a9f0-30cc2780dd04/668x452.jpg""]",10,False,False,False,False,30.090049743652344,2025-12-10T14:55:46Z,01KBJAA3CV1SZHYJKXASED6AKC,5,"S1, Sarai, Mostakbal City Compounds, Mostakbal City - Future City, Cairo",42311,"Cairo, Mostakbal City - Future City, Mostakbal City Compounds, Sarai",mostakbal-city---future-city-mostakbal-city-compounds-sarai-s1,STREET,31.70280647277832,10740000,61371.42857142857,Villa,property,2025-12-10T14:55:46Z,https://www.propertyfinder.eg/en/plp/buy/villa-for-sale-cairo-mostakbal-city---future-city-mostakbal-city-compounds-sarai-s1-8361211.html,175,175,EG,propertyfinder,Townhouse villa for immediate occupancy for sale
"[""BA"", ""CP"", ""SE"", ""SY""]",4,"[""Balcony"", ""Covered Parking"", ""Security"", ""Shared Gym""]",2,3,buy,EGP,"A once-in-a-lifetime opportunity at an unbelievable price that won't be repeated!!!

For the first time, a villa with immediate occupancy and a very distinctive layout in Fifth Settlement, in the prestigious Azzar compound in New Cairo, including maintenance and club membership, for a very limited time!!!

Unit Type: Villa with a distinctive American design
Area: 225 sq m / 3 bedrooms
Total Price Now: Only EGP 17 million

For details, please contact us or leave a WhatsApp message at:[REDACTED_PHONE]

Azar Compound boasts a strategic location that guarantees a secure investment, as it is located near:

10 minutes from the American University in Cairo

20 minutes from Cairo International Airport

20 minutes from Nasr City and Heliopolis

The compound's exclusive services include:

Swimming pools
Landscaping
Parks
Shopping mall
Commercial areas
Gym
Kids' area
Water games
Ongoing maintenance services
Security cameras
24-hour security and guard services",/en/plp/buy/villa-for-sale-cairo-new-cairo-city-the-5th-settlement-5th-settlement-compounds-azzar-2-8393325.html,True,8393325,"[""https://static.shared.propertyfinder.eg/media/images/listing/01KC3XVQ00H7Y1M8M80J0AKBHZ/f74b5160-2997-4f9b-97f6-619ef862bc1c/668x452.jpg""]",11,False,False,False,False,30.037769317626953,2025-12-10T11:03:10Z,01KC3XVQ00H7Y1M8M80J0AKBHZ,5,"Azzar 2, 5th Settlement Compounds, The 5th Settlement, New Cairo City, Cairo",41137,"Cairo, New Cairo City, The 5th Settlement, 5th Settlement Compounds",new-cairo-city-the-5th-settlement-5th-settlement-compounds-azzar-2,STREET,31.534711837768555,17000000,75555.55555555556,Villa,property,2025-12-10T11:03:10Z,https://www.propertyfinder.eg/en/plp/buy/villa-for-sale-cairo-new-cairo-city-the-5th-settlement-5th-settlement-compounds-azzar-2-8393325.html,225,225,EG,propertyfinder,Ready to Move corner villa 225m² Azzar
"[""BA"", ""AC"", ""CP"", ""PG"", ""SE"", ""SY""]",6,"[""Balcony"", ""Central A/C"", ""Covered Parking"", ""Private Garden"", ""Security"", ""Shared Gym""]",2,3,buy,EGP,"A villa with a garden, finished and equipped with air conditioning, at the lowest price per square meter in the most prestigious compound in New Cairo, ""The Wonder Mark."" Featuring the finest English design, for those who appreciate sophistication and distinction, in the heart of Mostakbal City. For the first time, and at an incredible price, you'll only pay 1.5% down with more flexible installments and no interest.

(45% discount available for cash payment)

With a direct view of green spaces
Unit Type: English-style villa, modern finishing with air conditioning

Area: 210 sq m + 85 sq m garden
Down Payment: Only 243,000 EGP
Total Price Now: Only 16,200,000 EGP

(45% discount for cash payment)

For details, please contact us or leave a WhatsApp message on:[REDACTED_PHONE]

The Wonder Mark compound boasts a prime location:

Near the American University in Cairo and Bloomfields Compound

Near the Suez Road  5 minutes to the Sokhna Road
10 minutes to the Bin Zayed North Axis

The Wondermark Compound boasts numerous services and features that set it apart from other compounds:
Extensive green spaces dedicated to nature lovers
Sports courts
Health and sports club
State-of-the-art gym
Swimming pools
Pharmacies and healthcare services
Commercial areas
Hypermarket
Restaurants and cafes
Social club
Private parking garage",/en/plp/buy/villa-for-sale-cairo-new-cairo-city-the-5th-settlement-mostakbal-city-compounds-the-wonder-marq-8386281.html,True,8386281,"[""https://static.shared.propertyfinder.eg/media/images/listing/01KC1887QE9932S95F0BD19G0G/1433fb31-177b-49eb-9e43-c53b78932ef1/668x452.jpg""]",11,False,False,False,False,30.048582077026367,2025-12-09T09:52:39Z,01KC1887QE9932S95F0BD19G0G,4,"The Wonder Marq, Mostakbal City Compounds, Mostakbal City - Future City, Cairo",41330,"Cairo, Mostakbal City - Future City, Mostakbal City Compounds",new-cairo-city-the-5th-settlement-mostakbal-city-compounds-the-wonder-marq,SUBDISTRICT,31.640851974487305,16200000,77142.85714285714,Villa,property,2025-12-09T09:52:39Z,https://www.propertyfinder.eg/en/plp/buy/villa-for-sale-cairo-new-cairo-city-the-5th-settlement-mostakbal-city-compounds-the-wonder-marq-8386281.html,210,210,EG,propertyfinder,"Villa + garden, finished with air conditioning"
"[""BA"", ""CP"", ""PG"", ""SS"", ""SE""]",5,"[""Balcony"", ""Covered Parking"", ""Private Garden"", ""Shared Spa"", ""Security""]",2,3,buy,EGP,"For the first time at unbeatable prices!!

I-villa with private garden for sale in Mountain View 1.1, featuring a distinctive American design, in the heart of Fifth Settlement, the most prestigious compound in New Cairo.

Panoramic view of the landscape.
Unit type: E-villa with private garden
Area: 240 sq m / 3 bedrooms
15% down payment
Installments over 7 years
Total price now: Only EGP 21,120,000

For details, please call us or leave a WhatsApp message on:[REDACTED_PHONE]

Mountain View 1.1 compound boasts a prime location:

Near the American University in Cairo
15 minutes from the British University in Egypt and Future University
Near Heliopolis and Nasr City  10 minutes to the New Administrative Capital
7 minutes to Madinaty and Hyde Park
Near Azar Compound

Mountain View 1.1 Compound features premium amenities:
Business conference rooms
Entertainment facilities
Cinema
Gyms
Medical centers
Gym, jacuzzi, spa
Commercial areas
Hypermarket
Security cameras",/en/plp/buy/villa-for-sale-cairo-new-cairo-city-the-5th-settlement-5th-settlement-compounds-mountain-view-1-1-8383281.html,True,8383281,"[""https://static.shared.propertyfinder.eg/media/images/listing/01KBZ5TM4QEG75QBRWJK1BHPJ5/bc7cf55d-e623-4758-91dc-81e8b00607d5/668x452.jpg""]",10,False,False,False,False,30.048173904418945,2025-12-08T14:33:20Z,01KBZ5TM4QEG75QBRWJK1BHPJ5,5,"Mountain View 1.1, 5th Settlement Compounds, The 5th Settlement, New Cairo City, Cairo",41706,"Cairo, New Cairo City, The 5th Settlement, 5th Settlement Compounds",new-cairo-city-the-5th-settlement-5th-settlement-compounds-mountain-view-1-1,STREET,31.50146484375,21120240,88001.0,Villa,property,2025-12-08T14:33:20Z,https://www.propertyfinder.eg/en/plp/buy/villa-for-sale-cairo-new-cairo-city-the-5th-settlement-5th-settlement-compounds-mountain-view-1-1-8383281.html,240,240,EG,propertyfinder,"Lowest price villa 240m with garden, Mountain View"
"[""BA"", ""AC"", ""BW"", ""CP"", ""BK"", ""MR"", ""ST"", ""SP"", ""PP"", ""PG"", ""SE"", ""SS"", ""VW"", ""BL"", ""WC"", ""SY"", ""LB"", ""CO""]",18,"[""Balcony"", ""Central A/C"", ""Built in Wardrobes"", ""Covered Parking"", ""Kitchen Appliances"", ""Maids Room"", ""Study"", ""Shared Pool"", ""Private Pool"", ""Private Garden"", ""Security"", ""Shared Spa"", ""View of Water"", ""View of Landmark"", ""Walk-in Closet"", ""Shared Gym"", ""Lobby in Building"", ""Children's Pool""]",2,3,buy,EGP,"Villa for sale in one of Palm Hills’ most exclusive compounds in October.

BX Compound – Palm Hills

Prime location in the Eastern Extensions area, close to New Giza and The Crown.

Villa area: 213 sqm
With one of the best layouts in the compound.

Cash required: 2,800,000 EGP, and the rest in installments over 8 years.

For more details, contact:[REDACTED_PHONE] (mobile & WhatsApp).",/en/plp/buy/villa-for-sale-giza-6-october-city-cairo-alexandria-desert-road-new-giza-8380332.html,True,8380332,"[""https://static.shared.propertyfinder.eg/media/images/listing/01KBYRTZM7NK49ZPFZ4481DS0J/47a71604-f11d-4151-b801-99169f35d1f0/668x452.jpg""]",12,False,False,False,False,30.00690460205078,2025-12-08T10:45:09Z,01KBYRTZM7NK49ZPFZ4481DS0J,4,"New Giza, Cairo Alexandria Desert Road, 6 October City, Giza",21062,"Giza, 6 October City, Cairo Alexandria Desert Road",6-october-city-cairo-alexandria-desert-road-new-giza,COMPOUND,31.05933380126953,2800000,13145.539906103286,Villa,property,2025-12-08T10:45:09Z,https://www.propertyfinder.eg/en/plp/buy/villa-for-sale-giza-6-october-city-cairo-alexandria-desert-road-new-giza-8380332.html,213,213,EG,propertyfinder,"Villa for sale inside BX Compound, October."
"[""BA"", ""SE""]",2,"[""Balcony"", ""Security""]",2,3,buy,EGP,"Own your villa on the lake in Alex West now at the lowest price - Your Real Estate Consultant / Mariam Suleiman[REDACTED_PHONE]

▪ Land Area: 180 sq m
▪ Built-up Area: 188 sq m
▪ 3 Bedrooms, 3 Reception Rooms, 2 Bathrooms
▪ Fully Finished
▪ Immediate Delivery
▪ Open View of the Lake and Landscape
▪ Total Price: EGP 13,000,000 Cash
▪ Project Amenities: West Club - Radisson Blu Hotel - Wellington International School - Saudi German Hospital - Clubhouse - Private University - Certified Golf Course
▪ Code: MS005757 
Villas_for_Sale Alex_West Real_Estate_Investment REMAX_Professional",/en/plp/buy/villa-for-sale-alexandria-alexandria-compounds-alex-west-8370976.html,True,8370976,"[""https://static.shared.propertyfinder.eg/media/images/listing/01KBSVSSG61WZV4ENX2RZ8G7PB/ca85dfc1-8020-4b94-a25f-fe3a9bdc7e75/668x452.jpg""]",15,False,False,False,False,31.04862403869629,2025-12-06T13:37:49Z,01KBSVSSG61WZV4ENX2RZ8G7PB,3,"Alex West, Alexandria Compounds, Alexandria",41404,"Alexandria, Alexandria Compounds",alexandria-compounds-alex-west,DISTRICT,29.709577560424805,13000000,69148.93617021276,Villa,property,2025-12-06T13:37:49Z,https://www.propertyfinder.eg/en/plp/buy/villa-for-sale-alexandria-alexandria-compounds-alex-west-8370976.html,188,188,EG,propertyfinder,Open View of the Lake at the lowest price
"[""CP"", ""AC"", ""BW"", ""BA"", ""BK"", ""MR"", ""PG"", ""PP"", ""SP"", ""VW"", ""ST"", ""SE"", ""SY"", ""SS""]",14,"[""Covered Parking"", ""Central A/C"", ""Built in Wardrobes"", ""Balcony"", ""Kitchen Appliances"", ""Maids Room"", ""Private Garden"", ""Private Pool"", ""Shared Pool"", ""View of Water"", ""Study"", ""Security"", ""Shared Gym"", ""Shared Spa""]",2,3,buy,EGP,"Luxury Garden Villa for Sale in Mountain View iCity – Mountain Park / Park Side

Immediate Delivery – Prime Location – Flexible Installments

Own a premium villa in the heart of New Sheikh Zayed, in one of the best phases of Mountain View. A strategic location that guarantees privacy, comfort, and high investment value.

Villa Specifications:

Built-up Area: 225 m²

Price & Payment Plan:

Down Payment Required Now: 3,000,000 EGP

Remaining Amount: Convenient equal installments
A golden opportunity for residential living or investment in a rapidly developing and upscale area.

Project Features:

Prime strategic location in New Sheikh Zayed

Modern designs and vast green landscapes

Gated community offering maximum privacy and security

A fully integrated environment ideal for families

Available Amenities:

Entertainment areas and kids’ play zones

Top-quality educational services

Various sports facilities

Shopping centers and malls

24/7 security and maintenance

Why This Villa?

Located in one of the best phases of the project

Ideal for those seeking luxury and smart living

A secure investment in one of the fastest-growing areas

Don’t miss out!
Own a ready-for-delivery villa in one of the most prestigious areas of New Sheikh Zayed.
For more details and inquiries: …",/en/plp/buy/villa-for-sale-giza-6-october-city-northern-expansions-mountain-view-chill-out-park-8387744.html,True,8387744,"[""https://static.shared.propertyfinder.eg/media/images/listing/01KBMN7JR872RMN3WN2DZM6NT6/a1842a78-b155-4a1c-8954-62c590f1ef86/668x452.jpg""]",11,False,False,False,False,29.992835998535156,2025-12-04T12:30:14Z,01KBMN7JR872RMN3WN2DZM6NT6,4,"Mountain View Chill Out Park, Northern Expansions, 6 October City, Giza",21299,"Giza, 6 October City, Northern Expansions",6-october-city-northern-expansions-mountain-view-chill-out-park,COMPOUND,30.89208221435547,3000000,150000.0,Villa,property,2025-12-04T12:30:14Z,https://www.propertyfinder.eg/en/plp/buy/villa-for-sale-giza-6-october-city-northern-expansions-mountain-view-chill-out-park-8387744.html,20,20,EG,propertyfinder,Receive a Luxury 255 m² Garden Villa for Sale
"[""BA"", ""CP"", ""PG"", ""SP"", ""BL"", ""LB"", ""SE""]",7,"[""Balcony"", ""Covered Parking"", ""Private Garden"", ""Shared Pool"", ""View of Landmark"", ""Lobby in Building"", ""Security""]",2,3,buy,EGP,"For sale in Sarai El Mostakbal City Compound
Directly next to Madinaty
Immediate delivery

Villa area 150 sq m
(3 bedrooms + 2 bathrooms + reception + terrace + kitchen)
+ Private garden 106 sq m

Price before discount: 14,628,000
Price after discount: 9,215,000

Or with a down payment of 1,462,000 and installments over 7 years
For details:[REDACTED_PHONE] & WhatsApp",/en/plp/buy/villa-for-sale-cairo-mostakbal-city---future-city-mostakbal-city-compounds-sarai-s1-8361038.html,True,8361038,"[""https://static.shared.propertyfinder.eg/media/images/listing/01KBJ9KM27NGNDT4QE1AZ9XM23/d6add828-fdd1-4ba1-8130-b5e86a067619/668x452.jpg""]",10,False,False,False,False,30.090049743652344,2025-12-03T15:49:07Z,01KBJ9KM27NGNDT4QE1AZ9XM23,5,"S1, Sarai, Mostakbal City Compounds, Mostakbal City - Future City, Cairo",42311,"Cairo, Mostakbal City - Future City, Mostakbal City Compounds, Sarai",mostakbal-city---future-city-mostakbal-city-compounds-sarai-s1,STREET,31.70280647277832,9215000,61433.333333333336,Villa,property,2025-12-03T15:49:07Z,https://www.propertyfinder.eg/en/plp/buy/villa-for-sale-cairo-mostakbal-city---future-city-mostakbal-city-compounds-sarai-s1-8361038.html,150,150,EG,propertyfinder,"Villa for sale, immediate delivery in Sarai Compou"
"[""BA"", ""BW"", ""AC"", ""BL"", ""WC"", ""SY"", ""SS"", ""SE"", ""CO"", ""SP""]",10,"[""Balcony"", ""Built in Wardrobes"", ""Central A/C"", ""View of Landmark"", ""Walk-in Closet"", ""Shared Gym"", ""Shared Spa"", ""Security"", ""Children's Pool"", ""Shared Pool""]",2,3,buy,EGP,"For sale in Sarai ( SV - S1 )
S-Villa ( middle)
Ready to move 

Bua : 295 m 
Roof : 82 m 

Ground Floor:

* Reception 

* Kitchen 

* Guest Bedroom + bathroom 

* nanny bedroom + bathroom 

* Terrace 

First floor:

* Master Bedroom + bathroom and dressing 

* 2 Bedroom

* Bathroom 

* Living room 

* Terrace

Down Payment: EGP 11,800,000 (Lowest villa down payment available now!)

Total Price: EGP 12,100,000 ((Your Opportunity Now))!

For inquiries via WhatsApp or by phone:[REDACTED_PHONE]

About Bright Real Estate:

Bright Real Estate is one of the leading real estate marketing companies in the Egyptian market, with years of experience in both Primary and Resale sectors.

Over the years, the company has built a strong reputation based on credibility, professionalism, and providing real estate solutions tailored to meet clients' needs, whether for residential or investment purposes.

The Bright team consists of specialized real estate professionals with extensive experience and in-depth knowledge of the market and various projects. This enables them to offer the best real estate consultations to ensure maximum benefit for their clients.

Our goal is to help every client make the best decision by providing full support before, during, and after the purchase or sale process.

For inquiries and more details about available units, please contact us or send a WhatsApp message to the number above.",/en/plp/buy/villa-for-sale-cairo-mostakbal-city---future-city-mostakbal-city-compounds-sarai-cavana-springs-8348414.html,True,8348414,"[""https://static.shared.propertyfinder.eg/media/images/listing/01KBD6H8GT79Z9N78E5X35RJNY/bae3c7a6-3baf-46ed-90e2-97ec7bdb729b/668x452.jpg""]",9,False,False,False,False,30.094375610351562,2025-12-01T15:00:15Z,01KBD6H8GT79Z9N78E5X35RJNY,5,"Cavana Springs, Sarai, Mostakbal City Compounds, Mostakbal City - Future City, Cairo",42286,"Cairo, Mostakbal City - Future City, Mostakbal City Compounds, Sarai",mostakbal-city---future-city-mostakbal-city-compounds-sarai-cavana-springs,STREET,31.707836151123047,12100000,41016.94915254237,Villa,property,2025-12-01T15:00:15Z,https://www.propertyfinder.eg/en/plp/buy/villa-for-sale-cairo-mostakbal-city---future-city-mostakbal-city-compounds-sarai-cavana-springs-8348414.html,295,295,EG,propertyfinder,Villa 295m View Landscape Lowest Offer In Market !
"[""BA"", ""SP"", ""VW"", ""SE"", ""SY"", ""BL""]",6,"[""Balcony"", ""Shared Pool"", ""View of Water"", ""Security"", ""Shared Gym"", ""View of Landmark""]",2,3,buy,EGP,"Developer: Mountain view
Project: Mountain view I city (MVIC) October 
Type: Standalone 
Finishing type: Core and shell
Delivered


Overlooking greenery

BUA: 285
Land:600

3 Including one master bedroom 
2 Bathrooms
guest toilet
nanny room

Down payment:22,885,000
Remaining installments:1,400,000 
Total Price:24,285,000







About New Avenue:
                     
New Avenue is a real estate consultancy based in Egypt, aiming at providing comprehensive services for your real estate needs. If you are willing to make an investment or are interested in buying a residential or a commercial property, we are there for you to ensure transforming your plans into reality.
                           
Given our individual experiences in the top real estate companies in Egypt and abroad, we have reached the conclusion that trust is primary factor we should be offering you when it comes to buying, renting or submitting your property for sale or rent.

New Avenue is aiming to provide our customer with almost all the needs that you would need Residential or Commercial.",/en/plp/buy/villa-for-sale-giza-6-october-city-6-october-compounds-mountain-view-icity-october-8345024.html,True,8345024,"[""https://static.shared.propertyfinder.eg/media/images/listing/01KB9Z3JER549AWKC1C8KHJ0B4/24db3a47-1d87-4a2a-9b00-516b939029bd/668x452.jpg""]",10,False,False,True,False,30.00507354736328,2025-12-01T10:10:26Z,01KB9Z3JER549AWKC1C8KHJ0B4,4,"Mountain View iCity October, 6 October Compounds, 6 October City, Giza",40492,"Giza, 6 October City, 6 October Compounds",6-october-city-6-october-compounds-mountain-view-icity-october,SUBDISTRICT,30.929044723510742,24285000,40475.0,Villa,property,2025-12-01T10:10:26Z,https://www.propertyfinder.eg/en/plp/buy/villa-for-sale-giza-6-october-city-6-october-compounds-mountain-view-icity-october-8345024.html,600,600,EG,propertyfinder,Villa with big land area and complete privacy
"[""BA""]",1,"[""Balcony""]",2,3,buy,EGP,"Tessera Upper Resale Villa for Sale, 273 sq m, Palm Hills Compound, Alexandria (Lowest Tessera Price Offered)
Immediate Delivery
The villa is divided into 3 floors:
First Floor: 2-piece Reception, Maid's Room, Bathroom, Kitchen
Second Floor: 3 Bedrooms (including a Master Bedroom with Dressing Room), Bathroom
Electricity and Water Meters
Total Price: EGP 15,900,000/Cash
» For more details and to schedule a viewing, please contact Ms. Donia Kadry:[REDACTED_PHONE] 
Unit Code: 131765",/en/plp/buy/villa-for-sale-alexandria-alexandria-compounds-palm-hills-8336192.html,True,8336192,"[""https://static.shared.propertyfinder.eg/media/images/listing/01KB7PJF2EDC0A7WS6V6KV8YKC/a96691a5-39e5-4199-92df-98b955c032b2/668x452.jpg""]",12,False,False,False,False,31.159427642822266,2025-11-29T11:45:34Z,01KB7PJF2EDC0A7WS6V6KV8YKC,3,"Palm Hills, Alexandria Compounds, Alexandria",40974,"Alexandria, Alexandria Compounds",alexandria-compounds-palm-hills,DISTRICT,29.962291717529297,15900000,58241.758241758245,Villa,property,2025-11-29T11:45:34Z,https://www.propertyfinder.eg/en/plp/buy/villa-for-sale-alexandria-alexandria-compounds-palm-hills-8336192.html,273,273,EG,propertyfinder,"Tessera Upper Villa for Sale, 273 sq m, Palm Hills"
"[""BA"", ""SP"", ""VW"", ""SE"", ""LB"", ""CO""]",6,"[""Balcony"", ""Shared Pool"", ""View of Water"", ""Security"", ""Lobby in Building"", ""Children's Pool""]",2,3,buy,EGP,"Twin villa for sale in Fanadir Aqua Park

2 floors
BUA: 180 m2 + 90 m2 roof terrace
Living room 
Spacious kitchen
3 bedrooms 
2 bathrooms
Roof terrace with some sea view
Private garden 50 m2

Price: EUR250,000

Handover: mid of 2026

Fanadir Aqua Park is a new beachfront resort located in El Aheya area. It is a gated community with private beach, several pools, supermarket, café and restaurant.",/en/plp/buy/villa-for-sale-red-sea-hurghada-al-ahyaa-district-8335654.html,True,8335654,"[""https://static.shared.propertyfinder.eg/media/images/listing/01KB78PW4C6S3JKPH8Z2HP2HPZ/1800eb71-4234-4012-beb6-5e1cc5620b46/668x452.jpg""]",12,False,False,False,False,27.280988693237305,2025-11-29T07:40:22Z,01KB78PW4C6S3JKPH8Z2HP2HPZ,3,"Al Ahyaa District, Hurghada, Red Sea",37810,"Red Sea, Hurghada",hurghada-al-ahyaa-district,DISTRICT,33.77423858642578,13900000,77222.22222222222,Villa,property,2025-11-29T07:40:22Z,https://www.propertyfinder.eg/en/plp/buy/villa-for-sale-red-sea-hurghada-al-ahyaa-district-8335654.html,180,180,EG,propertyfinder,Twin villa for sale in Fanadir Aqua Park
"[""BA"", ""MR"", ""PG"", ""VW"", ""SE""]",5,"[""Balcony"", ""Maids Room"", ""Private Garden"", ""View of Water"", ""Security""]",2,3,buy,EGP,"1M
Taj City
1M
Origami
Quadro Villa 143 m
Original Price 9,341,983

Down Payment 5,652,701

Installment 271,331
Until 29/3/2031

About Taj City:
Taj City is one of the most prestigious gated residential communities in New Cairo, distinguished by its prime location, modern architecture, expansive green spaces, and integrated services – from a social club and commercial area to 24/7 security and recreational facilities.

Your opportunity to own a luxurious ready-to-move-in home in one of Cairo's most prominent projects.

For more details, contact us on[REDACTED_PHONE]",/en/plp/buy/villa-for-sale-cairo-new-cairo-city-the-5th-settlement-5th-settlement-compounds-taj-city-8327719.html,True,8327719,"[""https://static.shared.propertyfinder.eg/media/images/listing/01KAPH3KZVZW4ZCBQ392C03VDS/95fabd79-e218-44d3-977f-cd6d9da812e7/668x452.jpg""]",10,False,False,False,False,30.078453063964844,2025-11-26T17:33:25Z,01KAPH3KZVZW4ZCBQ392C03VDS,5,"Taj City, 5th Settlement Compounds, The 5th Settlement, New Cairo City, Cairo",2770,"Cairo, New Cairo City, The 5th Settlement, 5th Settlement Compounds",new-cairo-city-the-5th-settlement-5th-settlement-compounds-taj-city,COMPOUND,31.426923751831055,9342000,65328.67132867133,Villa,property,2025-11-26T17:33:25Z,https://www.propertyfinder.eg/en/plp/buy/villa-for-sale-cairo-new-cairo-city-the-5th-settlement-5th-settlement-compounds-taj-city-8327719.html,143,143,EG,propertyfinder,quardo villa 143m taj city prime location
"[""BW"", ""AC"", ""CP"", ""BK"", ""MR"", ""PG"", ""PP"", ""SP"", ""ST"", ""VW"", ""SE"", ""SS"", ""SY"", ""WC"", ""BL"", ""LB"", ""CO"", ""BA""]",18,"[""Built in Wardrobes"", ""Central A/C"", ""Covered Parking"", ""Kitchen Appliances"", ""Maids Room"", ""Private Garden"", ""Private Pool"", ""Shared Pool"", ""Study"", ""View of Water"", ""Security"", ""Shared Spa"", ""Shared Gym"", ""Walk-in Closet"", ""View of Landmark"", ""Lobby in Building"", ""Children's Pool"", ""Balcony""]",2,3,buy,EGP,"limited offer Ready to move ivilla with large roof

""Unit details""
2 bedrooms
3 bathrooms
kitchen
roof 

for more details:[REDACTED_PHONE]
_______________________________________________________________
The Mountain View iCity New Cairo is an integrated commercial and administrative project of $3.6 billion based on the latest construction and technical methods, introducing a distinctive venture in the quiet New Cairo’s Fifth Settlement.
Details of Mountain View iCity New Cairo
A 500-acre project that can accommodate up to 50,000 residents in New Cairo will be embarked upon by Mountain View and the Saudi Sisban Holding Company in partnership with Egypt’s New Urban Communities Authority with the latter holding 60% and the former alliance holding 40%.
The massive wide area of Mountain View iCity and its strategic location, the compound hosts large lawns for a completely relaxing environment in the middle of New Cairo.
Designs of Mountain View iCity Compound
ICity Mountain View New Cairo is designed by Callison RTKL, one of the largest companies specialized in architectural design in the world, with a legacy left all around the globe starting from the United States to South America, Asia, Europe and North Africa.
The project design was inspired by numerous compounds representing architectural masterpieces of suspended walk trails and wide greenery.
Services of Mountain View iCity New Cairo

3-bedroom apartments for sale in New Cairo City
Houses and villas for sale in New Cairo City
2-bedroom apartments for sale in New Cairo City
Townhouses for sale in New Cairo City
Duplexes for sale in New Cairo City
Penthouses for sale in New Cairo City
Furnished apartments for sale in New Cairo City
Twin houses for sale in New Cairo City
4-bedroom apartments for sale in New Cairo City
1-bedroom apartments for sale in New Cairo City
Studio apartments for sale in New Cairo City
5-bedroom apartments for sale in New Cairo City
6-bedroom apartments for sale in New Cairo City",/en/plp/buy/villa-for-sale-cairo-new-cairo-city-the-5th-settlement-5th-settlement-compounds-mountain-view-icity-8290257.html,True,8290257,"[""https://static.shared.propertyfinder.eg/media/images/listing/01KAGBTWFPBWYWE2EFZ4HTZ90H/4acae107-2801-4aee-b46b-c2db3795bfe5/668x452.jpg""]",11,False,False,False,False,30.06942367553711,2025-11-20T10:14:40Z,01KAGBTWFPBWYWE2EFZ4HTZ90H,5,"Mountain View iCity, 5th Settlement Compounds, The 5th Settlement, New Cairo City, Cairo",20206,"Cairo, New Cairo City, The 5th Settlement, 5th Settlement Compounds",new-cairo-city-the-5th-settlement-5th-settlement-compounds-mountain-view-icity,COMPOUND,31.5997371673584,1000000,8333.333333333334,Villa,property,2025-11-20T10:14:40Z,https://www.propertyfinder.eg/en/plp/buy/villa-for-sale-cairo-new-cairo-city-the-5th-settlement-5th-settlement-compounds-mountain-view-icity-8290257.html,120,120,EG,propertyfinder,limited offer Ready to move ivilla with large roof
"[""LB"", ""WC"", ""SY"", ""SS"", ""SE"", ""ST"", ""PP"", ""PG"", ""MR"", ""BK"", ""CP"", ""AC""]",12,"[""Lobby in Building"", ""Walk-in Closet"", ""Shared Gym"", ""Shared Spa"", ""Security"", ""Study"", ""Private Pool"", ""Private Garden"", ""Maids Room"", ""Kitchen Appliances"", ""Covered Parking"", ""Central A/C""]",2,3,buy,EGP,"1A
In Taj City
Elect Phase
Z Villa
Area: 180 sq m + 57 sq m Garden and 45 sq m Roof

Down Payment: 8,500,000
Remaining Installments: 3,055,072
Next Installment Due: February 1, 2026
Amount: 160,794

Maintenance Fees: 433,480
Contact:[REDACTED_PHONE]

About Taj City:
Taj City is one of the most prestigious gated residential communities in New Cairo, distinguished by its prime location, modern architecture, expansive green spaces, and integrated services – from a social club and commercial area to 24/7 security and recreational facilities.",/en/plp/buy/villa-for-sale-cairo-new-cairo-city-the-5th-settlement-5th-settlement-compounds-taj-city-8284295.html,True,8284295,"[""https://static.shared.propertyfinder.eg/media/images/listing/01KADY8KBQ435ZG74WG7HJ5FRD/b87d36df-f4c2-441d-82f0-ee613f644006/668x452.jpg""]",9,False,False,False,False,30.078453063964844,2025-11-19T11:53:58Z,01KADY8KBQ435ZG74WG7HJ5FRD,5,"Taj City, 5th Settlement Compounds, The 5th Settlement, New Cairo City, Cairo",2770,"Cairo, New Cairo City, The 5th Settlement, 5th Settlement Compounds",new-cairo-city-the-5th-settlement-5th-settlement-compounds-taj-city,COMPOUND,31.426923751831055,11990000,66611.11111111111,Villa,property,2025-11-19T11:53:58Z,https://www.propertyfinder.eg/en/plp/buy/villa-for-sale-cairo-new-cairo-city-the-5th-settlement-5th-settlement-compounds-taj-city-8284295.html,180,180,EG,propertyfinder,Z villa 180m² with a down payment of 8.5 million
"[""MR"", ""PG"", ""PP"", ""ST"", ""SP"", ""SE"", ""VW"", ""SS"", ""SY"", ""CO"", ""BL"", ""WC""]",12,"[""Maids Room"", ""Private Garden"", ""Private Pool"", ""Study"", ""Shared Pool"", ""Security"", ""View of Water"", ""Shared Spa"", ""Shared Gym"", ""Children's Pool"", ""View of Landmark"", ""Walk-in Closet""]",2,3,buy,EGP,"Twin House for Sale in Fouka

Area: 129 sq m
Garden: 91 sq m

3 Bedrooms, 2 Bathrooms

Cash: 12,500,000 EGP
Immediate Delivery

Looking for a guaranteed investment for 2025? Fouka Bay North Coast is the perfect investment opportunity. Contact us to learn about the latest units and prices available in the village, including chalets, apartments, and villas.",/en/plp/buy/villa-for-sale-north-coast-qesm-marsa-matrouh-fouka-bay-8224168.html,True,8224168,"[""https://static.shared.propertyfinder.eg/media/images/listing/01K9M0FTPN5HNMYSZGNH43H7MV/5925f128-0b2e-49af-9a30-b1eca8a16008/668x452.jpg""]",10,False,False,False,False,31.090606689453125,2025-11-09T10:12:43Z,01K9M0FTPN5HNMYSZGNH43H7MV,3,"Fouka Bay, Qesm Marsa Matrouh, North Coast",37758,"North Coast, Qesm Marsa Matrouh",qesm-marsa-matrouh-fouka-bay,COMPOUND,27.94072723388672,12500000,96899.22480620156,Villa,property,2025-11-09T10:12:43Z,https://www.propertyfinder.eg/en/plp/buy/villa-for-sale-north-coast-qesm-marsa-matrouh-fouka-bay-8224168.html,129,129,EG,propertyfinder,Twin house for sale in Fouka in a prime location i
"[""BA""]",1,"[""Balcony""]",2,3,buy,EGP,"Villa for Sale in Stone Park new cairo
Location: Prime spot with an amazing open view

Property Details

Land Area: 460 m²
Built-up Area (BUA): 280 m²
Floors: Ground + First
Ground Floor

Spacious fully furnished kitchen equipped with all appliances and cabinets
Maid’s room with private toilet
Guest toilet
Reception: 3 pieces with 2 terraces overlooking the garden

First Floor

Open family living room with kitchenette
Master bedroom fully furnished with dressing units
2 bedrooms with a shared bathroom
Additional Information
Ready to move in
Super lux finishing

All utilities installed: gas, electricity, water, and internet

Price
Rent (Furnished): 3,300 USD / month
Sale: 42,000,000 EGP",/en/plp/buy/villa-for-sale-cairo-new-cairo-city-the-5th-settlement-5th-settlement-compounds-stone-park-8173611.html,True,8173611,"[""https://static.shared.propertyfinder.eg/media/images/listing/01K8QXXXXYPZNZ4BRQCEQ3N761/f9c7377e-d9db-4b4e-aaa7-17b0140d71b1/668x452.jpg""]",19,False,False,True,False,29.987112045288086,2025-10-29T15:05:46Z,01K8QXXXXYPZNZ4BRQCEQ3N761,5,"Stone Park, 5th Settlement Compounds, The 5th Settlement, New Cairo City, Cairo",2737,"Cairo, New Cairo City, The 5th Settlement, 5th Settlement Compounds",new-cairo-city-the-5th-settlement-5th-settlement-compounds-stone-park,COMPOUND,31.38675308227539,42000000,91304.34782608696,Villa,property,2025-10-29T15:05:46Z,https://www.propertyfinder.eg/en/plp/buy/villa-for-sale-cairo-new-cairo-city-the-5th-settlement-5th-settlement-compounds-stone-park-8173611.html,460,460,EG,propertyfinder,Villa for Sale in Stone Park New Cairo
"[""BA"", ""CP"", ""MR"", ""PG"", ""SP"", ""SE"", ""SS"", ""WC"", ""SY"", ""CO""]",10,"[""Balcony"", ""Covered Parking"", ""Maids Room"", ""Private Garden"", ""Shared Pool"", ""Security"", ""Shared Spa"", ""Walk-in Closet"", ""Shared Gym"", ""Children's Pool""]",2,3,buy,EGP,"For Sale in Woodville 

Villa Type I

Bua: 308m + 108m Roof
Land: 486m
Pentahouse: 36m

Ready to move 

Core and shell 


Ground Floor:

- Reception and Dinning 
- Kitchen 
- Guest Toilet 
- Nanny's room with Bathroom 
- Driver's Room With Bathroom 


First Floor:

- 3Bedrooms (1Master)
- 2 Bathrooms
- Reception 

Roof Floor:

- Reception 
- Bathroom",/en/plp/buy/villa-for-sale-giza-6-october-city-al-wahat-road-palm-hills-woodville-8150717.html,True,8150717,"[""https://static.shared.propertyfinder.eg/media/images/listing/01K8G7YXPF9GPF5S7WJHYNTSX5/6dd67902-f1ae-4fec-b1d8-b14ef52952ea/668x452.jpg""]",9,False,False,False,False,29.957908630371094,2025-10-26T12:36:13Z,01K8G7YXPF9GPF5S7WJHYNTSX5,4,"Palm Hills WoodVille, Al Wahat Road, 6 October City, Giza",21056,"Giza, 6 October City, Al Wahat Road",6-october-city-al-wahat-road-palm-hills-woodville,COMPOUND,30.91575813293457,26000000,84415.58441558441,Villa,property,2025-10-26T12:36:13Z,https://www.propertyfinder.eg/en/plp/buy/villa-for-sale-giza-6-october-city-al-wahat-road-palm-hills-woodville-8150717.html,308,308,EG,propertyfinder,villa with land 486 m for sale in woodville
"[""BA"", ""PP"", ""VW""]",3,"[""Balcony"", ""Private Pool"", ""View of Water""]",2,3,buy,EGP,"Ground floor chalet with garden for sale 130 m North Coast (Al-Rawda Village - Kilo 71) - 3,400,000 EGP cash - Agent / Walid Zaki[REDACTED_PHONE]
 3 bedrooms, 3 reception , 2 bathrooms
 (including master bedroom)
 Swimming pool serving four chalets
 Built in 2025
 3,400,000 EGP cash
 Code: 005491
Chalets for sale North_Coast Real_Estate Remax_Professional remax",/en/plp/buy/villa-for-sale-north-coast-markaz-al-hamam-al-rawda-8088981.html,True,8088981,"[""https://static.shared.propertyfinder.eg/media/images/listing/01K7KTDQBVDBEVSBGNTJTGKAWP/539b5ca2-c52a-48fc-acd7-dfab60cc3108/668x452.jpg""]",10,False,False,False,False,30.853267669677734,2025-10-15T11:40:21Z,01K7KTDQBVDBEVSBGNTJTGKAWP,3,"Al Rawda, Markaz Al Hamam, North Coast",37717,"North Coast, Markaz Al Hamam",markaz-al-hamam-al-rawda,COMPOUND,29.290597915649414,3400000,26153.846153846152,Villa,property,2025-10-15T11:40:21Z,https://www.propertyfinder.eg/en/plp/buy/villa-for-sale-north-coast-markaz-al-hamam-al-rawda-8088981.html,130,130,EG,propertyfinder,Open view of the swimming pool and garden
"[""BA"", ""BW"", ""AC"", ""CP"", ""BK"", ""PG"", ""SP"", ""ST"", ""PP"", ""MR"", ""VW"", ""SY"", ""WC"", ""BL"", ""SS"", ""SE"", ""CO"", ""LB""]",18,"[""Balcony"", ""Built in Wardrobes"", ""Central A/C"", ""Covered Parking"", ""Kitchen Appliances"", ""Private Garden"", ""Shared Pool"", ""Study"", ""Private Pool"", ""Maids Room"", ""View of Water"", ""Shared Gym"", ""Walk-in Closet"", ""View of Landmark"", ""Shared Spa"", ""Security"", ""Children's Pool"", ""Lobby in Building""]",2,3,buy,EGP,"Villa for Sale at the Best Price in New Cairo – Inside a Prime Compound

 Hyde Park Compound – Fifth Settlement

Minutes away from the American University in Cairo (AUC)

Close to 90th Street

 Townhouse Villa

Built-up Area: 159 sqm

Layout:
• 3 Bedrooms
• 2 Bathrooms
• Reception & Living Area
• Large Terrace

 Prime location with a direct view of the artificial lakes

 Price:

EGP 2,300,000 cash + the rest in installments over the longest payment plan with no interest

 For more details & to book a viewing:
Mobile & WhatsApp:[REDACTED_PHONE]",/en/plp/buy/villa-for-sale-cairo-new-cairo-city-garden-residence-7943305.html,True,7943305,"[""https://static.shared.propertyfinder.eg/media/images/listing/01K5EAXPAJZM4NNRKNPGZGKHE5/fd4a84cd-06cd-4725-9fcd-17ab625555d7/668x452.jpg""]",11,False,False,False,False,29.986295700073242,2025-09-18T12:01:59Z,01K5EAXPAJZM4NNRKNPGZGKHE5,3,"Garden Residence, New Cairo City, Cairo",42275,"Cairo, New Cairo City",new-cairo-city-garden-residence,TOWER,31.56165885925293,2300000,14465.408805031446,Villa,property,2025-09-18T12:01:59Z,https://www.propertyfinder.eg/en/plp/buy/villa-for-sale-cairo-new-cairo-city-garden-residence-7943305.html,159,159,EG,propertyfinder,Lowest Price Villa for Sale in Hyde Park New Cairo
"[""BA"", ""CP"", ""PG"", ""SP"", ""SE"", ""BL"", ""LB""]",7,"[""Balcony"", ""Covered Parking"", ""Private Garden"", ""Shared Pool"", ""Security"", ""View of Landmark"", ""Lobby in Building""]",2,3,buy,EGP,"For sale in Talala Compound
In a prime location in New Heliopolis
Next to SODIC East Compound

168 sqm Villa
(3 bedrooms + 2 bathrooms + reception + terrace + kitchen)
Super deluxe finishing
+ 124 sqm private garden
+ 33 sqm private roof

Price before discount: 15,986,000
Price after discount: 7,353,999

Or with a down payment of 1,598,000 and installments over 10 years
For details:[REDACTED_PHONE] & WhatsApp",/en/plp/buy/villa-for-sale-cairo-new-heliopolis-new-heliopolis-compounds-talala-7921161.html,True,7921161,"[""https://static.shared.propertyfinder.eg/media/images/listing/01K56CB05DYJ8F1BH0HQ2065G7/c6ee28e9-45e4-4b75-8d0a-c33940f28e5d/668x452.jpg""]",10,False,False,False,False,30.153987884521484,2025-09-15T09:50:40Z,01K56CB05DYJ8F1BH0HQ2065G7,4,"Talala, New Heliopolis Compounds, New Heliopolis, Cairo",42165,"Cairo, New Heliopolis, New Heliopolis Compounds",new-heliopolis-new-heliopolis-compounds-talala,SUBDISTRICT,31.6824893951416,7353000,43767.857142857145,Villa,property,2025-09-15T09:50:40Z,https://www.propertyfinder.eg/en/plp/buy/villa-for-sale-cairo-new-heliopolis-new-heliopolis-compounds-talala-7921161.html,168,168,EG,propertyfinder,"Villa for sale, fully finished, with a 54% discoun"
"[""BA"", ""AC"", ""BW"", ""CP"", ""BK"", ""MR"", ""SP"", ""ST"", ""VW"", ""PP"", ""PG"", ""SY"", ""SS"", ""SE"", ""LB"", ""WC"", ""BL"", ""CO""]",18,"[""Balcony"", ""Central A/C"", ""Built in Wardrobes"", ""Covered Parking"", ""Kitchen Appliances"", ""Maids Room"", ""Shared Pool"", ""Study"", ""View of Water"", ""Private Pool"", ""Private Garden"", ""Shared Gym"", ""Shared Spa"", ""Security"", ""Lobby in Building"", ""Walk-in Closet"", ""View of Landmark"", ""Children's Pool""]",2,3,buy,EGP,"wnhouse Villa for Sale – 2,000,000 EGP cash + remaining amount in installments

 Prime location in a compound next to Mountain View iCity
Just minutes away from the American University in Cairo (AUC)

Villa area: 180 sqm

Excellent layout & premium location inside the compound

Compound by La Vista Developments

Villas only community

 Cash required: 2,000,000 EGP
Remaining balance available in installments over 8 years

For details & to schedule a viewing: [[REDACTED_PHONE]",/en/plp/buy/villa-for-sale-cairo-new-cairo-city-the-5th-settlement-5th-settlement-compounds-mountain-view-icity-7902214.html,True,7902214,"[""https://static.shared.propertyfinder.eg/media/images/listing/01K4W6FK6NVJ9AWCWVADEK09AM/ecea46f5-c624-4648-a85d-6e3414603120/668x452.jpg""]",11,False,False,False,False,30.06942367553711,2025-09-11T10:58:12Z,01K4W6FK6NVJ9AWCWVADEK09AM,5,"Mountain View iCity, 5th Settlement Compounds, The 5th Settlement, New Cairo City, Cairo",20206,"Cairo, New Cairo City, The 5th Settlement, 5th Settlement Compounds",new-cairo-city-the-5th-settlement-5th-settlement-compounds-mountain-view-icity,COMPOUND,31.5997371673584,2000000,11111.111111111111,Villa,property,2025-09-11T10:58:12Z,https://www.propertyfinder.eg/en/plp/buy/villa-for-sale-cairo-new-cairo-city-the-5th-settlement-5th-settlement-compounds-mountain-view-icity-7902214.html,180,180,EG,propertyfinder,"Villa for sale 2,000,000cash next to Mountain view"
"[""BA"", ""CP"", ""BK"", ""PG"", ""SP"", ""SE"", ""SS"", ""SY"", ""VW""]",9,"[""Balcony"", ""Covered Parking"", ""Kitchen Appliances"", ""Private Garden"", ""Shared Pool"", ""Security"", ""Shared Spa"", ""Shared Gym"", ""View of Water""]",2,3,buy,EGP,", fully finished, ultra super lux
Panoramic sea view


For details on installments and viewing, please contact WhatsApp:[REDACTED_PHONE]

Sea view
Fully finished, ultra super lux
On Al Galala Road, next to Coral Sea Beach Hotel

Village amenities
The resort features a large number of swimming pools
The compound is interspersed with private and public gardens and vast green spaces
A jogging track is available for jogging and cycling enthusiasts
There are sports fields suitable for various sports, such as basketball and tennis
Bench seats and umbrellas are available for lounging in front of the crystalline artificial lakes.",/en/plp/buy/villa-for-sale-suez-al-ain-al-sokhna-la-vista-la-vista-gardens-7787936.html,True,7787936,"[""https://static.shared.propertyfinder.eg/media/images/listing/01JTE6KVDJ0QTCTWHEDGRMYBGR/92ecb8b2-2ad1-4be7-acaf-6ff8caa1c46f/668x452.jpg""]",10,False,False,False,False,29.345552444458008,2025-08-21T01:18:21Z,01JTE6KVDJ0QTCTWHEDGRMYBGR,4,"La Vista Gardens, La Vista, Al Ain Al Sokhna, Suez",40347,"Suez, Al Ain Al Sokhna, La Vista",al-ain-al-sokhna-la-vista-la-vista-gardens,COMPOUND,32.589778900146484,15200000,101333.33333333333,Villa,property,2025-08-21T01:18:21Z,https://www.propertyfinder.eg/en/plp/buy/villa-for-sale-suez-al-ain-al-sokhna-la-vista-la-vista-gardens-7787936.html,150,150,EG,propertyfinder,Villa for sale with the lowest advance and install
"[""BW"", ""BK"", ""MR"", ""PG"", ""SP"", ""VW"", ""SE"", ""CO""]",8,"[""Built in Wardrobes"", ""Kitchen Appliances"", ""Maids Room"", ""Private Garden"", ""Shared Pool"", ""View of Water"", ""Security"", ""Children's Pool""]",2,3,buy,EGP,"Description: -
-	Standalone villa
-	3 Bedrooms
-	2 Bathrooms
-	Nanny’s room with its own bathroom
-	Private garden
-	Sea and pool view
-	Terraces
-	With sandy beach 
-	Shared pool
       GROSS AREA:  182 Sq.
       LAND AREA: 551 Sq.

Total Price: 870,000 Euro 
Immediate delivery– Fully furnished and equipped.
Club house Membership fees of 100,000 EGP to be paid after 3 months from contract date

Soma Bay peninsula is blessed with dry desert winds and low humidity. It is just four hours from central Europe and a short drive from Hurghada International Airport.

Soma Bay Facilities: -
-Marina
-SOBAR
-Spa & Thalasso
-Golf Course
-Kite House
-Wind Surfing Center
-Dive Center
-Watersports Center
-Clinic & Pharmacy
-Medical Facility
-Fuel Station
-Super Market
Attractions:
-Natural Pool
-House Reef
-Soma Splash
-White Beach",/en/plp/buy/villa-for-sale-red-sea-hurghada-safaga-soma-bay-mesca-7746793.html,True,7746793,"[""https://static.shared.propertyfinder.eg/media/images/listing/01K2M561BSTPV9GGJ8YX4CEEGQ/cba4d50e-9a1a-472f-ad01-5677ffbede2d/668x452.jpg""]",15,False,True,False,False,26.864334106445312,2025-08-14T11:55:33Z,01K2M561BSTPV9GGJ8YX4CEEGQ,5,"Mesca, Soma Bay, Safaga, Hurghada, Red Sea",41181,"Red Sea, Hurghada, Safaga, Soma Bay",hurghada-safaga-soma-bay-mesca,STREET,33.96331024169922,48540000,266703.2967032967,Villa,property,2025-08-14T11:55:33Z,https://www.propertyfinder.eg/en/plp/buy/villa-for-sale-red-sea-hurghada-safaga-soma-bay-mesca-7746793.html,182,182,EG,propertyfinder,Elegant 3 BR villa with sea view in Mesca 1
"[""BA"", ""BW"", ""CP"", ""AC"", ""PG"", ""MR"", ""BK"", ""SP"", ""PP"", ""SE"", ""ST"", ""VW"", ""LB"", ""SY"", ""SS"", ""WC"", ""BL"", ""CO""]",18,"[""Balcony"", ""Built in Wardrobes"", ""Covered Parking"", ""Central A/C"", ""Private Garden"", ""Maids Room"", ""Kitchen Appliances"", ""Shared Pool"", ""Private Pool"", ""Security"", ""Study"", ""View of Water"", ""Lobby in Building"", ""Shared Gym"", ""Shared Spa"", ""Walk-in Closet"", ""View of Landmark"", ""Children's Pool""]",2,3,buy,EGP,"Cash Required: 8,500,000 Only

A unique villa for sale within Hyde Park Compound, New Cairo
Hyde Park - New Cairo

The villa is divided into:

Ground floor

First floor

Roof

With the best internal layout and an open location overlooking the landscape.

Cash Required: 8,500,000 and the rest can be paid in installments.",/en/plp/buy/villa-for-sale-cairo-new-cairo-city-garden-residence-8068221.html,True,8068221,"[""https://static.shared.propertyfinder.eg/media/images/listing/01JTN7ETDAMVYH0R5RQDRCHF9P/41adf162-e202-43ce-90e0-42a2b07d612f/668x452.jpg""]",10,False,False,False,False,29.986295700073242,2025-05-07T11:24:07Z,01JTN7ETDAMVYH0R5RQDRCHF9P,3,"Garden Residence, New Cairo City, Cairo",42275,"Cairo, New Cairo City",new-cairo-city-garden-residence,TOWER,31.56165885925293,8500000,25993.88379204893,Villa,property,2025-05-07T11:24:07Z,https://www.propertyfinder.eg/en/plp/buy/villa-for-sale-cairo-new-cairo-city-garden-residence-8068221.html,327,327,EG,propertyfinder,"For sale, a villa in a prime location in new cairo"
"[""BA"", ""BW"", ""SP"", ""ST"", ""VW"", ""SE"", ""SS"", ""SY"", ""WC"", ""BL"", ""LB""]",11,"[""Balcony"", ""Built in Wardrobes"", ""Shared Pool"", ""Study"", ""View of Water"", ""Security"", ""Shared Spa"", ""Shared Gym"", ""Walk-in Closet"", ""View of Landmark"", ""Lobby in Building""]",2,3,buy,EGP,"developer name : Mountain view 
project name : mountain view 3
unit type : one story house 
its a villa ( one floor only )

land area :406.4 meter
BUA : 180 meter 

bedrooms :3 
bathrooms :2

finishing : core and shell

delivery date : deliverd 

downpayment : 18,500,000

total :20,500,000

buyer's commission : 1.5%",/en/plp/buy/villa-for-sale-cairo-new-cairo-city-the-5th-settlement-5th-settlement-compounds-mountain-view-3-8286172.html,True,8286172,"[""https://static.shared.propertyfinder.eg/media/images/listing/01JT8NW1T8NWPE9NPWK18M0PV6/81e2ce15-3415-4e66-8760-a945fe531f1c/668x452.jpg""]",8,False,False,False,False,30.070423126220703,2025-05-02T14:33:50Z,01JT8NW1T8NWPE9NPWK18M0PV6,5,"Mountain View 3, 5th Settlement Compounds, The 5th Settlement, New Cairo City, Cairo",40957,"Cairo, New Cairo City, The 5th Settlement, 5th Settlement Compounds",new-cairo-city-the-5th-settlement-5th-settlement-compounds-mountain-view-3,STREET,31.584726333618164,20500000,113888.88888888889,Villa,property,2025-05-02T14:33:50Z,https://www.propertyfinder.eg/en/plp/buy/villa-for-sale-cairo-new-cairo-city-the-5th-settlement-5th-settlement-compounds-mountain-view-3-8286172.html,180,180,EG,propertyfinder,villa for sale in Mountain view3 compound newcairo
"[""SE"", ""BL"", ""BA"", ""BW"", ""CP"", ""ST"", ""VW"", ""SS"", ""SY"", ""WC"", ""LB""]",11,"[""Security"", ""View of Landmark"", ""Balcony"", ""Built in Wardrobes"", ""Covered Parking"", ""Study"", ""View of Water"", ""Shared Spa"", ""Shared Gym"", ""Walk-in Closet"", ""Lobby in Building""]",2,3,buy,EGP,"Fully finished and furnished standalone villa for sale in New Venice, Ain Sokhna
-------------------------------
Area: 120 square meters + 100 square meters garden
3 bedrooms and 2 bathrooms
-----------
Price: 3,500,000
---------------------
Key Features
Strategic Location: The resort is located on the Zafarana Road at kilometer 36, making it a 90-minute drive from Cairo.
Panoramic Views: Its design allows most units to enjoy stunning views of the Red Sea and the surrounding mountains.
Private Beach: The village's private beach stretches for one kilometer and is equipped with chairs and umbrellas for guests' comfort.
Extensive Green Spaces: The resort covers an area of ​​one million square meters, most of which is dedicated to green spaces and water features, providing a tranquil and relaxing environment.
Golf Course: The resort features a world-class 27-hole golf course spread across 133 acres, making it a favorite destination for golf enthusiasts.
Jaz Little Venice Hotel: Located within the resort, it offers upscale hotel services, a range of restaurants, and recreational activities.
Multiple Swimming Pools: The resort features several swimming pools of various shapes and sizes, including those designated for children and women.
Integrated Recreational Activities: The resort offers numerous sports and recreational facilities, such as an equipped gym, sports fields, and children's playgrounds.
Comprehensive Services: The resort includes a commercial area, a mosque, and 24-hour security and guard services.
Diverse Unit Types: A variety of residential units are available to suit various needs, such as chalets and villas of varying sizes.
-----
For more information:[REDACTED_PHONE]",/en/plp/buy/villa-for-sale-suez-al-ain-al-sokhna-new-venecia-8127435.html,True,8127435,"[""https://static.shared.propertyfinder.eg/media/images/listing/01JTR0YY6X9RWZ5Z3HGF012349/f95b4c05-edae-4f91-a180-91946f97d341/668x452.jpg""]",18,False,False,False,False,29.21857452392578,2025-05-08T13:43:18Z,01JTR0YY6X9RWZ5Z3HGF012349,3,"New Venecia, Al Ain Al Sokhna, Suez",40415,"Suez, Al Ain Al Sokhna",al-ain-al-sokhna-new-venecia,COMPOUND,32.622093200683594,3700000,30833.333333333332,Villa,property,2025-05-08T13:43:18Z,https://www.propertyfinder.eg/en/plp/buy/villa-for-sale-suez-al-ain-al-sokhna-new-venecia-8127435.html,120,120,EG,propertyfinder,Fully finished standalone villa in new vienica
"[""MR"", ""ST"", ""AC"", ""BA"", ""PG"", ""PP"", ""SP"", ""SS"", ""SE"", ""CP"", ""BW"", ""WC"", ""BK"", ""VW"", ""BL"", ""SY"", ""LB"", ""CO""]",18,"[""Maids Room"", ""Study"", ""Central A/C"", ""Balcony"", ""Private Garden"", ""Private Pool"", ""Shared Pool"", ""Shared Spa"", ""Security"", ""Covered Parking"", ""Built in Wardrobes"", ""Walk-in Closet"", ""Kitchen Appliances"", ""View of Water"", ""View of Landmark"", ""Shared Gym"", ""Lobby in Building"", ""Children's Pool""]",2,3,buy,EGP,"Fully finished townhouse + ACS and kitchen delivery 2025 / Installments  - Direction White - Ras Al Hikma - North Coast .

Area: 160 m + 110 m garden 
It consists of (3 bedrooms + 3 bathrooms + reception + kitchen + terrace) 
Fully finished with air conditioners and kitchen cabinets .
Amazing view 
Prime location
Price: 14,933,000
Payment plan : installments 
For more details, contact us now

The Ideal Location of Direction White North Coast Resort
Arabella ideally placed Direction White North Coast Village on the 192nd km of Alexandria - Marsa Matrouh Road. It is close to many high-end coastal communities in Ras El Hekma, such as:
June North Coast
Gaia Resort
The Med
Salt North Coast
Hacienda Bay
LVLS Mountain View
Moreover, the prime location of Direction White Ras El Hekma Resort is:
12 km away from El Dabaa
Close to Al Alamein International Airport",/en/plp/buy/villa-for-sale-north-coast-ras-al-hekma-direction-white-6329558.html,True,6329558,"[""https://static.shared.propertyfinder.eg/media/images/listing/01JSYJMFWCT13G2VTGMBNF600X/225c9b2c-4b0c-4ed8-9f10-afc65907adb7/668x452.jpg""]",24,False,False,False,False,31.067209243774414,2024-11-13T14:30:32Z,01JSYJMFWCT13G2VTGMBNF600X,3,"Direction White, Ras Al Hekma, North Coast",41319,"North Coast, Ras Al Hekma",ras-al-hekma-direction-white,DISTRICT,28.08972930908203,14933000,93331.25,Villa,property,2024-11-13T14:30:32Z,https://www.propertyfinder.eg/en/plp/buy/villa-for-sale-north-coast-ras-al-hekma-direction-white-6329558.html,160,160,EG,propertyfinder,Finished townhouse + ACS and kitchen Ras Al Hikma
"[""BA"", ""CO"", ""LB"", ""BL"", ""WC"", ""SY"", ""SS"", ""SE"", ""VW"", ""SP"", ""PG"", ""ST""]",12,"[""Balcony"", ""Children's Pool"", ""Lobby in Building"", ""View of Landmark"", ""Walk-in Closet"", ""Shared Gym"", ""Shared Spa"", ""Security"", ""View of Water"", ""Shared Pool"", ""Private Garden"", ""Study""]",2,3,buy,EGP,"⸻

I own a townhouse in Lake West Compound, one of the most prestigious locations in Sheikh Zayed.

dowmn payment 

Unit Details:
	•	Townhouse
	•	Land area: 181 m²
	•	Built-up area: 235 m²
	•	3 bedrooms, 3 bathrooms

Location:
	•	Located near many vital places:
	•	Near Mall of Arabia
	•	Near Juhayna Square
	•	Near Hunting Club
	•	Near Cairo University

Services:
	•	The compound offers numerous services, including:
	•	Spacious green areas
	•	Water features
	•	Swimming pools
	•	Children’s play area
	•	Barbecue and relaxation areas
	•	Commercial area
	•	Private garage
	•	24/7 security cameras

Installments available",/en/plp/buy/villa-for-sale-giza-sheikh-zayed-city-sheikh-zayed-compounds-lake-west-7482659.html,True,7482659,"[""https://static.shared.propertyfinder.eg/media/images/listing/01JYSA6M861FVR91S02H2PDXNN/2668672a-2a90-4931-b297-6d4c1148cba3/668x452.jpg""]",11,False,False,False,False,30.061763763427734,2025-06-28T09:08:27Z,01JYSA6M861FVR91S02H2PDXNN,4,"Lake West, Sheikh Zayed Compounds, Sheikh Zayed City, Giza",41095,"Giza, Sheikh Zayed City, Sheikh Zayed Compounds",sheikh-zayed-city-sheikh-zayed-compounds-lake-west,SUBDISTRICT,30.937755584716797,5500000,23605.150214592275,Villa,property,2025-06-28T09:08:27Z,https://www.propertyfinder.eg/en/plp/buy/villa-for-sale-giza-sheikh-zayed-city-sheikh-zayed-compounds-lake-west-7482659.html,233,233,EG,propertyfinder,Own a villa in Sheikh Zayed in installments
"[""BA"", ""CO"", ""LB"", ""BL"", ""WC"", ""SY"", ""SS"", ""SE"", ""VW"", ""ST"", ""SP""]",11,"[""Balcony"", ""Children's Pool"", ""Lobby in Building"", ""View of Landmark"", ""Walk-in Closet"", ""Shared Gym"", ""Shared Spa"", ""Security"", ""View of Water"", ""Study"", ""Shared Pool""]",2,3,buy,EGP,"Townhouse for Sale
In Q Hills Compound, New Sheikh Zayed
With the longest payment plan available


The price is upfront and there are installments to be paid in.

⸻

Unit Details:
	•	Townhouse
	•	Built-up Area: 200 sqm
	•	4 Bedrooms – 3 Bathrooms
	•	Includes a private garden

⸻

Location:
	•	New Sheikh Zayed
	•	Dabaa Road
	•	Close to Sphinx Airport
	•	Near Juhayna Square
	•	Minutes from 26th of July Corridor

⸻

Compound Features:
	•	Vast green areas
	•	Artificial lakes
	•	Jogging & cycling track
	•	Kids’ play areas
	•	Commercial area
	•	Private parking garage
	•	24/7 security & surveillance
	•	Electronic gates",/en/plp/buy/villa-for-sale-giza-sheikh-zayed-city-new-zayed-city-q-hills-7552699.html,True,7552699,"[""https://static.shared.propertyfinder.eg/media/images/listing/01JZJ0DHFJMBNN5VFKXFDVHHTN/7519090a-a927-4bd6-b293-536810c761ee/668x452.jpg""]",7,False,False,False,False,30.069805145263672,2025-07-10T15:45:12Z,01JZJ0DHFJMBNN5VFKXFDVHHTN,4,"Q-Hills, New Zayed City, Sheikh Zayed City, Giza",42026,"Giza, Sheikh Zayed City, New Zayed City",sheikh-zayed-city-new-zayed-city-q-hills,SUBDISTRICT,30.867237091064453,8000000,38277.511961722485,Villa,property,2025-07-10T15:45:12Z,https://www.propertyfinder.eg/en/plp/buy/villa-for-sale-giza-sheikh-zayed-city-new-zayed-city-q-hills-7552699.html,209,209,EG,propertyfinder,"Villa for sale in Sheikh Zayed, installments"
"[""BA"", ""BW"", ""AC"", ""CP"", ""BK"", ""MR"", ""PG"", ""PP"", ""SP"", ""ST"", ""VW"", ""SE"", ""SY"", ""WC"", ""BL"", ""LB"", ""CO""]",17,"[""Balcony"", ""Built in Wardrobes"", ""Central A/C"", ""Covered Parking"", ""Kitchen Appliances"", ""Maids Room"", ""Private Garden"", ""Private Pool"", ""Shared Pool"", ""Study"", ""View of Water"", ""Security"", ""Shared Gym"", ""Walk-in Closet"", ""View of Landmark"", ""Lobby in Building"", ""Children's Pool""]",2,3,buy,EGP,"Villa Fully finished with kitchen and air conditioners in Azha North Coast

Prime Location:

In Ras El Hekma at kilo 214  Next to Fouka Bay and next to Hacienda West

Villa area: 185 m

Cash required: 3,400,000
The rest of the amount is in installments over 9 years without interest

Mobile or WhatsApp:[REDACTED_PHONE]


Al Madar Real Estate Development Company was interested in searching for a large and distinguished land, as 250 acres were allocated directly on the sea and a depth of one kilometer, and the area of ​​Azha North Coast Resort was distributed according to specific percentages, as only 13% was allocated for buildings and the rest of the area is divided into green spaces, commercial centers, entertainment and service places and Crystal Lagoon",/en/plp/buy/villa-for-sale-north-coast-ras-al-hekma-azha-north-7512783.html,True,7512783,"[""https://static.shared.propertyfinder.eg/media/images/listing/01JPQ2TWZQPGGQ889QC88PT8BP/88139d2e-a9ef-428a-8c90-3c4da21f4597-7667dd40-1ee8-49fa-b259-65ae556bb5f1/668x452.jpg""]",18,False,False,False,False,31.0932674407959,2025-07-03T11:07:19Z,01JPQ2TWZQPGGQ889QC88PT8BP,3,"Azha North, Ras Al Hekma, North Coast",41333,"North Coast, Ras Al Hekma",ras-al-hekma-azha-north,DISTRICT,27.92469596862793,3400000,18378.37837837838,Villa,property,2025-07-03T11:07:19Z,https://www.propertyfinder.eg/en/plp/buy/villa-for-sale-north-coast-ras-al-hekma-azha-north-7512783.html,185,185,EG,propertyfinder,"Villa finished in Azha kitchen and AC DP 3,400,000"
"[""MR"", ""ST"", ""AC"", ""BA"", ""PG"", ""PP"", ""SP"", ""SS"", ""SE"", ""CP"", ""BW"", ""WC"", ""BK"", ""VW"", ""BL"", ""SY""]",16,"[""Maids Room"", ""Study"", ""Central A/C"", ""Balcony"", ""Private Garden"", ""Private Pool"", ""Shared Pool"", ""Shared Spa"", ""Security"", ""Covered Parking"", ""Built in Wardrobes"", ""Walk-in Closet"", ""Kitchen Appliances"", ""View of Water"", ""View of Landmark"", ""Shared Gym""]",2,3,buy,EGP,"villa for sale in the Fifth Settlement in Dijar Compound from Ready Group, New Azzar Land

Prime Location:
In front of Hyde Park, next to Crescent walk  and next to
 La Vista

villa area: 172 m

Cash required: 1,900,000
The rest of the amount is in installments over 8 years without interest

Mobile or WhatsApp:[REDACTED_PHONE]




Reedy Group Real Estate Development Company is the owner of Azzar New Cairo project, and it is also a large company in the field of cosmetics. Recently, it decided to move its compass towards the field of real estate. Its first project was Azzar New Cairo. After its great success, it decided to implement Azzar 2 New Cairo, in cooperation with one of the largest real estate development companies in Egypt, which is Dora Company. It also has a great reputation and has been distinguished by its experience in the real estate market for more than 79 years and owns many residential, commercial and coastal projects.",/en/plp/buy/villa-for-sale-cairo-new-cairo-city-the-5th-settlement-5th-settlement-compounds-azzar-7923567.html,True,7923567,"[""https://static.shared.propertyfinder.eg/media/images/listing/01JPJ3DBETXJ0X746E3ZANZS44/68270bb6-1400-4cda-aa44-99a5214cf384-224f81c3-491a-4bfb-b375-c74c7728b16c/668x452.jpg""]",18,False,False,False,False,30.030364990234375,2025-03-04T12:32:38Z,01JPJ3DBETXJ0X746E3ZANZS44,5,"Azzar, 5th Settlement Compounds, The 5th Settlement, New Cairo City, Cairo",40710,"Cairo, New Cairo City, The 5th Settlement, 5th Settlement Compounds",new-cairo-city-the-5th-settlement-5th-settlement-compounds-azzar,STREET,31.52837562561035,1900000,11046.511627906977,Villa,property,2025-03-04T12:32:38Z,https://www.propertyfinder.eg/en/plp/buy/villa-for-sale-cairo-new-cairo-city-the-5th-settlement-5th-settlement-compounds-azzar-7923567.html,172,172,EG,propertyfinder,villa for sale over 8 years in New Azzar Land
"[""BA"", ""AC"", ""CP"", ""PG"", ""BK"", ""SE"", ""SY"", ""BL"", ""LB""]",9,"[""Balcony"", ""Central A/C"", ""Covered Parking"", ""Private Garden"", ""Kitchen Appliances"", ""Security"", ""Shared Gym"", ""View of Landmark"", ""Lobby in Building""]",2,3,buy,EGP,"Price Reduced

Mivida - Emaar
New Cairo

Standalone for Sale
Ground + 1

Land Area: 400 sqm 
Bua: 228 sqm modified to 235 sqm

3 Bedrooms + Maid's room + Study room + Powder room 
2 Bathrooms + Maid's bathrooms 

Fully finished (Owner finishing)


Asking Price: 810,000 USD


About New Avenue:

New Avenue is a real estate consultancy based in Egypt, aiming at providing comprehensive services for your real estate needs. If you are willing to make an investment or are interested in buying a residential or a commercial property, we are there for you to ensure transforming your plans into reality.

Given our individual experiences in the top real estate companies in Egypt & abroad, we have reached the conclusion that trust is primary factor we should be offering you when it comes to buying, renting or submitting your property for sale or rent.

New Avenue is aiming to provide our customer with almost all the needs that you would need Residential or Commercial. New Avenue offers offices and Retails that are available in almost every district in Egypt like New Cairo, Heliopolis, Nasr City, 6th of October.",/en/plp/buy/villa-for-sale-cairo-new-cairo-city-the-5th-settlement-5th-settlement-compounds-mivida-8343641.html,True,8343641,"[""https://static.shared.propertyfinder.eg/media/images/listing/01K1XY2A6GMHRQHWDWN49TJ6S6/f4ba90f2-e982-4612-aace-45c5785748a8/668x452.jpg""]",25,False,False,False,False,30.00575065612793,2025-08-05T20:25:33Z,01K1XY2A6GMHRQHWDWN49TJ6S6,5,"Mivida, 5th Settlement Compounds, The 5th Settlement, New Cairo City, Cairo",2751,"Cairo, New Cairo City, The 5th Settlement, 5th Settlement Compounds",new-cairo-city-the-5th-settlement-5th-settlement-compounds-mivida,COMPOUND,31.533998489379883,38500000,168859.64912280702,Villa,property,2025-08-05T20:25:33Z,https://www.propertyfinder.eg/en/plp/buy/villa-for-sale-cairo-new-cairo-city-the-5th-settlement-5th-settlement-compounds-mivida-8343641.html,228,228,EG,propertyfinder,Best Price Fully finished Standalone villa
"[""BA"", ""PG""]",2,"[""Balcony"", ""Private Garden""]",2,3,buy,EGP,"- Villa for Sale in Beausite - 1st Row Beach - North Coast
- Land area 727 sqm 
- Built up area 237 sqm 
- Garden area 450 sqm 
- Reception 4 piece 
- 3 Bedrooms 
- 2 Bathrooms 
- Excellent Finishing 
- Asking Sale Price (EGP): 15,000,000
- Code #15391 (i-property.me)
---------------------------------------------------------------------------------------------------------------------------------------------------------------------------------------------------------
i-Property for Real Estate Marketing and Investment was established in Alexandria, Egypt, in January of 2010. We help you Buy, Rent, and/or Sell any form of property that you may happen to own. This includes, but not limited to: Land, Villa, Apartment, Chalet, Office, Shop, or a Warehouse. We work in Alexandria, Cairo, and the North Coast. i-Property aims to establish itself as the real-estate broker of choice in Alexandria, Egypt. This will be accomplished through maintaining the highest level of customer service, professionalism, integrity, and technical know-how. 
-----------------------------------------------------------------------------------------",/en/plp/buy/villa-for-sale-north-coast-al-alamein-beau-site-7295952.html,True,7295952,"[""https://static.shared.propertyfinder.eg/media/images/listing/01JVM3VB0JB0MEVZYWT0209ASQ/58c01dfd-33d3-4ca9-9878-4aee35b70c8d/668x452.jpg""]",6,False,False,False,False,30.81382179260254,2025-05-19T11:24:57Z,01JVM3VB0JB0MEVZYWT0209ASQ,3,"Beau Site, Al Alamein, North Coast",37665,"North Coast, Al Alamein",al-alamein-beau-site,COMPOUND,29.109981536865234,15000000,63291.13924050633,Villa,property,2025-05-19T11:24:57Z,https://www.propertyfinder.eg/en/plp/buy/villa-for-sale-north-coast-al-alamein-beau-site-7295952.html,237,237,EG,propertyfinder,Villa for Sale in Beausite - 1st Row Beach
"[""BA"", ""CO"", ""LB"", ""BL"", ""WC"", ""SY"", ""SS"", ""SE"", ""VW"", ""ST"", ""SP"", ""PG""]",12,"[""Balcony"", ""Children's Pool"", ""Lobby in Building"", ""View of Landmark"", ""Walk-in Closet"", ""Shared Gym"", ""Shared Spa"", ""Security"", ""View of Water"", ""Study"", ""Shared Pool"", ""Private Garden""]",2,3,buy,EGP,"Own a Townhouse in Mountain View 4
One of the best locations in 6th of October
Installments over 7 years available

There are additional installments


Unit Details:
	•	Townhouse
	•	Area: 210 sqm
	•	Comes with a large garden
	•	3 bedrooms, 3 bathrooms

Location:
	•	Prime location in 6th of October
	•	Direct view of the Pyramids
	•	Accessible via Juhayna Square
	•	Close to Mall of Arabia
	•	Near Neom Compound

Amenities:
	•	Green spaces
	•	Artificial lakes
	•	Jogging and cycling tracks
	•	Kids’ entertainment area
	•	Barbecue and relaxation zone
	•	Swimming pools
	•	Sports club
	•	Shopping mall
	•	Restaurants and cafés
	•	Security and surveillance
	•	Electronic gates
	•	Private garages

Installments remaining
Flexible payment terms available",/en/plp/buy/villa-for-sale-giza-6-october-city-6-october-compounds-mountain-view-4-7556411.html,True,7556411,"[""https://static.shared.propertyfinder.eg/media/images/listing/01JZ5AGY0W1S9V6RQWH9ES2BDK/2c60d913-fd05-4033-8b54-92a405aaefbd/668x452.jpg""]",24,False,False,False,False,29.985715866088867,2025-07-12T11:45:23Z,01JZ5AGY0W1S9V6RQWH9ES2BDK,4,"Mountain View 4, 6 October Compounds, 6 October City, Giza",41631,"Giza, 6 October City, 6 October Compounds",6-october-city-6-october-compounds-mountain-view-4,SUBDISTRICT,31.07987403869629,8000000,35555.555555555555,Villa,property,2025-07-12T11:45:23Z,https://www.propertyfinder.eg/en/plp/buy/villa-for-sale-giza-6-october-city-6-october-compounds-mountain-view-4-7556411.html,225,225,EG,propertyfinder,"Villa for sale in 6th of October, installments"
"[""BA"", ""PG""]",2,"[""Balcony"", ""Private Garden""]",2,3,buy,EGP,"- Villa for Sale in Beausite - North Coast
- Built up area 190 sqm 
- Garden area 400 sqm 
- Reception 3 piece 
- 3 Bedrooms 
- 2 Bathrooms 
- Core & Shell
- Asking Sale Price (EGP): 9,000,000
- Code #15486 (i-property.me)
---------------------------------------------------------------------------------------------------------------------------------------------------------------------------------------------------------
i-Property for Real Estate Marketing and Investment was established in Alexandria, Egypt, in January of 2010. We help you Buy, Rent, and/or Sell any form of property that you may happen to own. This includes, but not limited to: Land, Villa, Apartment, Chalet, Office, Shop, or a Warehouse. We work in Alexandria, Cairo, and the North Coast. i-Property aims to establish itself as the real-estate broker of choice in Alexandria, Egypt. This will be accomplished through maintaining the highest level of customer service, professionalism, integrity, and technical know-how. 
-----------------------------------------------------------------------------------------",/en/plp/buy/villa-for-sale-north-coast-al-alamein-beau-site-7642854.html,True,7642854,"[""https://static.shared.propertyfinder.eg/media/images/listing/01K1606T2SZB445MJB16Q5T6DA/efcb9f74-c5e1-4f73-9cdd-c6bd6b59d741/668x452.jpg""]",10,False,False,False,False,30.81382179260254,2025-07-27T13:16:23Z,01K1606T2SZB445MJB16Q5T6DA,3,"Beau Site, Al Alamein, North Coast",37665,"North Coast, Al Alamein",al-alamein-beau-site,COMPOUND,29.109981536865234,9000000,47368.42105263158,Villa,property,2025-07-27T13:16:23Z,https://www.propertyfinder.eg/en/plp/buy/villa-for-sale-north-coast-al-alamein-beau-site-7642854.html,190,190,EG,propertyfinder,Villa for Sale in Beausite - North Coast
"[""BA"", ""VW""]",2,"[""Balcony"", ""View of Water""]",2,3,buy,EGP,"Twin house villa for sale 200 m Maamoura Beach (directly on the sea) - Agent / Ali Sabry[REDACTED_PHONE]
• 3 rooms 4 reception 2 bathrooms.
• Including a master room.
• View of the sea.
• Code: 023269
• WhatsApp: https://wa.me/[REDACTED_PHONE]
-------------------------------------------------
RE/MAX is a global real estate marketing company specialized in luxurious real estates,
 RE/MAX has a presence in more than 100 country with more than 7,000 branch and 100,000 real estate agent,
 RE/MAX Avalon is the representative of RE/MAX at Alexandria Governorate, 
we have the honor to serve you with our professional real estate evaluation and marketing",/en/plp/buy/villa-for-sale-alexandria-hay-than-el-montazah-al-maamoura-corniche-al-maamoura-5779460.html,True,5779460,"[""https://static.shared.propertyfinder.eg/media/images/listing/01JXT21GYEK9DB16VCD1PK5BWF/7ad051af-49ba-47e0-a581-dd5037dff8be/668x452.jpg""]",18,False,False,False,False,31.28961753845215,2024-10-24T11:00:08Z,01JXT21GYEK9DB16VCD1PK5BWF,4,"Corniche Al Maamoura, Al Maamoura, Hay Than El Montazah, Alexandria",30854,"Alexandria, Hay Than El Montazah, Al Maamoura",hay-than-el-montazah-al-maamoura-corniche-al-maamoura,STREET,30.024791717529297,12500000,62500.0,Villa,property,2024-10-24T11:00:08Z,https://www.propertyfinder.eg/en/plp/buy/villa-for-sale-alexandria-hay-than-el-montazah-al-maamoura-corniche-al-maamoura-5779460.html,200,200,EG,propertyfinder,Twin house villa for sale 200 m Maamoura Beach
"[""BA"", ""CO"", ""LB"", ""BL"", ""WC"", ""SS"", ""SY"", ""SE"", ""VW"", ""ST"", ""SP""]",11,"[""Balcony"", ""Children's Pool"", ""Lobby in Building"", ""View of Landmark"", ""Walk-in Closet"", ""Shared Spa"", ""Shared Gym"", ""Security"", ""View of Water"", ""Study"", ""Shared Pool""]",2,3,buy,EGP,"– Immediate Delivery with Flexible PayاVilla for Sale in Kilopatra Square ment Plans

There are additional installments

Own a villa in Kilopatra Square, one of the best locations in 6th of October, with immediate delivery and only 25% down payment!

Villa Details:
	•	Land Area: 641 sqm
	•	Built-up Area: 391 sqm
	•	Garden Area: 391 sqm
	•	5 Bedrooms, 4 Bathrooms

Prime Location:
	•	Strategic location in 6th of October
	•	Directly on Al Mehwar Road
	•	In front of Galleria 40
	•	Near Nile University

Compound Amenities & Facilities:
	•	Vast green spaces
	•	Water features
	•	Jogging and cycling tracks
	•	Kids’ entertainment areas
	•	Relaxation and BBQ zones
	•	Shopping mall for all your needs
	•	24/7 CCTV surveillance
	•	Security and electronic gates",/en/plp/buy/villa-for-sale-giza-6-october-city-26th-of-july-corridor-cleopatra-square-7717867.html,True,7717867,"[""https://static.shared.propertyfinder.eg/media/images/listing/01K2A53CEMQS085VVTFWGBGCVY/77cfc654-158f-49df-9b95-e5ccd3d98e0d/668x452.jpg""]",15,False,False,True,False,30.012149810791016,2025-08-10T14:20:57Z,01K2A53CEMQS085VVTFWGBGCVY,4,"Cleopatra Square, 26th of July Corridor, 6 October City, Giza",20979,"Giza, 6 October City, 26th of July Corridor",6-october-city-26th-of-july-corridor-cleopatra-square,COMPOUND,31.00187110900879,10000000,25316.45569620253,Villa,property,2025-08-10T14:20:57Z,https://www.propertyfinder.eg/en/plp/buy/villa-for-sale-giza-6-october-city-26th-of-july-corridor-cleopatra-square-7717867.html,395,395,EG,propertyfinder,"Apartment for sale in Sheikh Zayed, installments"
"[""BA"", ""PG"", ""VW"", ""SE"", ""WC"", ""BL""]",6,"[""Balcony"", ""Private Garden"", ""View of Water"", ""Security"", ""Walk-in Closet"", ""View of Landmark""]",2,3,buy,EGP,"Fouka Bay 
North Coast 

Delivered 
Standalone Chalet Upper
Fully finished

BUA:112m
Roof: 80m

3 Bedrooms
2 Bathrooms 

Direct on lagoon

Total Price: 10,500,000  Cash












About New Avenue:
                     
New Avenue is a real estate consultancy based in Egypt, aiming at providing comprehensive services for your real estate needs. If you are willing to make an investment or are interested in buying a residential or a commercial property, we are there for you to ensure transforming your plans into reality.
                           
Given our individual experiences in the top real estate companies in Egypt & abroad, we have reached the conclusion that trust is primary factor we should be offering you when it comes to buying, renting or submitting your property for sale or rent.

New Avenue is aiming to provide our customer with almost all the needs that you would need Residential or Commercial. New Avenue offers offices and Retails that are available in almost every district in Egypt like New Cairo, Heliopolis, Nasr City, 6th of October.",/en/plp/buy/villa-for-sale-north-coast-qesm-marsa-matrouh-fouka-bay-8236790.html,True,8236790,"[""https://static.shared.propertyfinder.eg/media/images/listing/01K036NK1YDFF5P9YYA3ZWYK2V/fcbb8b17-1b0b-40e9-8320-a1453f9f042e-watermarked/668x452.jpg""]",10,False,False,False,False,31.090606689453125,2025-07-14T16:13:47Z,01K036NK1YDFF5P9YYA3ZWYK2V,3,"Fouka Bay, Qesm Marsa Matrouh, North Coast",37758,"North Coast, Qesm Marsa Matrouh",qesm-marsa-matrouh-fouka-bay,COMPOUND,27.94072723388672,10500000,93750.0,Villa,property,2025-07-14T16:13:47Z,https://www.propertyfinder.eg/en/plp/buy/villa-for-sale-north-coast-qesm-marsa-matrouh-fouka-bay-8236790.html,112,112,EG,propertyfinder,Standalone Chalet Lagoon View Fully Finished
"[""BA"", ""CO"", ""LB"", ""BL"", ""WC"", ""SY"", ""SS"", ""SE"", ""VW"", ""ST"", ""SP"", ""PG""]",12,"[""Balcony"", ""Children's Pool"", ""Lobby in Building"", ""View of Landmark"", ""Walk-in Closet"", ""Shared Gym"", ""Shared Spa"", ""Security"", ""View of Water"", ""Study"", ""Shared Pool"", ""Private Garden""]",2,3,buy,EGP,"Villa for Sale in Kilopatra Square – Immediate Delivery with Flexible Payment Plans

Own a villa in Kilopatra Square, one of the best locations in 6th of October, with i

Villa Details:
	•	Land Area: 641 sqm
	•	Built-up Area: 391 sqm
	•	Garden Area: 391 sqm
	•	5 Bedrooms, 4 Bathrooms

Prime Location:
	•	Strategic location in 6th of October
	•	Directly on Al Mehwar Road
	•	In front of Galleria 40
	•	Near Nile University

Compound Amenities & Facilities:
	•	Vast green spaces
	•	Water features
	•	Jogging and cycling tracks
	•	Kids’ entertainment areas
	•	Relaxation and BBQ zones
	•	Shopping mall for all your needs
	•	24/7 CCTV surveillance
	•	Security and electronic gates

For more details, contact us now!",/en/plp/buy/villa-for-sale-giza-6-october-city-26th-of-july-corridor-cleopatra-square-7521083.html,True,7521083,"[""https://static.shared.propertyfinder.eg/media/images/listing/01JZFE4E8EY50FZTR3NZ7Y0PJQ/bfa35b96-d908-4214-8f40-be99c26f0d13/668x452.jpg""]",15,False,False,True,False,30.012149810791016,2025-07-06T08:55:15Z,01JZFE4E8EY50FZTR3NZ7Y0PJQ,4,"Cleopatra Square, 26th of July Corridor, 6 October City, Giza",20979,"Giza, 6 October City, 26th of July Corridor",6-october-city-26th-of-july-corridor-cleopatra-square,COMPOUND,31.00187110900879,10000000,25380.710659898476,Villa,property,2025-07-06T08:55:15Z,https://www.propertyfinder.eg/en/plp/buy/villa-for-sale-giza-6-october-city-26th-of-july-corridor-cleopatra-square-7521083.html,394,394,EG,propertyfinder,"Villa for sale, immediate delivery in 6th of Octo"
"[""BA"", ""BW"", ""AC"", ""CP"", ""BK"", ""MR"", ""PG"", ""PP"", ""SP"", ""ST"", ""VW"", ""SE"", ""SS"", ""SY"", ""WC"", ""BL"", ""LB"", ""CO""]",18,"[""Balcony"", ""Built in Wardrobes"", ""Central A/C"", ""Covered Parking"", ""Kitchen Appliances"", ""Maids Room"", ""Private Garden"", ""Private Pool"", ""Shared Pool"", ""Study"", ""View of Water"", ""Security"", ""Shared Spa"", ""Shared Gym"", ""Walk-in Closet"", ""View of Landmark"", ""Lobby in Building"", ""Children's Pool""]",2,3,buy,EGP,"Villa Finished in D-Bay in the North Coast by Tatweer Misr

((Prime location))
On the North Coast, next to La Vista North Coast and 7 minutes from El Alamein Airport

Area: 165 m
Ground , Frist and roof

Cash required: 3,400,000
The rest of the amount is paid in installments over 8 years without interest

Mobile or WhatsApp:[REDACTED_PHONE]

D-bay North Coast Village was presented by the real estate company Tatweer Misr. Tatweer Misr hired a group of world-famous architects Gianluca Belavu and Partners. The project extends over an area of ​​210 square meters and includes 12 islands and 7 kilometers of picturesque beaches and crystal lagoons.",/en/plp/buy/villa-for-sale-north-coast-qesm-ad-dabaah-d-bay-7859350.html,True,7859350,"[""https://static.shared.propertyfinder.eg/media/images/listing/01JPQ2TVZTJ03DW852EVTAG2KW/067130c0-2e10-4c78-9fe8-b8b45dffdeba-dc92dd9b-7479-4a5b-ae6d-36c4bf45faf8/668x452.jpg""]",11,False,False,False,False,31.080320358276367,2025-06-01T12:45:01Z,01JPQ2TVZTJ03DW852EVTAG2KW,3,"D-Bay, Qesm Ad Dabaah, North Coast",41792,"North Coast, Qesm Ad Dabaah",qesm-ad-dabaah-d-bay,DISTRICT,28.393543243408203,3400000,20606.060606060608,Villa,property,2025-06-01T12:45:01Z,https://www.propertyfinder.eg/en/plp/buy/villa-for-sale-north-coast-qesm-ad-dabaah-d-bay-7859350.html,165,165,EG,propertyfinder,"in D-Bay Villa Finished With DP 3,400,000"
"[""BA"", ""CP"", ""PG"", ""SE"", ""SY""]",5,"[""Balcony"", ""Covered Parking"", ""Private Garden"", ""Security"", ""Shared Gym""]",2,3,buy,EGP,"A once-in-a-lifetime opportunity at an incredibly low price for a limited time!!

A villa with a large garden, ready for immediate occupancy, and featuring a distinctive layout, is available for sale in Sarai Compound, one of New Cairo's most prestigious compounds. Enjoy a lagoon and landscaped views. Only a 10% down payment and flexible, interest-free installments are required.

(35% discount for cash payment)

Unit Type: Villa with a modern classic design
Area: 150 sq m + 106 sq m garden
Down Payment: Only EGP 1,462,000, with the remaining balance payable in installments over 8 years
Total Price: Only EGP 14,628,000

Sarai Compound boasts a prime location:

Sarai Compound is situated in a walled enclosure with Madinaty

Near the Amal Axis and Madinaty

Minutes from Nasr City and Fifth Settlement

One minute from the Suez Road

All integrated facilities and services are available

For inquiries and immediate viewing:[REDACTED_PHONE]",/en/plp/buy/villa-for-sale-cairo-mostakbal-city---future-city-mostakbal-city-compounds-sarai-8424264.html,True,8424264,"[""https://static.shared.propertyfinder.eg/media/images/listing/FM0AXYGAHDC3DNHMNNTDMHCXN8/820c63aa-057a-4aa8-a032-0cd0aca98123/668x452.jpg""]",11,False,False,False,False,30.09417724609375,2025-12-16T12:09:13Z,FM0AXYGAHDC3DNHMNNTDMHCXN8,4,"Sarai, Mostakbal City Compounds, Mostakbal City - Future City, Cairo",20207,"Cairo, Mostakbal City - Future City, Mostakbal City Compounds",mostakbal-city---future-city-mostakbal-city-compounds-sarai,SUBDISTRICT,31.70400047302246,14628501,97523.34,Villa,property,2025-12-16T12:09:13Z,https://www.propertyfinder.eg/en/plp/buy/villa-for-sale-cairo-mostakbal-city---future-city-mostakbal-city-compounds-sarai-8424264.html,150,150,EG,propertyfinder,"Ready to move Villa in sarai, New Cairo"
"[""BA"", ""CP"", ""PG"", ""SE"", ""SY""]",5,"[""Balcony"", ""Covered Parking"", ""Private Garden"", ""Security"", ""Shared Gym""]",2,3,buy,EGP,"Villa with a distinctive layout, available in installments!

Villa Z with a private garden for sale in Sarai, one of New Cairo's most prestigious compounds!

Unit Type: Villa Z with a distinctive layout
Area: 165 sq m + 56 sq m garden
Ground Floor:

Reception
Bathroom
Kitchen

First Floor:
3 bedrooms (including a master bedroom)
2 bathrooms
2 terraces
Down Payment Required:
5,930,000 EGP, with the remainder payable in installments
Total Price: 6,540,000 EGP only
For inquiries and immediate viewing:[REDACTED_PHONE]

Bright Real Estate is one of the leading real estate marketing companies in the Egyptian market, with years of experience in both primary and resale properties. Over the years, the company has built a strong reputation based on credibility, professionalism, and providing real estate solutions that meet clients' needs, whether for residential or investment purposes.

 The Bright team comprises real estate specialists with extensive experience and in-depth knowledge of the market and various projects, enabling them to provide the best real estate advice to ensure maximum benefit for clients.

Our goal is to help every client make the optimal decision by providing comprehensive support before, during, and after the buying or selling process.",/en/plp/buy/villa-for-sale-cairo-mostakbal-city---future-city-mostakbal-city-compounds-sarai-8383951.html,True,8383951,"[""https://static.shared.propertyfinder.eg/media/images/listing/01KBZ8T9YZXC3G8DXVEFPD87HH/e736f3ad-2d26-4986-adae-1ad40ca497ce/668x452.jpg""]",12,False,False,False,False,30.09417724609375,2025-12-08T15:25:38Z,01KBZ8T9YZXC3G8DXVEFPD87HH,4,"Sarai, Mostakbal City Compounds, Mostakbal City - Future City, Cairo",20207,"Cairo, Mostakbal City - Future City, Mostakbal City Compounds",mostakbal-city---future-city-mostakbal-city-compounds-sarai,SUBDISTRICT,31.70400047302246,6540000,39636.36363636364,Villa,property,2025-12-08T15:25:38Z,https://www.propertyfinder.eg/en/plp/buy/villa-for-sale-cairo-mostakbal-city---future-city-mostakbal-city-compounds-sarai-8383951.html,165,165,EG,propertyfinder,Lowest price villa with garden for sale in Sarai
"[""BA"", ""CO"", ""LB"", ""BL"", ""WC"", ""SY"", ""SS"", ""SE"", ""VW"", ""ST"", ""SP""]",11,"[""Balcony"", ""Children's Pool"", ""Lobby in Building"", ""View of Landmark"", ""Walk-in Closet"", ""Shared Gym"", ""Shared Spa"", ""Security"", ""View of Water"", ""Study"", ""Shared Pool""]",2,3,buy,EGP,"Unit Details

Unit Type: Standalone Villa

Total Area: 350 sqm

Layout:

4 Bedrooms (including a master bedroom with private bathroom & dressing room)

5 Bathrooms

Spacious open reception area",/en/plp/buy/villa-for-sale-giza-6-october-city-green-belt-porto-october-8709377.html,True,8709377,"[""https://static.shared.propertyfinder.eg/media/images/listing/VFDQDRZAE1JHQZ9F5G6997Y0TC/9f4edc60-1dc0-4901-9fc0-1bc708cc822c/668x452.jpg""]",12,False,False,False,False,29.99088478088379,2026-02-13T18:24:07Z,VFDQDRZAE1JHQZ9F5G6997Y0TC,4,"Porto October, Green Belt, 6 October City, Giza",21141,"Giza, 6 October City, Green Belt",6-october-city-green-belt-porto-october,COMPOUND,30.897621154785156,5500000,275000.0,Villa,property,2026-02-13T18:24:07Z,https://www.propertyfinder.eg/en/plp/buy/villa-for-sale-giza-6-october-city-green-belt-porto-october-8709377.html,20,20,EG,propertyfinder,Villa for sale in the heart of Sheikh Zayed City
"[""BA"", ""BW"", ""CP"", ""ST"", ""SE"", ""SS"", ""SY"", ""WC"", ""BL"", ""LB""]",10,"[""Balcony"", ""Built in Wardrobes"", ""Covered Parking"", ""Study"", ""Security"", ""Shared Spa"", ""Shared Gym"", ""Walk-in Closet"", ""View of Landmark"", ""Lobby in Building""]",2,3,buy,EGP,"cls14-sara wagdy

Stella Sea View
Number of Rooms: 3
Number of Bathrooms: 2
Villa Area: 110m
Terrace Area: 36m
-
Required Price: 4,500,000
-------------------
Stella Sea View Features:
-------
Proximity to Cairo: The village is located approximately 120 km from Cairo, at kilometer 45 on the Suez-Hurghada Road, making it easily accessible for short vacations.
Panoramic Views: The village is designed with a terraced system, ensuring direct views of the Red Sea for most units, in addition to artificial lakes and green spaces.
Private Beach: The village boasts a spacious private beach, providing its visitors with a comfortable and private beach experience.
Integrated Services and Facilities
Swimming Pools: The village includes several swimming pools of various designs and sizes, including areas designated for children.
Entertainment: The resort features a world-class aqua park, a health club (spa), various sports fields, and walking, jogging, and cycling paths.
Commercial Center: The resort includes an integrated commercial area that caters to visitors' needs, including restaurants and cafes.
Safety: The resort features 24-hour security and guarding systems to ensure the safety and privacy of residents.
Accessibility for People with Disabilities: The village is designed to accommodate people with special needs, avoiding stairs and providing comfortable paths.
Diversity of Residential Units
The village offers various types of residential units, such as chalets and villas, with sizes starting from 50 square meters, to suit various needs and budgets.
-
For more information, call:[REDACTED_PHONE]",/en/plp/buy/villa-for-sale-suez-al-ain-al-sokhna-stella-di-mare-8143390.html,True,8143390,"[""https://static.shared.propertyfinder.eg/media/images/listing/01K89V1MJPAM95ZYTK18ASRYAS/e7fe4fe2-d0f1-46c1-b3e4-42f3054a58be/668x452.jpg""]",24,False,False,False,False,29.634117126464844,2025-10-24T00:51:37Z,01K89V1MJPAM95ZYTK18ASRYAS,3,"Stella Di Mare, Al Ain Al Sokhna, Suez",40349,"Suez, Al Ain Al Sokhna",al-ain-al-sokhna-stella-di-mare,DISTRICT,32.329158782958984,4500000,40909.09090909091,Villa,property,2025-10-24T00:51:37Z,https://www.propertyfinder.eg/en/plp/buy/villa-for-sale-suez-al-ain-al-sokhna-stella-di-mare-8143390.html,110,110,EG,propertyfinder,Fully finished Stella Sea View villa 110m for sale
"[""BA"", ""VW""]",2,"[""Balcony"", ""View of Water""]",2,3,buy,EGP,"Villa airblock  
built 420 Land 690
semi finished -  with Cabana U4-04 
prime location

Your Real Estate Consultant based in Al Korba RE/MAX Style is your trusted realtor in Egypt
Whether you are renting, buying or selling a property, we are very happy to provide you with a complete Real Estate Service. We are part of the largest Real Estate Network in Egypt and the World; we provide our customers’ access to 600+ Agents around Egypt as well as 120,000+ Agents and 8000+ offices in more than 115 countries around the Globe.
Our professional consultants are multilingual, professionally trained and certified Realtors with the highest level of business ethics.",/en/plp/buy/villa-for-sale-north-coast-ras-al-hekma-seashell-7872512.html,True,7872512,"[""https://static.shared.propertyfinder.eg/media/images/listing/01K4789TTZYPDGG7YAR4XZBNNJ/7f3ff5cb-f76f-46d9-8bcb-dc64ae4338f9-watermarked/668x452.jpg""]",19,False,True,True,False,31.06645393371582,2025-09-07T10:00:06Z,01K4789TTZYPDGG7YAR4XZBNNJ,3,"Seashell, Ras Al Hekma, North Coast",41953,"North Coast, Ras Al Hekma",ras-al-hekma-seashell,DISTRICT,28.07501983642578,52000000,123809.52380952382,Villa,property,2025-09-07T10:00:06Z,https://www.propertyfinder.eg/en/plp/buy/villa-for-sale-north-coast-ras-al-hekma-seashell-7872512.html,420,420,EG,propertyfinder,Villa 420 sqm for sale in Seashell North Coast
"[""BA"", ""CP"", ""PG"", ""SP"", ""SE"", ""WC"", ""BL""]",7,"[""Balcony"", ""Covered Parking"", ""Private Garden"", ""Shared Pool"", ""Security"", ""Walk-in Closet"", ""View of Landmark""]",2,3,buy,EGP,"Next to Sodic East Compound
In New Heliopolis

Villa, 166 sq m
(3 bedrooms + 2 bathrooms + reception + terrace + kitchen)
Super Lux finishing

Down payment of 842,000 EGP and installments over 15 years
Cash discount up to 64%
For details:[REDACTED_PHONE] & WhatsApp",/en/plp/buy/villa-for-sale-cairo-new-heliopolis-new-heliopolis-compounds-talala-2PFvPETgMfw.html,True,51000380,"[""https://static.shared.propertyfinder.eg/media/images/listing/0NRN31D6VW4HEKC9AJS148N46C/bf23dc27-301e-46b8-82c3-7539cc04ec1a/668x452.jpg""]",10,False,False,False,False,30.153987884521484,2026-02-08T14:20:54Z,0NRN31D6VW4HEKC9AJS148N46C,4,"Talala, New Heliopolis Compounds, New Heliopolis, Cairo",42165,"Cairo, New Heliopolis, New Heliopolis Compounds",new-heliopolis-new-heliopolis-compounds-talala,SUBDISTRICT,31.6824893951416,16851000,101512.04819277108,Villa,property,2026-02-08T14:20:54Z,https://www.propertyfinder.eg/en/plp/buy/villa-for-sale-cairo-new-heliopolis-new-heliopolis-compounds-talala-2PFvPETgMfw.html,166,166,EG,propertyfinder,"Villa for sale, fully finished, with a dp 842k"
"[""BA"", ""PG"", ""VW"", ""SE"", ""CO""]",5,"[""Balcony"", ""Private Garden"", ""View of Water"", ""Security"", ""Children's Pool""]",2,3,buy,EGP,"Seaview Villa for Sale – Miami Islands Village
- 16 km from Marsa Matrouh – Next to Almaza Bay Village

- Area: 450 m²
- 120 m² for buildings, 330 m² for gardens
- 3 bedrooms (including a master bedroom)
- 2 bathrooms - Large living room - Terrace overlooking the garden
- Front garden with a private children's pool + a small back garden
- Super deluxe finishing - Fully air-conditioned
- All rooms and reception have an open view

- Price: 15,200,000 EGP (unfurnished)",/en/plp/buy/villa-for-sale-north-coast-qesm-marsa-matrouh-8178183.html,True,8178183,"[""https://static.shared.propertyfinder.eg/media/images/listing/01K1P43FJMM0M57GFQ54BEBGJK/97c9564c-4528-42c4-9719-7f0bba10d487-watermarked/668x452.jpg""]",27,False,False,False,False,30.939739227294922,2025-08-10T09:32:32Z,01K1P43FJMM0M57GFQ54BEBGJK,2,"Qesm Marsa Matrouh, North Coast",37756,North Coast,qesm-marsa-matrouh,TOWN,29.160741806030273,15200000,126666.66666666667,Villa,property,2025-08-10T09:32:32Z,https://www.propertyfinder.eg/en/plp/buy/villa-for-sale-north-coast-qesm-marsa-matrouh-8178183.html,120,120,EG,propertyfinder,Seaview Villa for Sale – Miami Islands Village
"[""BA"", ""CP"", ""LB""]",3,"[""Balcony"", ""Covered Parking"", ""Lobby in Building""]",2,3,buy,EGP,"Apartment for Sale – 10th District, Sheikh Zayed

Area: 250 sqm

Roof: 50 sqm

3 bedrooms (including 1 master bedroom)

2 bathrooms

Spacious reception area

Apartment is legally registered",/en/plp/buy/villa-for-sale-giza-sheikh-zayed-city-10th-district-street-100-al-fairouz-st-8656311.html,True,8656311,"[""https://static.shared.propertyfinder.eg/media/images/listing/MYBS42P11GG60RSFZ5R46WG1DG/5e2c27ee-f167-4182-be8c-cf0dd953c449/668x452.jpg""]",11,False,False,False,False,30.041643142700195,2026-02-05T10:03:07Z,MYBS42P11GG60RSFZ5R46WG1DG,4,"Street 100   Al Fairouz St., 10th District, Sheikh Zayed City, Giza",28793,"Giza, Sheikh Zayed City, 10th District",sheikh-zayed-city-10th-district-street-100-al-fairouz-st,STREET,30.970521926879883,4800000,19200.0,Villa,property,2026-02-05T10:03:07Z,https://www.propertyfinder.eg/en/plp/buy/villa-for-sale-giza-sheikh-zayed-city-10th-district-street-100-al-fairouz-st-8656311.html,250,250,EG,propertyfinder,"Apartment for Sale – 10th District, Sheikh Zayed"
"[""BA"", ""CP"", ""PG"", ""SE"", ""SP"", ""BL"", ""LB""]",7,"[""Balcony"", ""Covered Parking"", ""Private Garden"", ""Security"", ""Shared Pool"", ""View of Landmark"", ""Lobby in Building""]",2,3,buy,EGP,"For sale in Sarai Compound, New Cairo
Directly on the Suez Road and next to Madinaty

175 sqm villa
250 sqm land
+ 179 sqm private garden

Down payment of 1.75 million and installments over 12 years

50% discount

For details:[REDACTED_PHONE] & WhatsApp",/en/plp/buy/villa-for-sale-cairo-mostakbal-city---future-city-mostakbal-city-compounds-sarai-8019918.html,True,8019918,"[""https://static.shared.propertyfinder.eg/media/images/listing/01K6G6R45G059323GYW4J1AT4J/eaa25b0b-c6ee-4ba2-926e-358c25667849/668x452.jpg""]",8,False,False,False,False,30.09476089477539,2025-10-02T15:17:23Z,01K6G6R45G059323GYW4J1AT4J,4,"Croons Sarai, Mostakbal City Compounds, Mostakbal City - Future City, Cairo",42257,"Cairo, Mostakbal City - Future City, Mostakbal City Compounds",mostakbal-city---future-city-mostakbal-city-compounds-croons-sarai,SUBDISTRICT,31.70647621154785,17500000,100000.0,Villa,property,2025-10-02T15:17:23Z,https://www.propertyfinder.eg/en/plp/buy/villa-for-sale-cairo-mostakbal-city---future-city-mostakbal-city-compounds-sarai-8019918.html,175,175,EG,propertyfinder,"Villa for sale in Sarai Compound, New Cairo"
"[""PG""]",1,"[""Private Garden""]",2,3,buy,EGP,"For Sale Villa 130 sqm, Stella di Mare El Sokhna 
130 sqm villa 
300 sqm garden area
Stella di Mare El Sokhna 
3 bedrooms 
2 bathrooms  + guests 
Stella compound on a private beach, 3 hotels with dining facilities, spa, 
Supermarkets facility and pharmacy within the compound 

Your Real Estate Consultant based in Al Korba RE/MAX Style is your trusted realtor in Egypt
Whether you are renting, buying or selling a property, we are very happy to provide you with a complete Real Estate Service. We are part of the largest Real Estate Network in Egypt and the World; we provide our customers’ access to 600+ Agents around Egypt as well as 120,000+ Agents and 8000+ offices in more than 115 countries around the Globe.
Our professional consultants are multilingual, professionally trained and certified Realtors with the highest level of business ethics.",/en/plp/buy/villa-for-sale-suez-al-ain-al-sokhna-stella-di-mare-stella-di-mare-sea-view-6102685.html,True,6102685,"[""https://static.shared.propertyfinder.eg/media/images/listing/01JPCGWZSY1V4CD2XZY4VDFXVS/3f0a9ece-3a15-4fc4-8d73-67fb2c09f087-watermarked/668x452.jpg""]",1,False,False,False,False,29.322696685791016,2024-10-07T11:56:46Z,01JPCGWZSY1V4CD2XZY4VDFXVS,4,"Stella Di Mare Sea View, Stella Di Mare, Al Ain Al Sokhna, Suez",40352,"Suez, Al Ain Al Sokhna, Stella Di Mare",al-ain-al-sokhna-stella-di-mare-stella-di-mare-sea-view,COMPOUND,32.596641540527344,9000000,69230.76923076923,Villa,property,2024-10-07T11:56:46Z,https://www.propertyfinder.eg/en/plp/buy/villa-for-sale-suez-al-ain-al-sokhna-stella-di-mare-stella-di-mare-sea-view-6102685.html,130,130,EG,propertyfinder,"For Sale Villa 130 sqm, Stella di Mare El Sokhna"
"[""BA"", ""CP"", ""MR"", ""PG"", ""SP"", ""VW"", ""SE"", ""SY"", ""WC"", ""BL"", ""LB"", ""CO""]",12,"[""Balcony"", ""Covered Parking"", ""Maids Room"", ""Private Garden"", ""Shared Pool"", ""View of Water"", ""Security"", ""Shared Gym"", ""Walk-in Closet"", ""View of Landmark"", ""Lobby in Building"", ""Children's Pool""]",2,3,buy,EGP,"Your Opportunity to Own a Spacious Standalone Villa in Neom October Compound

A rare chance to own a standalone villa with a generous layout in Neom October Compound, located in a highly strategic area just steps away from Mall of Arabia, Nile University, and October 6 University.

The compound is fully serviced, already inhabited, and offers a premium, secure residential environment.

Villa Details:

Built-up area: 200 sqm

Large private garden: 330 sqm

Unique layout with spacious interiors

Price & Payment Plan:

Down payment: EGP 1,800,000

Remaining balance over 7 years with equal installments

Interest-free

Immediate delivery

Compound Features:

Prime location in the heart of October City

Fully operational and inhabited

24/7 security and private gated entrances

Close to major malls and top universities

An excellent opportunity for upscale living or investment in one of the most prestigious locations in October City.

For inquiries or to schedule a viewing:[REDACTED_PHONE] (Available via call or WhatsApp 24/7)",/en/plp/buy/villa-for-sale-giza-6-october-city-northern-expansions-nyoum-october-7470227.html,True,7470227,"[""https://static.shared.propertyfinder.eg/media/images/listing/01JW1559MPJ0HEEZRFM69JP72C/384df748-f5f7-4e08-92cf-bce5430b3997/668x452.jpg""]",10,False,False,False,False,29.98247528076172,2025-05-24T12:51:58Z,01JW1559MPJ0HEEZRFM69JP72C,4,"Nyoum October, Northern Expansions, 6 October City, Giza",41432,"Giza, 6 October City, Northern Expansions",6-october-city-northern-expansions-nyoum-october,SUBDISTRICT,30.881187438964844,1800000,5454.545454545455,Villa,property,2025-05-24T12:51:58Z,https://www.propertyfinder.eg/en/plp/buy/villa-for-sale-giza-6-october-city-northern-expansions-nyoum-october-7470227.html,330,330,EG,propertyfinder,"Standalone Villa by Zayed Gate,7-Yrs Installments"
"[""MR"", ""AC"", ""BA"", ""PG"", ""SP"", ""SS"", ""SE"", ""CP"", ""WC"", ""BK"", ""SY""]",11,"[""Maids Room"", ""Central A/C"", ""Balcony"", ""Private Garden"", ""Shared Pool"", ""Shared Spa"", ""Security"", ""Covered Parking"", ""Walk-in Closet"", ""Kitchen Appliances"", ""Shared Gym""]",2,3,buy,EGP,"For Sale – Standalone Villa in Bella Vista Resort, Ain Sokhna

Prime Location within the prestigious Bella Vista compound — offering privacy, tranquility, and a refined coastal atmosphere.

⸻

Villa Details:
• Land Area: 230 m²
• Built-up Area: Approximately 220 m²
• Layout: Ground Floor + First Floor + Roof

⸻

Layout Description:

 Ground Floor:
– Fully equipped kitchen
– Dining area
– Spacious reception / living area
– Guest bathroom
– Nanny’s room

 First Floor:
– 3 Bedrooms (including a Master Bedroom with a private bathroom)
– Shared bathroom
– 2 Living areas / family rooms

Roof:
– Additional room
– Bathroom

⸻

 Fully furnished and air-conditioned (including 5 A/C units) – ready for immediate move-in.

⸻

 Ideal for family vacations or as a high-return rental investment in one of Ain Sokhna’s most established resorts.

 For serious inquiries and viewings, please contact us today.",/en/plp/buy/villa-for-sale-suez-al-ain-al-sokhna-al-sokhna-hills-6130299.html,True,6130299,"[""https://static.shared.propertyfinder.eg/media/images/listing/01JN5XC3HND01HQ5SNEDM0ABTC/e9c6f8e5-1b6c-4bf4-814c-3206d348bb26-watermarked/668x452.jpg""]",12,False,False,False,False,29.524560928344727,2024-10-11T04:18:52Z,01JN5XC3HND01HQ5SNEDM0ABTC,3,"Al Sokhna Hills, Al Ain Al Sokhna, Suez",40429,"Suez, Al Ain Al Sokhna",al-ain-al-sokhna-al-sokhna-hills,COMPOUND,32.37747573852539,11000000,50000.0,Villa,property,2024-10-11T04:18:52Z,https://www.propertyfinder.eg/en/plp/buy/villa-for-sale-suez-al-ain-al-sokhna-al-sokhna-hills-6130299.html,220,220,EG,propertyfinder,Stand alone for sale in Bela Vista El Sokna
"[""BA"", ""CP"", ""BK"", ""SP"", ""VW"", ""SY""]",6,"[""Balcony"", ""Covered Parking"", ""Kitchen Appliances"", ""Shared Pool"", ""View of Water"", ""Shared Gym""]",2,3,buy,EGP,"Marassi - altea ** direct from owner **

Duet villa - Roof
147m

3 bedrooms
2 bathrooms
Kitchen ready

Prime location
Sea / pool view
Facing north

Delivered - ready to move

Dp 20,485,109
Remaining 3,514,891 till 2029
Over 4 years
Total 24,000,000










Altea is designed on varying elevations, its scenic range of lavish swimming pools, and lush, sprawling greenery, all while the horizon stretches before you from the comfort of your fully finished modern home.",/en/plp/buy/villa-for-sale-north-coast-sidi-abdel-rahman-marassi-7795217.html,True,7795217,"[""https://static.shared.propertyfinder.eg/media/images/listing/01K390S0CHB2H7434P4X81MN41/5c3f8ea0-dc6c-42ad-b935-2b4320d9828a/668x452.jpg""]",6,False,False,False,False,30.96415901184082,2025-08-22T14:06:35Z,01K390S0CHB2H7434P4X81MN41,3,"Marassi, Sidi Abdel Rahman, North Coast",37785,"North Coast, Sidi Abdel Rahman",sidi-abdel-rahman-marassi,COMPOUND,28.753507614135742,24000000,163265.306122449,Villa,property,2025-08-22T14:06:35Z,https://www.propertyfinder.eg/en/plp/buy/villa-for-sale-north-coast-sidi-abdel-rahman-marassi-7795217.html,147,147,EG,propertyfinder,Sea and pool view north oriented villa - marassi
"[""BA"", ""BW"", ""AC"", ""CP"", ""BK"", ""MR"", ""PG"", ""PP"", ""SP"", ""ST"", ""VW"", ""SE"", ""SS"", ""SY"", ""WC"", ""BL"", ""LB"", ""CO""]",18,"[""Balcony"", ""Built in Wardrobes"", ""Central A/C"", ""Covered Parking"", ""Kitchen Appliances"", ""Maids Room"", ""Private Garden"", ""Private Pool"", ""Shared Pool"", ""Study"", ""View of Water"", ""Security"", ""Shared Spa"", ""Shared Gym"", ""Walk-in Closet"", ""View of Landmark"", ""Lobby in Building"", ""Children's Pool""]",2,3,buy,EGP,"A great deal on a villa (half price) with a private pool view for sale in Sarai Compound, next to Madinaty, opposite Shorouk City, and on the Suez Road.

Prime location villa with a central park view for sale in Sarai Compound, opposite Shorouk City.

The compound is already inhabited and developed by MHD.

Prime location on the Suez Road, next to Madinaty, opposite Shorouk City, near AUC, Nasr City, and Heliopolis.

Installment options available. Total price: EGP 8,215,000.

To view the villa now, call me at[REDACTED_PHONE] or leave your number in a message and we will get back to you with all the details.",/en/plp/buy/villa-for-sale-cairo-mostakbal-city---future-city-mostakbal-city-compounds-sarai-elan-sarai-8631394.html,True,8631394,"[""https://static.shared.propertyfinder.eg/media/images/listing/YBA7NM6HXBKN1B84K0F7ZNNCS0/f544be2b-299f-404d-adcf-7ed29637ea92/668x452.jpg""]",8,False,False,False,False,30.088159561157227,2026-02-01T14:02:40Z,YBA7NM6HXBKN1B84K0F7ZNNCS0,5,"Elan Sarai, Sarai, Mostakbal City Compounds, Mostakbal City - Future City, Cairo",42354,"Cairo, Mostakbal City - Future City, Mostakbal City Compounds, Sarai",mostakbal-city---future-city-mostakbal-city-compounds-sarai-elan-sarai,TOWER,31.704391479492188,8215000,51024.8447204969,Villa,property,2026-02-01T14:02:40Z,https://www.propertyfinder.eg/en/plp/buy/villa-for-sale-cairo-mostakbal-city---future-city-mostakbal-city-compounds-sarai-elan-sarai-8631394.html,161,161,EG,propertyfinder,فيلا لقطه (بنصف الثمن) بفيو على الprivate pool للب
"[""SE"", ""BA"", ""LB"", ""PG"", ""PP"", ""VW"", ""BL"", ""CO""]",8,"[""Security"", ""Balcony"", ""Lobby in Building"", ""Private Garden"", ""Private Pool"", ""View of Water"", ""View of Landmark"", ""Children's Pool""]",2,3,buy,EGP,"Receive a villa with a private pool with a 5 million EGP down payment and the rest over two years. A 570 sq m detached villa + private pool + private garden + terrace + private roof in one of the best villages at kilometer 70. - Ground floor: reception, bathroom, and kitchen. - Second floor: 3 bedrooms, bathroom. - Private roof with a pergola covering the villa's area. - Pay 5 million EGP and receive the villa, the rest over two years. - Cash discount available. - Villa features: Ultra super deluxe finishing, sea view. - Village features: Close to all external services, 10 minutes to El Alamein and Marina, 25 minutes to Borg El Arab Airport, 60 minutes to Alexandria. - For inquiries and viewing:[REDACTED_PHONE]",/en/plp/buy/villa-for-sale-north-coast-markaz-al-hamam-ramtan-8517395.html,True,8517395,"[""https://static.shared.propertyfinder.eg/media/images/listing/A4H0B5DJET62EM4238DR5HMQWC/065a9666-8ef3-4f94-ae90-eae02c710e25/668x452.jpg""]",11,False,False,True,False,30.85946273803711,2026-01-08T14:07:35Z,A4H0B5DJET62EM4238DR5HMQWC,3,"Ramtan, Markaz Al Hamam, North Coast",37726,"North Coast, Markaz Al Hamam",markaz-al-hamam-ramtan,COMPOUND,29.307071685791016,10000000,17543.859649122805,Villa,property,2026-01-08T14:07:35Z,https://www.propertyfinder.eg/en/plp/buy/villa-for-sale-north-coast-markaz-al-hamam-ramtan-8517395.html,570,570,EG,propertyfinder,استلم فيلا ببسين خاص بمقدم 5 مليون وقسط على سنتين
"[""BA"", ""BW"", ""CP"", ""PG"", ""SP"", ""SE"", ""SY"", ""BL"", ""LB"", ""CO""]",10,"[""Balcony"", ""Built in Wardrobes"", ""Covered Parking"", ""Private Garden"", ""Shared Pool"", ""Security"", ""Shared Gym"", ""View of Landmark"", ""Lobby in Building"", ""Children's Pool""]",2,3,buy,EGP,"Unique Opportunity to Own a Corner Townhouse in O West - Orascom, 6th of October

Due to relocation outside of Egypt, I’ve decided to list my private townhouse for sale in one of the most prestigious compounds in 6th of October – O West by Orascom (truly considered the “New Gouna” in Cairo).

This corner townhouse enjoys a premium location with an open view over wide landscaped areas, offering both privacy and tranquility.

Property Details:

    Land Area: 285 sqm

    Built-up Area: 179 sqm

    Private Garden: 189 sqm

    Penthouse (Roof): 39 sqm

Layout:

    3 Bedrooms (including a master bedroom with en-suite bathroom)

    4 Bathrooms

    Spacious Reception Area

    Kitchen

    Large Terrace with a beautiful open view

Prime Location:
The compound is strategically located, close to:

    Mall of Egypt (3 minutes)

    Media Production City (2 minutes)

    Juhayna Square (7 minutes)

    26th of July Corridor (10 minutes)

    Ring Road & Dahshur Link

    Wadi Degla Club (5 minutes)

Compound Amenities:

    A massive 40-acre sports and social club (the largest in 6th of October)

    Dedicated walking and cycling tracks

    Safe and fully equipped kids’ area

    High-end restaurants and cafes

    A large commercial zone with international brands and malls

    Fully equipped hospital

    Two luxurious 5-star hotels (managed by Fairmont)

    International educational zone with a university and 3 top international schools (including Kent College and NIS)

    Private water and electricity stations

    Gated community with 24/7 security and surveillance cameras",/en/plp/buy/villa-for-sale-giza-6-october-city-6-october-compounds-o-west-7601152.html,True,7601152,"[""https://static.shared.propertyfinder.eg/media/images/listing/01JYKD5YQHFK4NRJPMKBMFQ4QD/06789b45-537b-4ca0-94b6-8af431a207d3/668x452.jpg""]",10,False,False,False,False,29.969215393066406,2025-06-25T11:31:50Z,01JYKD5YQHFK4NRJPMKBMFQ4QD,4,"O West, 6 October Compounds, 6 October City, Giza",40831,"Giza, 6 October City, 6 October Compounds",6-october-city-6-october-compounds-o-west,SUBDISTRICT,30.99283218383789,3000000,150000.0,Villa,property,2025-06-25T11:31:50Z,https://www.propertyfinder.eg/en/plp/buy/villa-for-sale-giza-6-october-city-6-october-compounds-o-west-7601152.html,20,20,EG,propertyfinder,"Villa in O West, Prime Spot, Installments"
"[""BA"", ""CP"", ""PG"", ""SP"", ""SE"", ""BL"", ""LB""]",7,"[""Balcony"", ""Covered Parking"", ""Private Garden"", ""Shared Pool"", ""Security"", ""View of Landmark"", ""Lobby in Building""]",2,3,buy,EGP,"للبيع فى كمبوند طلالة 
فى لوكيشن مميز فى هليوبليس الجديدة 
                                  
فيلا مساحة 168م
(3غرف نوم+ 2حمام+ ريسبشن+ تراس+ مطبخ)
+ جاردن خاصة 124م
+ رووف خاص 33م

السعر قبل الخصم: 15.985.000
السعر بعد الخصم: 7.353.000

او بمقدم 799 الف وبالتقسيط على 10سنين 
للتفاصيل:[REDACTED_PHONE] & whatsapp",/en/plp/buy/villa-for-sale-cairo-new-heliopolis-new-heliopolis-compounds-talala-8481010.html,True,8481010,"[""https://static.shared.propertyfinder.eg/media/images/listing/AS8PQ2B8PJNZJRJNF4NW9KCYDR/b8de385d-644f-4040-9f8c-c14b284dfb92/668x452.jpg""]",10,False,False,False,False,30.153987884521484,2025-12-28T11:04:17Z,AS8PQ2B8PJNZJRJNF4NW9KCYDR,4,"Talala, New Heliopolis Compounds, New Heliopolis, Cairo",42165,"Cairo, New Heliopolis, New Heliopolis Compounds",new-heliopolis-new-heliopolis-compounds-talala,SUBDISTRICT,31.6824893951416,7353000,43767.857142857145,Villa,property,2025-12-28T11:04:17Z,https://www.propertyfinder.eg/en/plp/buy/villa-for-sale-cairo-new-heliopolis-new-heliopolis-compounds-talala-8481010.html,168,168,EG,propertyfinder,"Villa for sale, super deluxe finishing, in New Hel"
"[""BL"", ""SE""]",2,"[""View of Landmark"", ""Security""]",2,3,buy,EGP,"فيلا مميزة للبيع ف ستيلا سي فيو العين السخنة 



 فيلا مستقله ١١٠م _ مساحه التراس. : 36m

3 غرف نوم + 2 حمام 

استلام فورى 

مميزات الفيلا. دور.  واحد. مستقله. مزود ببرجولا 

كل الاجهزه موجوده. مطبخ مجهز. قريبه من الحمام.  ارضي حاله العفش ممتازه 

حاله التكيف ممتازه جاهزه للإقامة. ابوب التراس متوسعه 

بالفرش والاجهزه والتكييفات 

السعر : 4,500,000 وفيه تفاوض

قرية ستيلا دي ماري العين السخنة Stella Di Mare Al Ain Sokhna من أروع القرى حيث تتمتع بإطلالة مباشرة على البحر الأحمر و الطقس بها جميل دائمًا. القرية ككل تم تصميمها بشكل جميل بداية من اسم القرية الجذاب حتى كل مابها من خدمات ومميزات.

صمم بالقرية بحيرات صناعية تحاوط عدد من الجزر بها بشكل خرافي ممتع للنظر وزاد من جمال القرية. إضافة الشركة لـ قرية ستيلا دي ماري العين السخنة لمسات فنية تجعلها فريدة عن غيرها من القرى. أردت الشركة المالكة لـ قرية ستيلا دي ماري أن توفر للعملاء كل ما يشعرهم بالسعادة والمتعة وقد نجحت في ذلك بالفعل.

بالإضافة إلى أن الشركة المالكة لقرية ستيلا دي ماري السخنة وضعت نظم سداد سهلة للغاية من أجل عملائها الكرام، قرية ستيلا دي ماري العين السخنة هي الوجهة الأمثل للتمتع بحياة هادئة ومثالية تجعلك تغيير من روتين حياتك للأفضل.",/en/plp/buy/villa-for-sale-suez-al-ain-al-sokhna-stella-di-mare-stella-di-mare-sea-view-8379832.html,True,8379832,"[""https://static.shared.propertyfinder.eg/media/images/listing/01K6CX2P8W5JWPHP5W9ANCTYGA/62aaea1e-6be6-4604-8d71-3442233267a6/668x452.jpg""]",24,False,False,False,False,29.322696685791016,2025-09-30T08:58:22Z,01K6CX2P8W5JWPHP5W9ANCTYGA,4,"Stella Di Mare Sea View, Stella Di Mare, Al Ain Al Sokhna, Suez",40352,"Suez, Al Ain Al Sokhna, Stella Di Mare",al-ain-al-sokhna-stella-di-mare-stella-di-mare-sea-view,COMPOUND,32.596641540527344,4500000,40909.09090909091,Villa,property,2025-09-30T08:58:22Z,https://www.propertyfinder.eg/en/plp/buy/villa-for-sale-suez-al-ain-al-sokhna-stella-di-mare-stella-di-mare-sea-view-8379832.html,110,110,EG,propertyfinder,Villa special in stilla sea view in ain sokhna
"[""BA"", ""BW"", ""CP"", ""PG"", ""SE"", ""WC"", ""BL"", ""LB""]",8,"[""Balcony"", ""Built in Wardrobes"", ""Covered Parking"", ""Private Garden"", ""Security"", ""Walk-in Closet"", ""View of Landmark"", ""Lobby in Building""]",2,3,buy,EGP,"كود : 1035
امكانية التقسيط المباشر مع شركتنا حتي 7 سنوات
تاون هاوس للبيع في كمبوند اتريو - الشيخ زايد - موقع مميز بجوار تارا
تفاصيل الفيلا:
•	مساحة الأرض: 246 م²
•	مساحة المباني: 230 م²
•	مطل على السور
•	توزيع الأدوار:
o	الدور الأرضي: ريسبشن، حمام، مطبخ
o	الدور الأول: 3 غرف نوم، ليفنج، حمام
o	الروف: غرفة، تراس مفتوح
حالة التشطيب: الترا سوبر لوكس
•	خالصة بعداد المياه والغاز، الصيانة، والنادي
للتواصل: لا تفوت فرصة امتلاك فيلا تاون هاوس رائعة في كمبوند اتريو!

السعر المطلوب:,20.900.000 جنيه + %1.5 عموله",/en/plp/buy/villa-for-sale-giza-sheikh-zayed-city-sheikh-zayed-compounds-atrio-2PWNJIX7pxI.html,True,52714552,"[""https://static.shared.propertyfinder.eg/media/images/listing/50PKNBVSF4Q8HDTAJDAS6N3XDM/a7cbc401-28b4-4cdc-bfba-f5342935bb82/668x452.jpg""]",21,False,False,False,False,30.042856216430664,2026-02-18T12:12:18Z,50PKNBVSF4Q8HDTAJDAS6N3XDM,4,"Atrio, Sheikh Zayed Compounds, Sheikh Zayed City, Giza",40772,"Giza, Sheikh Zayed City, Sheikh Zayed Compounds",sheikh-zayed-city-sheikh-zayed-compounds-atrio,SUBDISTRICT,31.012544631958008,20900000,90869.56521739131,Villa,property,2026-02-18T12:12:18Z,https://www.propertyfinder.eg/en/plp/buy/villa-for-sale-giza-sheikh-zayed-city-sheikh-zayed-compounds-atrio-2PWNJIX7pxI.html,230,230,EG,propertyfinder,تاون هاوس للبيع 246م كمبوند اتريو الترا سوبر لوكس
"[""BA"", ""SP"", ""PG"", ""VW"", ""SE"", ""SY""]",6,"[""Balcony"", ""Shared Pool"", ""Private Garden"", ""View of Water"", ""Security"", ""Shared Gym""]",2,3,buy,EGP,"فيلا للبيع في مارسيليا بيتش 2 نموذج النرجس وتالت صف من البحر- 
المساحة : 175 متر
مساحه الجاردن : 50 متر
التشطيب : سوبر لوكس
عدد غرف : 3
عدد حمام : 2
عدد قطع ريسبشن : 2
المطلات : الريسبشن وغرفتين عالجاردن وغرفه واحده عالشارع
السعر الاجمالي : 7,500,000 بالفرش والاجهزه وقابل للتفاوض
كود الوحدة : SV0859
2.5% عموله الشركة
ـــــــــــــــــــــــــــــــــــــــــــــــــــــــــــــــــــــــــــــــــــــــــــــــ
مقر الشركة : شارع الريادة كمبوند حدائق السرايا عمارة M101 الدور الاول، سموحة ، الاسكندرية",/en/plp/buy/villa-for-sale-north-coast-markaz-al-hamam-marseilia-marseilia-beach-2-8718728.html,True,8718728,"[""https://static.shared.propertyfinder.eg/media/images/listing/0W46665RYPD5NK47B4EF00F6J4/6eda29f3-a065-4df7-a7bd-b6aae0ba88a8/668x452.jpg""]",23,False,False,False,False,30.85382843017578,2026-02-15T14:15:14Z,0W46665RYPD5NK47B4EF00F6J4,4,"Marseilia Beach 2, Marseilia, Markaz Al Hamam, North Coast",37688,"North Coast, Markaz Al Hamam, Marseilia",markaz-al-hamam-marseilia-marseilia-beach-2,COMPOUND,29.276533126831055,7500000,42857.142857142855,Villa,property,2026-02-15T14:15:14Z,https://www.propertyfinder.eg/en/plp/buy/villa-for-sale-north-coast-markaz-al-hamam-marseilia-marseilia-beach-2-8718728.html,175,175,EG,propertyfinder,فيلا للبيع في مارسيليا بيتش 2 نموذج النرجس وتالت
"[""BW"", ""PP"", ""CP"", ""BK"", ""MR"", ""PG"", ""ST"", ""VW"", ""SS"", ""BL"", ""WC"", ""SY"", ""LB"", ""CO""]",14,"[""Built in Wardrobes"", ""Private Pool"", ""Covered Parking"", ""Kitchen Appliances"", ""Maids Room"", ""Private Garden"", ""Study"", ""View of Water"", ""Shared Spa"", ""View of Landmark"", ""Walk-in Closet"", ""Shared Gym"", ""Lobby in Building"", ""Children's Pool""]",2,3,buy,EGP,"Stand-alone Villa AR type,Mountain view chillout park
core and shell , Including maintenance fees.
delivered in Feb 2021

مباني 289م
مساحة الأرض 328م

الحديقة بحري صريح
غرفة معيشة على الروف


4 غرف نوم إحداها ماستر
4 حمام
غرفة خادمة

السعر شامل الصيانة
وتوصيل الغاز الطبيعي

مطلوب 19,000,000

Stand-alone Villa AR type,
Mountain view chillout park",/en/plp/buy/villa-for-sale-giza-6-october-city-northern-expansions-mountain-view-chill-out-park-8716051.html,True,8716051,"[""https://static.shared.propertyfinder.eg/media/images/listing/HPRNNKYKD6MDPSW2WR12K6VE74/57c6714b-264f-4c79-b8df-909f5e08ecc0/668x452.jpg""]",9,False,False,False,False,29.992835998535156,2026-02-15T11:19:02Z,HPRNNKYKD6MDPSW2WR12K6VE74,4,"Mountain View Chill Out Park, Northern Expansions, 6 October City, Giza",21299,"Giza, 6 October City, Northern Expansions",6-october-city-northern-expansions-mountain-view-chill-out-park,COMPOUND,30.89208221435547,19000000,65743.9446366782,Villa,property,2026-02-15T11:19:02Z,https://www.propertyfinder.eg/en/plp/buy/villa-for-sale-giza-6-october-city-northern-expansions-mountain-view-chill-out-park-8716051.html,289,289,EG,propertyfinder,ستاندالون للبيع ماونتن فيو شيل اوت بارك
"[""BA"", ""SE"", ""SS"", ""BL"", ""LB""]",5,"[""Balcony"", ""Security"", ""Shared Spa"", ""View of Landmark"", ""Lobby in Building""]",2,3,buy,EGP,"فيلا كواترو في اليكس ويست استلام متشطبه فى مرحلة انطونيادس
اليكس ويست اول واهم مشروع بالاسكندرية 90% منه فيلات و10% فقط شقق سكنية يعني المشروع غير مزدحم تمام 80% من مساحة المشروع مساحات خضرا و20% فقط مباني وإنشاءات المشروع الوحيد فى اسكندرية بملاعب جولف عالمية المشروع لايقل المساحات الخضراء في عن 80% بعيد عن الزحمة والانزعاج برايم لوكيشن حلقة وصل بين اسكندرية والعلمين الجديدة والساحل الشمالي",/en/plp/buy/villa-for-sale-alexandria-alexandria-compounds-alex-west-8708755.html,True,8708755,"[""https://static.shared.propertyfinder.eg/media/images/listing/G6Z2EWJ51K2XZBWBN2Y4JM4TR8/9c2f9076-6b4d-4477-89f8-e29b417f7d20/668x452.jpg""]",10,False,False,False,False,31.04862403869629,2026-02-13T12:44:21Z,G6Z2EWJ51K2XZBWBN2Y4JM4TR8,3,"Alex West, Alexandria Compounds, Alexandria",41404,"Alexandria, Alexandria Compounds",alexandria-compounds-alex-west,DISTRICT,29.709577560424805,8500000,50000.0,Villa,property,2026-02-13T12:44:21Z,https://www.propertyfinder.eg/en/plp/buy/villa-for-sale-alexandria-alexandria-compounds-alex-west-8708755.html,170,170,EG,propertyfinder,اليكس ويست الاسكندرية
"[""CP"", ""BW"", ""BA"", ""AC"", ""SE"", ""SP"", ""PP"", ""MR"", ""PG"", ""BK"", ""VW"", ""ST"", ""LB"", ""BL"", ""SS"", ""WC"", ""SY"", ""CO""]",18,"[""Covered Parking"", ""Built in Wardrobes"", ""Balcony"", ""Central A/C"", ""Security"", ""Shared Pool"", ""Private Pool"", ""Maids Room"", ""Private Garden"", ""Kitchen Appliances"", ""View of Water"", ""Study"", ""Lobby in Building"", ""View of Landmark"", ""Shared Spa"", ""Walk-in Closet"", ""Shared Gym"", ""Children's Pool""]",2,3,buy,EGP,"للبيع فيلا  فيو بول ف چون سوديك راس الحكمه  وفيو بحر 
مساحة الارض 
291 
مساحة المباني 
221 
تقسيمه 
دور ارضي 
ريسبشن 
مطبخ 
ناني روم بحمام 
حمام ضيوف 
دور اول 
3 غرف 
2 حمام 
روف 
لفينج 
نصف تشطيب 
استلام فوري  
مطلوب مقدم 
25,000,000
متبقي ااقساط 3,220,000















































































































































































































































































































































































































































































































---------------------------------------------------------------------------------------------------------------------------------------------------------------------------------------------------------------------------------------------------------------------------------------------------------------------------------------------------------------------------------------------------------------------------------------------------------------------------------------------------------------------------------------------------",/en/plp/buy/villa-for-sale-north-coast-ras-al-hekma-june-8702174.html,True,8702174,"[""https://static.shared.propertyfinder.eg/media/images/listing/PZZSTME6MXZ1V7HGH29TZ5K0SG/7cac3029-bba9-4d7b-ba2a-fc8c87a7dd57/668x452.jpg""]",13,False,False,False,False,31.067380905151367,2026-02-12T11:47:11Z,PZZSTME6MXZ1V7HGH29TZ5K0SG,3,"June, Ras Al Hekma, North Coast",41235,"North Coast, Ras Al Hekma",ras-al-hekma-june,DISTRICT,28.05432891845703,25000000,113122.17194570135,Villa,property,2026-02-12T11:47:11Z,https://www.propertyfinder.eg/en/plp/buy/villa-for-sale-north-coast-ras-al-hekma-june-8702174.html,221,221,EG,propertyfinder,للبيع فيلا  فيو بول ف چون سوديك راس الحكمه فوري
"[""BA"", ""CO"", ""LB"", ""BL"", ""WC"", ""SY"", ""SS"", ""SE"", ""SP"", ""ST"", ""VW""]",11,"[""Balcony"", ""Children's Pool"", ""Lobby in Building"", ""View of Landmark"", ""Walk-in Closet"", ""Shared Gym"", ""Shared Spa"", ""Security"", ""Shared Pool"", ""Study"", ""View of Water""]",2,3,buy,EGP,"تاون هاوس للبيع في جويا – 430م – موقع مميز


يوجد تكملة اقساط
يوجد خصم علي الكاش 



 الموقع: كمبوند جويا – الشيخ زايد
 المساحة الكلية: 430 متر مربع
المواصفات:
4 غرف نوم ماستر
5 حمامات
ريسيبشن كبير
مطبخ واسع
غرفة معيشة
غرفة خادمة بحمام
حديقة خاصة
تشطيب فاخر

خدمات الكمبوند:
مساحات خضرا
حمامات سباحة 
تراك للجري و العجل 
مول تجاري",/en/plp/buy/villa-for-sale-giza-6-october-city-6-october-compounds-jedar-8680704.html,True,8680704,"[""https://static.shared.propertyfinder.eg/media/images/listing/7GGN9FKM3BWR18N1R3ZA6BZ978/68722e2e-3116-4a1b-8ac4-3e3db2b470cb/668x452.jpg""]",7,False,False,False,False,30.006576538085938,2026-02-09T14:11:10Z,7GGN9FKM3BWR18N1R3ZA6BZ978,4,"Jedar, 6 October Compounds, 6 October City, Giza",21348,"Giza, 6 October City, 6 October Compounds",6-october-city-6-october-compounds-jedar,COMPOUND,30.99048614501953,5000000,250000.0,Villa,property,2026-02-09T14:11:10Z,https://www.propertyfinder.eg/en/plp/buy/villa-for-sale-giza-6-october-city-6-october-compounds-jedar-8680704.html,20,20,EG,propertyfinder,فيلا استلام بموقع مميز بالشيخ زايد مساحة 430م قسط
"[""BA"", ""BW"", ""CP"", ""MR"", ""PG"", ""ST"", ""SE"", ""WC"", ""BL"", ""LB""]",10,"[""Balcony"", ""Built in Wardrobes"", ""Covered Parking"", ""Maids Room"", ""Private Garden"", ""Study"", ""Security"", ""Walk-in Closet"", ""View of Landmark"", ""Lobby in Building""]",2,3,buy,EGP,"كود: 6481
•	حالة التشطيب: سوبر لوكس
•	المساحة: 650 متر مربع (أرض)
•	المساحة المبنية: 140 متر مربع
•	التكوين: أرضي فقط 
•	عدد غرف النوم: 3
•	عدد الحمامات: 2
تفاصيل إضافية:
حمام سباحه –  بالقرب من مدخل المشروع – عرض الشارع الامامي 70م 
•	حديقة خاصة
•	غرفة حارس
•	السعر: 3,250,000 جنيه + 2% commission",/en/plp/buy/villa-for-sale-giza-6-october-city-cairo-alexandria-desert-road-santorini-8665203.html,True,8665203,"[""https://static.shared.propertyfinder.eg/media/images/listing/3KB2CP5XD07JCF3PJ6ADWP44NR/19e88567-80b8-4b57-9ed7-4f722bdaee6c/668x452.jpg""]",24,False,False,False,False,30.07971954345703,2026-02-07T11:27:21Z,3KB2CP5XD07JCF3PJ6ADWP44NR,4,"Santorini, Cairo Alexandria Desert Road, 6 October City, Giza",21080,"Giza, 6 October City, Cairo Alexandria Desert Road",6-october-city-cairo-alexandria-desert-road-santorini,COMPOUND,30.909502029418945,3250000,23214.285714285714,Villa,property,2026-02-07T11:27:21Z,https://www.propertyfinder.eg/en/plp/buy/villa-for-sale-giza-6-october-city-cairo-alexandria-desert-road-santorini-8665203.html,140,140,EG,propertyfinder,فيلا مستقله للبيع 650م كمبوند ساندوريني سوبر لوكس
"[""BA"", ""AC"", ""CP"", ""BK"", ""MR"", ""PG"", ""SE"", ""WC"", ""LB"", ""BL"", ""SY"", ""SS"", ""VW"", ""SP"", ""CO""]",15,"[""Balcony"", ""Central A/C"", ""Covered Parking"", ""Kitchen Appliances"", ""Maids Room"", ""Private Garden"", ""Security"", ""Walk-in Closet"", ""Lobby in Building"", ""View of Landmark"", ""Shared Gym"", ""Shared Spa"", ""View of Water"", ""Shared Pool"", ""Children's Pool""]",2,3,buy,EGP,"Stand alone Type E
BUA 268 m2
Price 19.260.000 M



BUA 268 m2

Price 19.260.000 M

Stand alone Type E
BUA 268 m2
Price 19.260.000 M



BUA 268 m2
Price 19.260.000 M

Stand alone Type E
BUA 268 m2
Price 19.260.000 M



BUA 268 m2
Price 19.260.000 M

Stand alone Type E
BUA 268 m2
Price 19.260.000 M



BUA 268 m2
Price 19.260.000 M

Stand alone Type E
BUA 268 m2
Price 19.260.000 M



BUA 268 m2
Price 19.260.000 M


Stand alone Type E
BUA 268 m2
Price 19.260.000 M



BUA 268 m2
Price 19.260.000 M

Stand alone Type E
BUA 268 m2
Price 19.260.000 M



BUA 268 m2
Price 19.260.000 M",/en/plp/buy/villa-for-sale-giza-sheikh-zayed-city-new-zayed-city-ira-new-zayed-8653221.html,True,8653221,"[""https://static.shared.propertyfinder.eg/media/images/listing/CZWD7333NWVM4JF1G11AHKAJBW/e35b1813-f907-4bdb-b5e3-4e5ce5802ffd/668x452.jpg""]",11,False,False,False,False,30.019561767578125,2026-02-04T15:07:36Z,CZWD7333NWVM4JF1G11AHKAJBW,4,"IRA New Zayed, New Zayed City, Sheikh Zayed City, Giza",41665,"Giza, Sheikh Zayed City, New Zayed City",sheikh-zayed-city-new-zayed-city-ira-new-zayed,SUBDISTRICT,30.911617279052734,19260000,72406.01503759398,Villa,property,2026-02-04T15:07:36Z,https://www.propertyfinder.eg/en/plp/buy/villa-for-sale-giza-sheikh-zayed-city-new-zayed-city-ira-new-zayed-8653221.html,266,266,EG,propertyfinder,فيلا مستقله للبيع بمقدم 10% واقساط تضل ل 8 سنين
"[""BA"", ""PP"", ""BW"", ""BK"", ""MR"", ""CP"", ""SP"", ""SS"", ""BL"", ""VW"", ""SE"", ""ST"", ""WC"", ""LB"", ""CO""]",15,"[""Balcony"", ""Private Pool"", ""Built in Wardrobes"", ""Kitchen Appliances"", ""Maids Room"", ""Covered Parking"", ""Shared Pool"", ""Shared Spa"", ""View of Landmark"", ""View of Water"", ""Security"", ""Study"", ""Walk-in Closet"", ""Lobby in Building"", ""Children's Pool""]",2,3,buy,EGP,"أنواع الفلل والأسعار
مستقل 

النوع (أ) –

 مباني 215 م
الارض 322م
حديقة 235م

ارضي 87م
أول 100 متر
روف 22.50 م


السعر: 15,616,980 ج.م


 أنواع الفلل والأسعار
مستقل 

النوع (أ) –

 مباني 215 م
الارض 322م
حديقة 235م

ارضي 87م
أول 100 متر
روف 22.50 م


 السعر: 15,616,980 ج.

أنواع الفلل والأسعار
مستقل 

النوع (أ) –

 مباني 215 م
الارض 322م
حديقة 235م

ارضي 87م
أول 100 متر
روف 22.50 م


السعر: 15,616,980 ج.م


 أنواع الفلل والأسعار
مستقل 

النوع (أ) –

 مباني 215 م
الارض 322م
حديقة 235م

ارضي 87م
أول 100 متر
روف 22.50 م


 السعر: 15,616,980 ج.م",/en/plp/buy/villa-for-sale-giza-sheikh-zayed-city-sheikh-zayed-compounds-la-ville-8648563.html,True,8648563,"[""https://static.shared.propertyfinder.eg/media/images/listing/NTCVW42KKE6NS0CBS1P2NB0P3W/767a95ea-7d03-4d15-8131-4324f56498ff/668x452.jpg""]",6,False,False,False,False,30.033849716186523,2026-02-04T09:33:23Z,NTCVW42KKE6NS0CBS1P2NB0P3W,4,"La Ville, Sheikh Zayed Compounds, Sheikh Zayed City, Giza",40879,"Giza, Sheikh Zayed City, Sheikh Zayed Compounds",sheikh-zayed-city-sheikh-zayed-compounds-la-ville,SUBDISTRICT,30.983665466308594,15600000,72558.13953488372,Villa,property,2026-02-04T09:33:23Z,https://www.propertyfinder.eg/en/plp/buy/villa-for-sale-giza-sheikh-zayed-city-sheikh-zayed-compounds-la-ville-8648563.html,215,215,EG,propertyfinder,فيلا للبيع كمبوند ايدن دقايق من وصله دهشور
"[""BW"", ""CP"", ""BK"", ""PP"", ""ST"", ""SS"", ""LB"", ""SE"", ""WC"", ""CO"", ""BL""]",11,"[""Built in Wardrobes"", ""Covered Parking"", ""Kitchen Appliances"", ""Private Pool"", ""Study"", ""Shared Spa"", ""Lobby in Building"", ""Security"", ""Walk-in Closet"", ""Children's Pool"", ""View of Landmark""]",2,3,buy,EGP,"Mountain view chillout park
Stand-alone Villa AR type, core and shell , Including maintenance fees.
delivered in Feb 2021

very prime location landscape view

مباني 289م
مساحة الأرض 328م

الحديقة بحري صريح
غرفة معيشة على الروف


4 غرف نوم إحداها ماستر
4 حمام
غرفة خادمة

السعر شامل الصيانة
وتوصيل الغاز الطبيعي

مطلوب 19,425,000


Mountain view chillout park
Stand-alone Villa AR type, core and shell , Including maintenance fees.
delivered in Feb 2021

very prime location landscape view

مباني 289م
مساحة الأرض 328م

الحديقة بحري صريح
غرفة معيشة على الروف


4 غرف نوم إحداها ماستر
4 حمام
غرفة خادمة

السعر شامل الصيانة
وتوصيل الغاز الطبيعي

مطلوب 19,425,000",/en/plp/buy/villa-for-sale-giza-6-october-city-northern-expansions-mountain-view-chill-out-park-8642973.html,True,8642973,"[""https://static.shared.propertyfinder.eg/media/images/listing/SQ13FVBF2X30PP60T4RWQAK0KR/762729d6-875d-4f0f-be66-2721edb1152d/668x452.jpg""]",10,False,False,False,False,29.992835998535156,2026-02-03T11:47:06Z,SQ13FVBF2X30PP60T4RWQAK0KR,4,"Mountain View Chill Out Park, Northern Expansions, 6 October City, Giza",21299,"Giza, 6 October City, Northern Expansions",6-october-city-northern-expansions-mountain-view-chill-out-park,COMPOUND,30.89208221435547,19400000,67128.0276816609,Villa,property,2026-02-03T11:47:06Z,https://www.propertyfinder.eg/en/plp/buy/villa-for-sale-giza-6-october-city-northern-expansions-mountain-view-chill-out-park-8642973.html,289,289,EG,propertyfinder,ستاندالون للبيع ماونتن فيو شيل اوت بارك استلام فور
"[""BA"", ""CP"", ""MR"", ""ST"", ""SE"", ""WC"", ""BL"", ""LB""]",8,"[""Balcony"", ""Covered Parking"", ""Maids Room"", ""Study"", ""Security"", ""Walk-in Closet"", ""View of Landmark"", ""Lobby in Building""]",2,3,buy,EGP,"فيلا مستقله 250 م للبيع بكمبوند ساندرويني - مصر اسكندرية الصحراوي
الكود : 1153

تفاصيل الشقة :
مساحة الارض : 1000 متر
مساحة المباني : 250 متر
عدد الغرف : 3 
عدد الحمام : 2
التشطيب : الترا سوبر لوكس
السعر الاجمالي : 2.940.000 + 2 % عمولة































































































































































































































































































































































































































,,,,,,,,,,,",/en/plp/buy/villa-for-sale-giza-6-october-city-cairo-alexandria-desert-road-santorini-7517375.html,True,7517375,"[""https://static.shared.propertyfinder.eg/media/images/listing/2MHYGK76WTWE5J5QP6SZF8E49M/682e04d3-8825-4682-bdeb-db627d1a2f8c/668x452.jpg""]",20,False,False,False,False,30.07971954345703,2026-01-25T13:52:25Z,2MHYGK76WTWE5J5QP6SZF8E49M,4,"Santorini, Cairo Alexandria Desert Road, 6 October City, Giza",21080,"Giza, 6 October City, Cairo Alexandria Desert Road",6-october-city-cairo-alexandria-desert-road-santorini,COMPOUND,30.909502029418945,2950000,11800.0,Villa,property,2026-01-25T13:52:25Z,https://www.propertyfinder.eg/en/plp/buy/villa-for-sale-giza-6-october-city-cairo-alexandria-desert-road-santorini-7517375.html,250,250,EG,propertyfinder,فيلا مستقله 250 م للبيع بكمبوند ساندرويني -
"[""BA"", ""CP"", ""BK"", ""PG""]",4,"[""Balcony"", ""Covered Parking"", ""Kitchen Appliances"", ""Private Garden""]",2,3,buy,EGP,"فيلا للبيــــع في الرحاب القاهرة الجديدة بسعر لقطةةةةةةةة تشطيبات خاصـــــــة بالكامــــل  

استاند الون نموذج D1
مساحة الارض 539متر
مساحة المباني 330متر 

الدور الارضي يحتوي علي  -
ريسيبشن3قطع مطبخ وحمام ضيوف

الدور الاول يحتوي علي
3غرف نوم منهم غرفة ماستر 
 2حمام

الرووف يحتوي علي غرفه بحمام
خطوات للمسجد وجميع الخدمات 

الفيلا بدون مخالفات
وسيط من المالك مباشره 
مالك جاااااد في البييييع 
 ________
تفاصيل اكتر عن الوحدة او مساحات مختلفة
يرجاء التواصل على رقم:[REDACTED_PHONE]
او التواصل مباشرة على الواتساب عن طريق الرابط 
Laila El Shrqawy
رئيس مبيعات تنفيذي شركة ستارت هومز للتسويق والاستثمار العقارى",/en/plp/buy/apartment-for-sale-cairo-new-cairo-city-al-rehab-el-rehab-extension-8586482.html,True,8586482,"[""https://static.shared.propertyfinder.eg/media/images/listing/7KYM1N8DC67AYS57BZ95KX7X7C/68643d86-0043-49da-ab6e-21008aff906d/668x452.jpg""]",11,False,False,True,False,30.06147003173828,2026-01-22T15:32:05Z,7KYM1N8DC67AYS57BZ95KX7X7C,4,"El Rehab Extension, Al Rehab, New Cairo City, Cairo",2285,"Cairo, New Cairo City, Al Rehab",new-cairo-city-al-rehab-el-rehab-extension,SUBDISTRICT,31.511394500732422,30000000,55658.62708719852,Villa,property,2026-01-22T15:32:05Z,https://www.propertyfinder.eg/en/plp/buy/apartment-for-sale-cairo-new-cairo-city-al-rehab-el-rehab-extension-8586482.html,539,539,EG,propertyfinder,فيلا استاند الون بسعر لقطة تشطيبات خاصة لوكيشن
"[""BA""]",1,"[""Balcony""]",2,3,buy,EGP,"فيلا ستاند الون للبيع (الروضة) 130 م -  4,750,000 ج - الوكيل/ حسن ربيع[REDACTED_PHONE]
• 3 غرف 2 ريسيبشن 2 حمام
• مساحة المباني 130 م
• مساحة الجاردن 70 م
• مساحة الروف 130 م
• فيو مفتوح
• استلام فوري
• كود  N01759
----------------------------------------------------
ريماكس شركة عالمية متخصصة في تسويق العقارات الفاخرة،
ريماكس لها تواجد في اكثر من 100 دولة ولها اكثر من سبعة الاف فرع واكثر من 100 الف وكيل عقاري
على مستوى العالم، ريماكس أفالون هي وكيل ريماكس داخل محافظة الاسكندرية
ويشرفنا تقديم خدمات ريماكس المميزة فيما يخص تقييم العقارات وتسويق العقارات بيع شراء ايجار تأجير ادارة
أملاك في نطاق محافظة الاسكندريه والساحل الشمالي وكينج مريوط",/en/plp/buy/villa-for-sale-north-coast-markaz-al-hamam-al-rawda-8555452.html,True,8555452,"[""https://static.shared.propertyfinder.eg/media/images/listing/YNEZ7XZNVGR533XV0XQJRD3SKW/70ed8497-842e-44cb-afe4-c4218f0d4de9/668x452.jpg""]",13,False,False,False,False,30.853267669677734,2026-01-18T09:09:06Z,YNEZ7XZNVGR533XV0XQJRD3SKW,3,"Al Rawda, Markaz Al Hamam, North Coast",37717,"North Coast, Markaz Al Hamam",markaz-al-hamam-al-rawda,COMPOUND,29.290597915649414,4750000,36538.46153846154,Villa,property,2026-01-18T09:09:06Z,https://www.propertyfinder.eg/en/plp/buy/villa-for-sale-north-coast-markaz-al-hamam-al-rawda-8555452.html,130,130,EG,propertyfinder,فيلا ستاند الون للبيع (الروضة) 130 م
"[""BA"", ""CP"", ""MR"", ""PG"", ""SE""]",5,"[""Balcony"", ""Covered Parking"", ""Maids Room"", ""Private Garden"", ""Security""]",2,3,buy,EGP,"فيلا للبيع فى مدينتى بالمرحله الخامسه فيلات
بدون تشطيب داخلى

اتجاه بحرى
امام الخدمات مباشره و الفود كورت

نموذج I مودرن
مساحه المبانى 231م
مساحه الارض 285م

التقسيم الداخلي للفيلا:
الارضي يتكون من : ريسبشن ٣ قطع - مطبخ - حمام ضيوف - غرفة خزين - تراس وحديقة خاصة
دور اول : ٣ غرف نوم منهم واحده ماستر بحمام -حمام يخدم الغرف - غرفة معيشه وتراس
رووف: غرفة خدمات بحمام ومسطح مفتوح",/en/plp/buy/villa-for-sale-cairo-madinaty-privado-8551935.html,True,8551935,"[""https://static.shared.propertyfinder.eg/media/images/listing/CZJK7ZN5PNYARWE7J4B1STPW6G/ced11d7d-e404-4c24-9c36-dc484a821325/668x452.jpg""]",8,False,False,False,False,30.091936111450195,2026-01-17T09:25:59Z,CZJK7ZN5PNYARWE7J4B1STPW6G,3,"Privado, Madinaty, Cairo",42270,"Cairo, Madinaty",madinaty-privado,DISTRICT,31.66517448425293,17000000,73593.0735930736,Villa,property,2026-01-17T09:25:59Z,https://www.propertyfinder.eg/en/plp/buy/villa-for-sale-cairo-madinaty-privado-8551935.html,231,231,EG,propertyfinder,فيلا للبيع بسعر لقطه امام الفود كورت بدون تشطيب  .
"[""BA"", ""BW"", ""CP"", ""MR"", ""PG"", ""ST"", ""SE"", ""WC"", ""BL"", ""LB""]",10,"[""Balcony"", ""Built in Wardrobes"", ""Covered Parking"", ""Maids Room"", ""Private Garden"", ""Study"", ""Security"", ""Walk-in Closet"", ""View of Landmark"", ""Lobby in Building""]",2,3,buy,EGP,"الكود : 1750
موقع مميز على طريق مصر-القاهرة-الإسكندرية الصحراوي، كيلو 65
مساحة المباني: 215 متر
مساحه الارض : 4200
العمق : 405 م 
•	عدد الغرف : 3 
•	عدد الحمام : 2 
•	الدور : التاني 
•	ريسبشن
•	بجاردن 
•	التشطيب : سوبر لوكس
•	مزودة بعداد كهرباء، عداد غاز، وعداد مياه
•	تربة خصبة
•	 مسموح ببناء حمام سباحة
•	مدفوعة الصيانة

السعر: 3,800,000 جنيه + 2% عمولة",/en/plp/buy/villa-for-sale-giza-6-october-city-cairo-alexandria-desert-road-7988814.html,True,7988814,"[""https://static.shared.propertyfinder.eg/media/images/listing/P7EWDHBKE1RG32E9SKWST6YHKC/39ee4b68-c25b-4495-a644-421d8dfeedcd/668x452.jpg""]",10,False,False,False,False,30.02683448791504,2026-02-07T09:05:17Z,P7EWDHBKE1RG32E9SKWST6YHKC,3,"Cairo Alexandria Desert Road, 6 October City, Giza",21060,"Giza, 6 October City",6-october-city-cairo-alexandria-desert-road,DISTRICT,31.064056396484375,3800000,17674.418604651164,Villa,property,2026-02-07T09:05:17Z,https://www.propertyfinder.eg/en/plp/buy/villa-for-sale-giza-6-october-city-cairo-alexandria-desert-road-7988814.html,215,215,EG,propertyfinder,فيلا ستاند الون بمساحة 4200 متر في ستيلا دي ماري
"[""BA"", ""CP"", ""MR"", ""PG"", ""SE""]",5,"[""Balcony"", ""Covered Parking"", ""Maids Room"", ""Private Garden"", ""Security""]",2,3,buy,EGP,"فيلا للبيع فى مدينتى بالمرحله الثالثه فيلات 
بدون تشطيب داخلى 

فيو شارع و بوابه 5
فيو مفتوح و خطوات من الخدمات
الفيلا مستلمه و تم دفع كل مصاريف الاستلام 
متاحه للمعاينه اى وقت 

المطلوب 16مليون 
باقى 850الف اقساط مع الشركه 

نموذج F3 تاون هاوس 
مساحه المبانى 201م
مساحه الارض 200م 

التقسيم الداخلي للفيلا:
الارضي يتكون من : ريسبشن ٣ قطع - مطبخ - حمام ضيوف - غرفة خزين - تراس وحديقة خاصة
دور اول : ٣ غرف نوم منهم واحده ماستر بحمام - حمام يخدم الغرف - غرفة معيشه وتراس
رووف: غرفة خدمات بحمام ومسطح مفتوح",/en/plp/buy/villa-for-sale-cairo-madinaty-privado-8508898.html,True,8508898,"[""https://static.shared.propertyfinder.eg/media/images/listing/HQ7WPM9NN76RSGB283MDPZ6R8G/796ea19f-3818-42bd-b15d-f29de213c95d/668x452.jpg""]",12,False,False,False,False,30.091936111450195,2026-01-06T12:17:12Z,HQ7WPM9NN76RSGB283MDPZ6R8G,3,"Privado, Madinaty, Cairo",42270,"Cairo, Madinaty",madinaty-privado,DISTRICT,31.66517448425293,16000000,80000.0,Villa,property,2026-01-06T12:17:12Z,https://www.propertyfinder.eg/en/plp/buy/villa-for-sale-cairo-madinaty-privado-8508898.html,200,200,EG,propertyfinder,فيلا بسعر لقطه للبيع استلام فورى فيو مفتوح       .
"[""BA"", ""SE"", ""SP""]",3,"[""Balcony"", ""Security"", ""Shared Pool""]",2,3,buy,EGP,"فيلا 200م بقرية زهرة البحيرات ساحلية كبريت السويس

Villa for sale in Fayed

فيلا 200م بقرية زهرة البحيرات ساحلية كبريت السويس

فيلا 200 م بقرية زهرة البحيرات كبريت

3 غرف نوم
مطبخ
ريسبشن كبير
بلكونات
حديقة امامية وخلفية
الخدمات بالقرية
شاطئ بطول 1 كيلومتر
ممشى داخل البحيرة
2 جنينة على الشط لتناول المشروبات
حمام سباحة كبير و حمام سباحة للأطفال
منطقة اطفال : مراجيح....
ملعب كورة
ملعب تنس
بيت ريفى
بيت شتوى
مزرعة و يمكن شراء منتجاتها من الفاكهة بسعر مخفض للملاك
مزرعة سمكية و يمكن شراء منتجاتها من الفاكهة بسعر مخفض للملاك
مسجد كبير
سوبر ماركت
برجاء التواصل لمزيد من التفاصيل والاستفسارات
[REDACTED_PHONE]
+971544586770",/en/plp/buy/villa-for-sale-el-esmailia-fayed-8466760.html,True,8466760,"[""https://static.shared.propertyfinder.eg/media/images/listing/4VPVX00HWRHDSFC03E50ND7W30/0fc329b3-42f2-49d8-92aa-8d871e768e73/668x452.jpg""]",16,False,False,False,False,30.311830520629883,2025-12-24T12:38:23Z,4VPVX00HWRHDSFC03E50ND7W30,2,"Fayed, El Esmailia",116,El Esmailia,fayed,TOWN,32.31332015991211,1500000,7500.0,Villa,property,2025-12-24T12:38:23Z,https://www.propertyfinder.eg/en/plp/buy/villa-for-sale-el-esmailia-fayed-8466760.html,200,200,EG,propertyfinder,فيلا 200م بقرية زهرة البحيرات ساحلية كبريت السويس
"[""BA""]",1,"[""Balcony""]",2,3,buy,EGP,"فيلا ستاند الون للبيع (بدر) 120 م - 11,000,000 ج  - الوكيل/ ماهينور الشرقاوى[REDACTED_PHONE]
• 3 غرف 1 ريسيبشن 2 حمام
• مساحة المباني 86 م 
• مساحة الجاردن 60 م
• فيو بحر صف اول
• استلام فوري
• كود : N01717
----------------------------------------------------
ريماكس شركة عالمية متخصصة في تسويق العقارات الفاخرة،
ريماكس لها تواجد في اكثر من 100 دولة ولها اكثر من سبعة الاف فرع واكثر من 100 الف وكيل عقاري
على مستوى العالم، ريماكس أفالون هي وكيل ريماكس داخل محافظة الاسكندرية
ويشرفنا تقديم خدمات ريماكس المميزة فيما يخص تقييم العقارات وتسويق العقارات بيع شراء ايجار تأجير ادارة
أملاك في نطاق محافظة الاسكندريه والساحل الشمالي وكينج مريوط",/en/plp/buy/villa-for-sale-north-coast-al-alamein-badr-village-8440571.html,True,8440571,"[""https://static.shared.propertyfinder.eg/media/images/listing/VAXJQW3MYT6TCG3ZN5RNNTMF98/a886f1e3-8376-4c87-8c44-3a5f91e696b0/668x452.jpg""]",8,False,False,False,False,30.827259063720703,2025-12-18T15:44:18Z,VAXJQW3MYT6TCG3ZN5RNNTMF98,3,"Badr Village, Al Alamein, North Coast",37671,"North Coast, Al Alamein",al-alamein-badr-village,COMPOUND,29.174901962280273,11000000,91666.66666666667,Villa,property,2025-12-18T15:44:18Z,https://www.propertyfinder.eg/en/plp/buy/villa-for-sale-north-coast-al-alamein-badr-village-8440571.html,120,120,EG,propertyfinder,فيلا ستاند الون للبيع (بدر) 120 م
"[""BA""]",1,"[""Balcony""]",2,3,buy,EGP,"فيلا ستاند الون للبيع (الريفيرا) 360 م - 6,500,000 ج - الوكيل/ ماهينور الشرقاوى[REDACTED_PHONE]
• 3 غرف 2 ريسيبشن 2 حمام
• مساحة المباني 150 م 
• مساحة الجاردن 210 م
• فيو بحر
• استلام فوري
• كود : N01714
----------------------------------------------------
ريماكس شركة عالمية متخصصة في تسويق العقارات الفاخرة،
ريماكس لها تواجد في اكثر من 100 دولة ولها اكثر من سبعة الاف فرع واكثر من 100 الف وكيل عقاري
على مستوى العالم، ريماكس أفالون هي وكيل ريماكس داخل محافظة الاسكندرية
ويشرفنا تقديم خدمات ريماكس المميزة فيما يخص تقييم العقارات وتسويق العقارات بيع شراء ايجار تأجير ادارة
أملاك في نطاق محافظة الاسكندريه والساحل الشمالي وكينج مريوط",/en/plp/buy/villa-for-sale-north-coast-sidi-abdel-rahman-stella-riviera-8422716.html,True,8422716,"[""https://static.shared.propertyfinder.eg/media/images/listing/MVSVNTBP7AAHT1VS4YJ4BJX3G0/c0c759c2-a41f-4b1d-9154-2eaa1dfd613f/668x452.jpg""]",12,False,False,False,False,31.002180099487305,2025-12-16T10:11:09Z,MVSVNTBP7AAHT1VS4YJ4BJX3G0,3,"Stella Riviera, Sidi Abdel Rahman, North Coast",41837,"North Coast, Sidi Abdel Rahman",sidi-abdel-rahman-stella-riviera,DISTRICT,28.70242691040039,6500000,18055.555555555555,Villa,property,2025-12-16T10:11:09Z,https://www.propertyfinder.eg/en/plp/buy/villa-for-sale-north-coast-sidi-abdel-rahman-stella-riviera-8422716.html,360,360,EG,propertyfinder,فيلا ستاند الون للبيع (الريفيرا) 360 م
"[""BA"", ""VW""]",2,"[""Balcony"", ""View of Water""]",2,3,buy,EGP,"فيلا ستاند الون للبيع (البوسيت) 727 م - صف أول بحر - 15,000,000 ج - الوكيل/ نورا عفيفي[REDACTED_PHONE] 
• 3 غرف 4 ريسبشن 2 حمام
• مساحة الأرض 727 م 
• مساحة المبانى 237 م 
• مساحة الجاردن 450 م 
• جراج 40 م
• متاح إنشاء حمام سباحة خاص في الجاردن
• تشطيب سوبر لوكس
• فيو بحر 
• استلام فورى 
• كود: 028661 
----------------------------------------------------
ريماكس شركة عالمية متخصصة في تسويق العقارات الفاخرة،
ريماكس لها تواجد في اكثر من 100 دولة ولها اكثر من سبعة الاف فرع واكثر من 100 الف وكيل عقاري
على مستوى العالم، ريماكس أفالون هي وكيل ريماكس داخل محافظة الاسكندرية
ويشرفنا تقديم خدمات ريماكس المميزة فيما يخص تقييم العقارات وتسويق العقارات بيع شراء ايجار تأجير ادارة
أملاك في نطاق محافظة الاسكندريه والساحل الشمالي وكينج مريوط",/en/plp/buy/villa-for-sale-north-coast-al-alamein-beau-site-8390069.html,True,8390069,"[""https://static.shared.propertyfinder.eg/media/images/listing/01JY162F3DM2XR0QNE4SH5GS55/9c549870-1429-4aac-b632-07dd30260949/668x452.jpg""]",6,False,False,True,False,30.81382179260254,2025-12-09T14:53:10Z,01JY162F3DM2XR0QNE4SH5GS55,3,"Beau Site, Al Alamein, North Coast",37665,"North Coast, Al Alamein",al-alamein-beau-site,COMPOUND,29.109981536865234,15000000,20632.737276478678,Villa,property,2025-12-09T14:53:10Z,https://www.propertyfinder.eg/en/plp/buy/villa-for-sale-north-coast-al-alamein-beau-site-8390069.html,727,727,EG,propertyfinder,فيلا ستاند الون للبيع (البوسيت) 727 م
"[""BA"", ""PG""]",2,"[""Balcony"", ""Private Garden""]",2,3,buy,EGP,"فيلا للبيع بالحي الاول شرق 
مساحة : ٦٤٨ م 
الموقف التنفيذي : بيزمنت و ارضي 
الدور علي شقتين 
معاها رخصة كاملة 
السعر : ١٧ مليونفيلا للبيع بالحي الاول شرق 
مساحة : ٦٤٨ م 
الموقف التنفيذي : بيزمنت و ارضي 
الدور علي شقتين 
معاها رخصة كاملة 
السعر : ١٧ مليونفيلا للبيع بالحي الاول شرق 
مساحة : ٦٤٨ م 
الموقف التنفيذي : بيزمنت و ارضي 
الدور علي شقتين 
معاها رخصة كاملة 
السعر : ١٧ مليونفيلا للبيع بالحي الاول شرق 
مساحة : ٦٤٨ م 
الموقف التنفيذي : بيزمنت و ارضي 
الدور علي شقتين 
معاها رخصة كاملة 
السعر : ١٧ مليونفيلا للبيع بالحي الاول شرق 
مساحة : ٦٤٨ م 
الموقف التنفيذي : بيزمنت و ارضي 
الدور علي شقتين 
معاها رخصة كاملة 
السعر : ١٧ مليونفيلا للبيع بالحي الاول شرق 
مساحة : ٦٤٨ م 
الموقف التنفيذي : بيزمنت و ارضي 
الدور علي شقتين 
معاها رخصة كاملة 
السعر : ١٧ مليونفيلا للبيع بالحي الاول شرق 
مساحة : ٦٤٨ م 
الموقف التنفيذي : بيزمنت و ارضي 
الدور علي شقتين 
معاها رخصة كاملة 
السعر : ١٧ مليونفيلا للبيع بالحي الاول شرق 
مساحة : ٦٤٨ م 
الموقف التنفيذي : بيزمنت و ارضي 
الدور علي شقتين 
معاها رخصة كاملة 
السعر : ١٧ مليون",/en/plp/buy/villa-for-sale-cairo-shorouk-city-1st-district-east-1st-neighborhood-8173961.html,True,8173961,"[""https://static.shared.propertyfinder.eg/media/images/listing/01K8R9HHDTV8BX4VCMMRN99ST3/8da05040-afa4-4cfc-9a02-97ea9b8adef2/668x452.jpg""]",7,False,False,True,False,30.164628982543945,2025-10-29T15:37:38Z,01K8R9HHDTV8BX4VCMMRN99ST3,4,"1st Neighborhood, 1st District East, Shorouk City, Cairo",10455,"Cairo, Shorouk City, 1st District East",shorouk-city-1st-district-east-1st-neighborhood,SUBDISTRICT,31.62665367126465,17000000,26234.567901234568,Villa,property,2025-10-29T15:37:38Z,https://www.propertyfinder.eg/en/plp/buy/villa-for-sale-cairo-shorouk-city-1st-district-east-1st-neighborhood-8173961.html,648,648,EG,propertyfinder,فيلا 648م رخصة بناء كاملة -الحي الاول شرق
"[""BA"", ""PG"", ""VW""]",3,"[""Balcony"", ""Private Garden"", ""View of Water""]",2,3,buy,EGP,"توين هاوس للبيع (جامعة عين شمس) 130 م -  5,150,000 ج - الوكيل/ محمد الكيلاني[REDACTED_PHONE]
• 3 غرف 2 ريسيبشن 2 حمام
• مساحة الارض 90 م
• مساحة المباني 130 م
• فيو بحر و لاند سكيب
• كود  033094
----------------------------------------------------
ريماكس شركة عالمية متخصصة في تسويق العقارات الفاخرة،
ريماكس لها تواجد في اكثر من 100 دولة ولها اكثر من سبعة الاف فرع واكثر من 100 الف وكيل عقاري
على مستوى العالم، ريماكس أفالون هي وكيل ريماكس داخل محافظة الاسكندرية
ويشرفنا تقديم خدمات ريماكس المميزة فيما يخص تقييم العقارات وتسويق العقارات بيع شراء ايجار تأجير ادارة
أملاك في نطاق محافظة الاسكندريه والساحل الشمالي وكينج مريوط",/en/plp/buy/villa-for-sale-north-coast-markaz-al-hamam-ain-shams-university-8164932.html,True,8164932,"[""https://static.shared.propertyfinder.eg/media/images/listing/01K8NDN35P27JZNS36V6K1BTJH/9d9f21d4-efea-4b09-91ab-00604f7168c8/668x452.jpg""]",8,False,False,False,False,30.849842071533203,2025-10-28T12:59:14Z,01K8NDN35P27JZNS36V6K1BTJH,3,"Ain Shams University, Markaz Al Hamam, North Coast",37731,"North Coast, Markaz Al Hamam",markaz-al-hamam-ain-shams-university,COMPOUND,29.284828186035156,5150000,39615.38461538462,Villa,property,2025-10-28T12:59:14Z,https://www.propertyfinder.eg/en/plp/buy/villa-for-sale-north-coast-markaz-al-hamam-ain-shams-university-8164932.html,130,130,EG,propertyfinder,توين هاوس للبيع (جامعة عين شمس) 130 م
"[""BA"", ""CP"", ""SE""]",3,"[""Balcony"", ""Covered Parking"", ""Security""]",2,3,buy,EGP,"فيلا مستقلة 800م سعر لقطة قرية ساحلية كبريت السويس 
فيلا مستقلة بمساحة 800متر مربع
 ومساحة بناء 270متر مربع
 3 غرف نوم و 2 حمام 
مع حديقة 665 متر مربع
 للبيع
البيع بدون العفش
بخبرة واسعة في الوحدات الجديدة وإعادة البيع، نساعدك في اختيار الأنسب سواء للاستخدام أو الاستثمار، مع استشارات دقيقة ومقارنات واضحة بين البدائل.

برجاء التواصل لمزيد من التفاصيل والاستفسارات
[REDACTED_PHONE]
+971544586770",/en/plp/buy/villa-for-sale-el-esmailia-fayed-8147285.html,True,8147285,"[""https://static.shared.propertyfinder.eg/media/images/listing/01K8E2M7P5HTMQQGBWFWNJ9TJD/63d8815c-6696-48ad-9790-2960b4992a21/668x452.jpg""]",20,False,False,True,False,30.311830520629883,2025-10-25T17:16:11Z,01K8E2M7P5HTMQQGBWFWNJ9TJD,2,"Fayed, El Esmailia",116,El Esmailia,fayed,TOWN,32.31332015991211,2100000,2625.0,Villa,property,2025-10-25T17:16:11Z,https://www.propertyfinder.eg/en/plp/buy/villa-for-sale-el-esmailia-fayed-8147285.html,800,800,EG,propertyfinder,فيلا مستقلة 800م سعر لقطة قرية ساحلية كبريت السويس
"[""BA"", ""PG"", ""BL""]",3,"[""Balcony"", ""Private Garden"", ""View of Landmark""]",2,3,buy,EGP,"توين هاوس بكمبوند حدائق السليمانيه بجوار كمبوند زايد 2000 خلف مول اركان 
------------------------------
مساحة الأرض 300
مساحة المباني 260
3 غرف ، 2 حمام 
ارضي ، اول ، روف 
نص تشطيب 
جاردن واسع

مطلوب 13.5

_____________________________________
شركه Oasis للاستثمار و التسويق العقاري
بالشيخ زايد 
بنقدملك جميع الخدمات العقاريه
مشاريعنا في الشيخ زايد احياء و كمبوندز و مدينه ٦ اكتوبر
بالكامل
ريسيل شقق و ڤيلل
ايجارات
محلات 
مكاتب اداريه
عيادات طبيه
اتصل بنا مباشرا 
Oasis
للتواصل والاستفسار برجاء الاتصال علي[REDACTED_PHONE]--[REDACTED_PHONE]",/en/plp/buy/villa-for-sale-giza-sheikh-zayed-city-4th-district-solaimaneyah-gardens-8303750.html,True,8303750,"[""https://static.shared.propertyfinder.eg/media/images/listing/01K7HBMYKE8DA5MT15D7W284HR/79088a67-92b0-4164-80ea-3a4904e5e8a1/668x452.jpg""]",6,False,False,False,False,30.022075653076172,2025-10-14T12:55:33Z,01K7HBMYKE8DA5MT15D7W284HR,4,"Solaimaneyah Gardens, 4th District, Sheikh Zayed City, Giza",28773,"Giza, Sheikh Zayed City, 4th District",sheikh-zayed-city-4th-district-solaimaneyah-gardens,COMPOUND,30.992652893066406,13500000,51923.07692307692,Villa,property,2025-10-14T12:55:33Z,https://www.propertyfinder.eg/en/plp/buy/villa-for-sale-giza-sheikh-zayed-city-4th-district-solaimaneyah-gardens-8303750.html,260,260,EG,propertyfinder,توين هاوس بكمبوند حدائق السليمانيه جنب مول اركان
"[""BA"", ""PG"", ""VW""]",3,"[""Balcony"", ""Private Garden"", ""View of Water""]",2,3,buy,EGP,"فيلا للبيع 200 م + حديقة خاصة - الساحل الشمالي (قرية اللوتس - صف ثالث بحر) بسعر 4,500,000 ج كاش
 - المستشار العقاري / أيمن إبراهيم[REDACTED_PHONE]
▪️ مساحة المباني: 200م + روف خاص
▪️ الدور الأرضي: ريسبشن + مطبخ + حمام
▪️ الدور العلوي: 3 غرف نوم (منها غرفة ماستر) + 2 حمام
▪️ حديقة خاصة + روف قابل للبناء
▪️ الفيلا تحتاج إلى تشطيب
▪️ كود الوحدة: NXT-0199
مميزات القرية:
شاطئ خاص – حمامات سباحة – مساحات خضراء – ملاعب متنوعة – أنشطة ترفيهية – منطقة خدمية وتجارية – أمن وحراسة 24/7

—————————————
اذا  كنت تبحث او لديك عقار للشراء او الاستئجار  يمكنك التواصل على:[REDACTED_PHONE]
مقر الشركة: ٤٥٢ ش أبو قير – أمام بوتيك لندن مباشرة – رشدي – الإسكندرية",/en/plp/buy/villa-for-sale-north-coast-al-alamein-lotus-7878286.html,True,7878286,"[""https://static.shared.propertyfinder.eg/media/images/listing/01K4J3NZDMD9QJ0E75959H0ABZ/a6cfd021-d7b3-4ccb-ab6a-34edaaec0aa8-watermarked/668x452.jpg""]",12,False,False,False,False,30.812559127807617,2025-09-08T07:47:06Z,01K4J3NZDMD9QJ0E75959H0ABZ,3,"Lotus, Al Alamein, North Coast",37655,"North Coast, Al Alamein",al-alamein-lotus,COMPOUND,29.09111785888672,4500000,22500.0,Villa,property,2025-09-08T07:47:06Z,https://www.propertyfinder.eg/en/plp/buy/villa-for-sale-north-coast-al-alamein-lotus-7878286.html,200,200,EG,propertyfinder,فيلا للبيع 200 م+حديقة خاصة -قرية اللوتس صف 3 بحر
"[""BA""]",1,"[""Balcony""]",2,3,buy,EGP,"فيلا ستاند الون للبيع (بيرلا مارينا) 250 م - 3,000,000 ج (مقدم + اوفر)  - الوكيل / أنوار محمد[REDACTED_PHONE]
• 3 غرف 3 ريسبشن 2 حمام
• فيو مفتوح
• تشطيب كامل
• استلام فوري
• اقساط علي سنة
• اجمالي السعر 6,000,000 ج
• كود : 028522
• تواصل واتس اب : https://wa.me/[REDACTED_PHONE]
----------------------------------------------------
ريماكس شركة عالمية متخصصة في تسويق العقارات الفاخرة،
ريماكس لها تواجد في اكثر من 100 دولة ولها اكثر من سبعة الاف فرع واكثر من 100 الف وكيل عقاري
على مستوى العالم، ريماكس أفالون هي وكيل ريماكس داخل محافظة الاسكندرية
ويشرفنا تقديم خدمات ريماكس المميزة فيما يخص تقييم العقارات وتسويق العقارات بيع شراء ايجار تأجير ادارة
أملاك في نطاق محافظة الاسكندريه والساحل الشمالي وكينج مريوط",/en/plp/buy/villa-for-sale-north-coast-al-alamein-bella-marina-7082068.html,True,7082068,"[""https://static.shared.propertyfinder.eg/media/images/listing/01JXA3X0RMHSFQ7Y4JDBGPEYAR/842e2476-961f-4a96-ae62-88f3a7d68b62/668x452.jpg""]",20,False,False,False,False,30.818279266357422,2025-04-09T11:29:49Z,01JXA3X0RMHSFQ7Y4JDBGPEYAR,3,"Bella Marina, Al Alamein, North Coast",37674,"North Coast, Al Alamein",al-alamein-bella-marina,COMPOUND,29.15643882751465,6000000,24000.0,Villa,property,2025-04-09T11:29:49Z,https://www.propertyfinder.eg/en/plp/buy/villa-for-sale-north-coast-al-alamein-bella-marina-7082068.html,250,250,EG,propertyfinder,فيلا ستاند الون للبيع (بيرلا مارينا) 250 م
"[""BA"", ""CP"", ""PG"", ""SE"", ""BL""]",5,"[""Balcony"", ""Covered Parking"", ""Private Garden"", ""Security"", ""View of Landmark""]",2,3,buy,EGP,"فرصة للبيع بموقع مميز جدا بحدائق الاهرام 
ارضي بجاردن مدخل خاص ٢٥٠ متر 
بجانب جميع الخدامات 
البوابة الاولي امتداد الثروة المعدنيه 
منطقه ز 
٣ غرف و ٢ حمام  ورسيبشن ٣ قطع و مطبخ أمريكان 
اول سكن 
و جاردن اماميه
مطلوب ٢ مليون ٦٥٠ الف قابل التفاوض البسيط عند الجديه

للتواصل[REDACTED_PHONE] /[REDACTED_PHONE] 

ويوجد لدينا ايضا مساحات مختلفه باسعار مميزة جدا

Sphnix company للتسويق العقاري و التشطيبات



فرصة للبيع بموقع مميز جدا بحدائق الاهرام 
ارضي بجاردن مدخل خاص ٢٥٠ متر 
بجانب جميع الخدامات 
البوابة الاولي امتداد الثروة المعدنيه 
منطقه ز 
٣ غرف و ٢ حمام  ورسيبشن ٣ قطع و مطبخ أمريكان 
اول سكن 
و جاردن اماميه
مطلوب ٢ مليون ٦٥٠ الف قابل التفاوض البسيط عند الجديه

للتواصل[REDACTED_PHONE] /[REDACTED_PHONE] 

ويوجد لدينا ايضا مساحات مختلفه باسعار مميزة جدا

Sphnix company للتسويق العقاري و التشطيبات",/en/plp/buy/villa-for-sale-giza-hadayek-el-ahram-gate-1-khofo-7409653.html,True,7409653,"[""https://static.shared.propertyfinder.eg/media/images/listing/01JXP20D5KZ0VNGTVXKP5X2B44/5f82bdd6-ad49-478e-86c6-be61127cfb85/668x452.jpg""]",24,False,False,False,False,29.977811813354492,2025-06-14T02:01:02Z,01JXP20D5KZ0VNGTVXKP5X2B44,3,"Gate 1 - Khofo, Hadayek El Ahram, Giza",20665,"Giza, Hadayek El Ahram",hadayek-el-ahram-gate-1-khofo,DISTRICT,31.11191177368164,2650000,10600.0,Villa,property,2025-06-14T02:01:02Z,https://www.propertyfinder.eg/en/plp/buy/villa-for-sale-giza-hadayek-el-ahram-gate-1-khofo-7409653.html,250,250,EG,propertyfinder,فرصة للبيع ارضي بجاردن مدخل خاص بحدايق الاهرام
"[""PG""]",1,"[""Private Garden""]",2,3,buy,EGP,"فيلا ارضي بجاردن  واجهة علي الشارع
حديقة حرف L كبيره جدا
الحديقه جرانيت والسور حجر هاشمي
شقه٢٢٠متر تحميل قديم تعادل ٢٨٠
ثاني نمره من شارع الجيش
شارع أسفلت
افضل مواقع حدائق الأهرام البوابه الرابعه منطقه ل
قريب من جميع الخدامات والمدارس
 ٣ غرفه مفيش غرفه علي منور
 ٢ حمام ومطبخ أمريكان 
ريسبشن كبير حرف L ٣ قطع
تشطيب علي اعلي مستوي
 ألترا سوبر لوكس موردان 
ساوند سيستم 
عداد كهرباء 
عداد مياه 
انتركام خاص بالفيلا",/en/plp/buy/villa-for-sale-giza-hadayek-el-ahram-gate-4-mena-8580318.html,True,8580318,"[""https://static.shared.propertyfinder.eg/media/images/listing/N162PX0213FZ817CWPMHG4N2F8/db764e79-4548-4a7e-91b8-8a9a70cebcd0/668x452.jpg""]",28,False,False,False,False,29.951818466186523,2026-01-21T15:26:13Z,N162PX0213FZ817CWPMHG4N2F8,3,"Gate 4 - Mena, Hadayek El Ahram, Giza",20668,"Giza, Hadayek El Ahram",hadayek-el-ahram-gate-4-mena,DISTRICT,31.088298797607422,4299999,19545.45,Villa,property,2026-01-21T15:26:13Z,https://www.propertyfinder.eg/en/plp/buy/villa-for-sale-giza-hadayek-el-ahram-gate-4-mena-8580318.html,220,220,EG,propertyfinder,فيلا ارضى بجادرن 220متر تحميل قديم تعادل 280متر
"[""CO"", ""VW"", ""BA"", ""PG"", ""PP"", ""SP"", ""BL"", ""SS"", ""SY""]",9,"[""Children's Pool"", ""View of Water"", ""Balcony"", ""Private Garden"", ""Private Pool"", ""Shared Pool"", ""View of Landmark"", ""Shared Spa"", ""Shared Gym""]",2,3,buy,EGP,"عيش في قلب مشروع متكامل وراقي فى JEFAIRA
فيلا بإطلالة مباشرة على أكبر بارك في الكومباوند، وسط مساحات خضراء وخدمات متكاملة، توفر لك حياة هادئة ومريحة في موقع مميز.

تفاصيل الوحدة
مساحة مبنية: 159 م²
تشطيب كامل

الاستلام خلال 4 سنين
نظام الدفع

السعر الإجمالي: 13,634,000 جنيه
مقدم 5% فقط
تقسيط مريح على 9 سنين بدون فوايد

ليه تختار المشروع؟
موقع استراتيجي
إطلالات مفتوحة
مجتمع راقى بخدمات متكاملة
فرصة استثمارية قوية وسكنية مريحة
لو بتفكر تعيش أو تستثمر في مكان يجمع كل ده، دي فرصتك",/en/plp/buy/villa-for-sale-north-coast-ras-al-hekma-jefaira-7365326.html,True,7365326,"[""https://static.shared.propertyfinder.eg/media/images/listing/01JWR3FQR7A1FCD5REP2XEXJRX/fe20417c-e1e2-43bd-92c7-25f83d9d930a/668x452.jpg""]",13,False,False,False,False,31.07002830505371,2025-06-02T11:01:04Z,01JWR3FQR7A1FCD5REP2XEXJRX,3,"Jefaira, Ras Al Hekma, North Coast",40480,"North Coast, Ras Al Hekma",ras-al-hekma-jefaira,SUBDISTRICT,28.137069702148438,13634000,85748.42767295598,Villa,property,2025-06-02T11:01:04Z,https://www.propertyfinder.eg/en/plp/buy/villa-for-sale-north-coast-ras-al-hekma-jefaira-7365326.html,159,159,EG,propertyfinder,فيلا 159م بتشطيب كامل بمقدم 5% فقط
"[""BA"", ""PG"", ""SE"", ""LB""]",4,"[""Balcony"", ""Private Garden"", ""Security"", ""Lobby in Building""]",2,3,buy,EGP,"ستاند الون نيوم اكتوبرمرحلة كابري
394 متر مساحة الارض
١٩٢ متر مباني
ارضي ريسبشن ومطبخ وحمام
التاني ٣ غرف و٢ حمام وروف
استلام فوري
394 متر مساحة الارض
١٩٢ متر مباني
مطلوب ١٠ مليون
ستاند الون نيوم اكتوبرمرحلة كابري
394 متر مساحة الارض
١٩٢ متر مباني
ارضي ريسبشن ومطبخ وحمام
التاني ٣ غرف و٢ حمام وروف
استلام فوري
394 متر مساحة الارض
١٩٢ متر مباني
مطلوب ١٠ مليون",/en/plp/buy/villa-for-sale-giza-6-october-city-northern-expansions-nyoum-october-8452818.html,True,8452818,"[""https://static.shared.propertyfinder.eg/media/images/listing/H7N7PP553K8GHX5536C5NJKJTM/839c66a0-669f-475a-89d7-3e94887488e2/668x452.jpg""]",13,False,False,False,False,29.98247528076172,2025-12-22T09:06:06Z,H7N7PP553K8GHX5536C5NJKJTM,4,"Nyoum October, Northern Expansions, 6 October City, Giza",41432,"Giza, 6 October City, Northern Expansions",6-october-city-northern-expansions-nyoum-october,SUBDISTRICT,30.881187438964844,10000000,52083.333333333336,Villa,property,2025-12-22T09:06:06Z,https://www.propertyfinder.eg/en/plp/buy/villa-for-sale-giza-6-october-city-northern-expansions-nyoum-october-8452818.html,192,192,EG,propertyfinder,ستاند الون نيوم اكتوبر مرحله كابري فيو مميز
"[""BA"", ""BW"", ""AC"", ""CP"", ""BK"", ""MR"", ""PG"", ""ST"", ""SE"", ""WC""]",10,"[""Balcony"", ""Built in Wardrobes"", ""Central A/C"", ""Covered Parking"", ""Kitchen Appliances"", ""Maids Room"", ""Private Garden"", ""Study"", ""Security"", ""Walk-in Closet""]",2,3,buy,EGP,"فيلا للبيع في مارينا 1 – الساحل الشمالي
كود العقار: 5039

موقع مميز جدًا بواجهة بحرية صريحة
خطوات من البحر
ناصية وحديقة كبيرة
الفيلا مجددة بالكامل من الداخل والخارج
جاهزة للسكن الفوري

تفاصيل الفيلا:

3 غرف نوم

2 حمام

مساحة المبنى: 200 متر

مساحة الأرض الصافية: 300 متر


السعر المطلوب: 15,000,000 جنيه

للتواصل والاستفسار:[REDACTED_PHONE] (اتصال أو واتساب)

فرصة حقيقية في واحدة من أفضل مواقع مارينا 1 – لا تفوّت العرض
__________________________________________________________________________________
Villa for sale in Marina 1 - North Coast
Property Code: 5039

Very prime location with a direct seafront view
Steps from the sea
Corner and large garden
Fully renovated villa inside and out
Ready for immediate occupancy

Villa Details:

3 bedrooms

2 bathrooms

Building area: 200 square meters

Net land area: 300 square meters

Asking price: 15,000,000 EGP

For inquiries:[REDACTED_PHONE] (Call or WhatsApp)

A real opportunity in one of the best locations in Marina 1 - Don't miss this offer
______________________________________________________________________________________
Vision: To be the premier resale and rental provider in North Coast
Egypt, recognized for our commitment to delivering high-quality,
value-driven solutions that enhance the lifestyles of our clients
Mission: Our mission is to provide a seamless and trustworthy
platform for resale and rental services, offering a diverse range of
properties and goods. We strive to exceed customer expectations
through transparent transactions, personalized service, and
continuous innovation, contributing to the growth and prosperity
of the North Coast community.",/en/plp/buy/villa-for-sale-north-coast-al-alamein-marina-marina-1-7370192.html,True,7370192,"[""https://static.shared.propertyfinder.eg/media/images/listing/01JWRAP3K0E8X6CRZ0A956R6YE/4cbd2dde-d350-49db-85d7-2589fe279384/668x452.jpg""]",30,False,False,False,False,30.817907333374023,2025-06-02T18:13:16Z,01JWRAP3K0E8X6CRZ0A956R6YE,4,"Marina 1, Marina, Al Alamein, North Coast",37639,"North Coast, Al Alamein, Marina",al-alamein-marina-marina-1,COMPOUND,29.056842803955078,15000000,75000.0,Villa,property,2025-06-02T18:13:16Z,https://www.propertyfinder.eg/en/plp/buy/villa-for-sale-north-coast-al-alamein-marina-marina-1-7370192.html,200,200,EG,propertyfinder,فيلا فاخره في مارينا 1 وسعرها ينافس الشاليهات
"[""LB"", ""WC"", ""SE"", ""BA"", ""SY"", ""BK"", ""CP""]",7,"[""Lobby in Building"", ""Walk-in Closet"", ""Security"", ""Balcony"", ""Shared Gym"", ""Kitchen Appliances"", ""Covered Parking""]",2,3,buy,EGP,"فيلا مميزة  للبيع _ مدينتى _ كاملة التشطيب 


مساحه الارض  ٧٠٠ م
 
مساحة المباني ٣٣٣م 

 ارضى + اول + رووف    

الارضي عبارة عن  ( ريسيبشن كبير ٤ قطع + مطبخ + حمام 

   الدور الاول (  ٣ نوم منهم غرفة ماستر + ليفينج رووم  + اوفيس ) 

 الرووف يحتوي علي غرفه تصلح لجميع الخدمات  و مساحة الرووف الخارجيه

كاملة التشطيب


تتميز شركة الجمال بالعروض والخدمات المميزة التى تقدمها لعملائها الكرام من خدمات وأستشارات عقارية
حيث ان الشركة متواجدة بالسوق العقارى منذ 1990 ودائما تسعى الشركة فى تحقيق أهدافها لأرضاء العميل وتحقيق الخدمة العقارية المطلوبة .
لمعرفة المزيد من المعلومات والأستشارات العقارية
يمكنكم التواصل مع
إستشارى التسويق العقارى /

ياسر الجمال[REDACTED_PHONE]
للتواصل[REDACTED_PHONE]4933381



الفرع الرئيسى : قطعة 290 - خلف سيراميكا كيلوباترا - شارع التسعين - التجمع الخامس",/en/plp/buy/villa-for-sale-cairo-madinaty-7359349.html,True,7359349,"[""https://static.shared.propertyfinder.eg/media/images/listing/01JWNJECR4H629SXND68P21SBC/78fc62d9-fc41-4f8a-97e9-d5fd12af9866/668x452.jpg""]",10,False,True,False,False,30.096725463867188,2025-06-01T11:24:10Z,01JWNJECR4H629SXND68P21SBC,2,"Madinaty, Cairo",2944,Cairo,madinaty,TOWN,31.662181854248047,45000000,135135.13513513515,Villa,property,2025-06-01T11:24:10Z,https://www.propertyfinder.eg/en/plp/buy/villa-for-sale-cairo-madinaty-7359349.html,333,333,EG,propertyfinder,فيلا مميزة  للبيع _ مدينتى _ كاملة التشطيب
"[""BA""]",1,"[""Balcony""]",2,3,buy,EGP,"فيلا ستاندالوان للبيع 300 م العجمي (البيطاش)  - 2,600,000 ج - الوكيل / سمر عبد الكافي[REDACTED_PHONE]
* 3 غرف 3 ريسيبشن 2 حمام
* غرفة معيشة
* مساحة الارض 300 م
* مساحة المباني 190 م
* مساحة الجاردن 110 م
* فيو مفتوح 
* كود 030868

----------------------------------------------------
ريماكس شركة عالمية متخصصة في تسويق العقارات الفاخرة،
ريماكس لها تواجد في اكثر من 100 دولة ولها اكثر من سبعة الاف فرع واكثر من 100 الف وكيل عقاري
على مستوى العالم، ريماكس أفالون هي وكيل ريماكس داخل محافظة الاسكندرية
ويشرفنا تقديم خدمات ريماكس المميزة فيما يخص تقييم العقارات وتسويق العقارات بيع شراء ايجار تأجير ادارة
أملاك في نطاق محافظة الاسكندريه والساحل الشمالي وكينج مريوط",/en/plp/buy/villa-for-sale-alexandria-hay-al-agami-7896009.html,True,7896009,"[""https://static.shared.propertyfinder.eg/media/images/listing/01K4SQAHTMASKD4SCMBXVBDY2Y/2bca4aa1-2e08-4aea-b752-2a9420b744f8/668x452.jpg""]",8,False,False,False,False,31.09963035583496,2025-09-10T11:51:40Z,01K4SQAHTMASKD4SCMBXVBDY2Y,2,"Hay Al Agami, Alexandria",36504,Alexandria,hay-al-agami,TOWN,29.766725540161133,2600000,8666.666666666666,Villa,property,2025-09-10T11:51:40Z,https://www.propertyfinder.eg/en/plp/buy/villa-for-sale-alexandria-hay-al-agami-7896009.html,300,300,EG,propertyfinder,فيلا ستاندالوان للبيع 300 م العجمي (البيطاش)
"[""BA""]",1,"[""Balcony""]",2,3,buy,EGP,"فيلا للبيع فيلاجيو برايفت بول 100م سوبر لوكس فوري
فيلا فلاجيو للبيع ف بورتو جولف
 المساحه : 100 متر
عدد الغرف : 3
عدد الحمامات : 2
حاله التشطيب: سوبر لوكس
المطلات : حمام سباحه
استلام : فوري
السعر الاجمالي : 7,000,000
2.5 % عموله الشركه
كود الوحده : SV0649
ـــــــــــــــــــــــــــــــــــــــــــــــــــــــــــــــــــــــــــــــــــــــــــــــ
مقر الشركة : شارع الريادة كمبوند حدائق السرايا عمارة M101 الدور الاول، سموحة ، الاسكندرية
ــــــــــــــــــــــــــــــــــــــــــــــــــــــــــــــــــــــــــــــــــــــــــــــــــــــــــ
--الشركة توفر جميع انواع التشطيبات (ارضيات-دهانات-ديكورات ) بأشراف مهندسين مختصين و بأفضل الأسعار",/en/plp/buy/villa-for-sale-north-coast-al-alamein-golf-porto-marina-7942015.html,True,7942015,"[""https://static.shared.propertyfinder.eg/media/images/listing/01K5E3B79FXGZVM9JKECHRA0PA/ae47dd45-c80a-4483-b4f1-0649db26a7d0/668x452.jpg""]",4,False,False,False,False,30.841495513916016,2025-09-18T10:05:48Z,01K5E3B79FXGZVM9JKECHRA0PA,3,"Golf Porto Marina, Al Alamein, North Coast",37649,"North Coast, Al Alamein",al-alamein-golf-porto-marina,COMPOUND,28.92397117614746,7000000,70000.0,Villa,property,2025-09-18T10:05:48Z,https://www.propertyfinder.eg/en/plp/buy/villa-for-sale-north-coast-al-alamein-golf-porto-marina-7942015.html,100,100,EG,propertyfinder,بورتو جولف العلم
"[""BA"", ""BW"", ""AC"", ""PG"", ""BL""]",5,"[""Balcony"", ""Built in Wardrobes"", ""Central A/C"", ""Private Garden"", ""View of Landmark""]",2,3,buy,EGP,"•منزل للبيع 
325م                                                                                                                                                                   
علي محور الحي الاول 
روف بالرخصه بتاعتو 75٪                                                                                                                                              
وباقي الدور التالت رخصه                                                                                                                                                                                              
أرضي                                                                                                                                               
واول                                                                                                                                                                        
وتاني                                                                                                                                                      
متشطبه سوبر لوكس                                                                                                                                             
الدور علي شقه  
•التقسيم                                                                                                                                
ف جاردن كبير
الشقه دبل فيس
3 غرف 
2 حمام 
رسبشن قطعتين 
مساحه الغرف كبيره
2 بلكونه
مطلوب 13 ونص[REDACTED_PHONE]",/en/plp/buy/villa-for-sale-qalyubia-obour-city-1st-district-section-12-al-sadat-axis-8673715.html,True,8673715,"[""https://static.shared.propertyfinder.eg/media/images/listing/XGV7AHWC5N524A224EK5GPQZNW/756b54e1-4d44-481a-8ffa-8c26d71c049c/668x452.jpg""]",9,False,False,False,False,30.236873626708984,2026-02-08T15:36:26Z,XGV7AHWC5N524A224EK5GPQZNW,5,"Al Sadat Axis, Section 12, 1st District, Obour City, Qalyubia",39520,"Qalyubia, Obour City, 1st District, Section 12",obour-city-1st-district-section-12-al-sadat-axis,STREET,31.47951316833496,13500000,71052.63157894737,Villa,property,2026-02-08T15:36:26Z,https://www.propertyfinder.eg/en/plp/buy/villa-for-sale-qalyubia-obour-city-1st-district-section-12-al-sadat-axis-8673715.html,190,190,EG,propertyfinder,فيلا للبيع في الحي الاول مميز جدا وسعرها لقطه.
"[""PG""]",1,"[""Private Garden""]",2,3,buy,EGP,"لهواة الفلل الأرضي بحديقه اماميه كبيرة
بحدائق الاهرام البوابه التانيه الجديده بجوار النادي وشارع الجيش 
فيلا 150م واجهه بحريه تحميل قديم 
بدون تشطيب 
 3 غرف منهم غرفه ماستر  و ريسبشن كبير و  2 حمام  
بسعر محرووق للجادين فقط
واتساب يوجد فيديو[REDACTED_PHONE] فون",/en/plp/buy/villa-for-sale-giza-hadayek-el-ahram-8687046.html,True,8687046,"[""https://static.shared.propertyfinder.eg/media/images/listing/7JDX3GDYJ4H8N9S5VXZNE2BHKR/cdba23c5-fcc0-4bad-bf46-6d740b6bdbe6/668x452.jpg""]",19,False,False,False,False,29.984119415283203,2026-02-10T12:15:50Z,7JDX3GDYJ4H8N9S5VXZNE2BHKR,2,"Hadayek El Ahram, Giza",20664,Giza,hadayek-el-ahram,TOWN,31.13478660583496,2150000,14333.333333333334,Villa,property,2026-02-10T12:15:50Z,https://www.propertyfinder.eg/en/plp/buy/villa-for-sale-giza-hadayek-el-ahram-8687046.html,150,150,EG,propertyfinder,ارضي بحديقه واجهه بحريه فيو منطقة خدمات النادي
"[""MR"", ""BA"", ""PG"", ""CP"", ""BW"", ""BK""]",6,"[""Maids Room"", ""Balcony"", ""Private Garden"", ""Covered Parking"", ""Built in Wardrobes"", ""Kitchen Appliances""]",2,3,buy,EGP,"للبيع - بموقع مميز على طريق الفيوم مباشرة بحدائق الاهرام - البوابة التالتة ( منقرع ) بمنطقة ص - خطوات للبوابة 

ڤيلا ارضي 215 متر واجهة بمدخل خاص بحديقة أمامية وحديقة جانبية شرقي بحري ، مرتفعة عن الشارع وتحتها جراچ بعمارة حديثة 

تشطيب سوووبر لوكس اول سكن - بعداد كهرباء 

مكونة من ( 3 غرف منهم غرفة ماستر بحمام - ريسبشن 3 قطع - 2 حمام آخرين - مطبخ ) 

متاح ڤيديو للڤيلا",/en/plp/buy/villa-for-sale-giza-hadayek-el-ahram-6106428.html,True,6106428,"[""https://static.shared.propertyfinder.eg/media/images/listing/01JR8JM7X3K9P63PK2DBSX1D2P/20a2659a-f567-49c8-ac8d-863975cf4411/668x452.jpg""]",9,False,False,False,False,29.984119415283203,2024-10-07T15:26:49Z,01JR8JM7X3K9P63PK2DBSX1D2P,2,"Hadayek El Ahram, Giza",20664,Giza,hadayek-el-ahram,TOWN,31.13478660583496,4700000,21860.46511627907,Villa,property,2024-10-07T15:26:49Z,https://www.propertyfinder.eg/en/plp/buy/villa-for-sale-giza-hadayek-el-ahram-6106428.html,215,215,EG,propertyfinder,فيلا أرضى للبيع بحدائق الأهرام
"[""BA"", ""BW""]",2,"[""Balcony"", ""Built in Wardrobes""]",2,3,buy,EGP,فيلا ارضي ناصيه 240 متر مدخل أفراد ومدخل سيارات مرتفعه عن الشارع وتحتها جراج خطوات لشارع الخزان تاني عماره من شارع الخزان قريبه جدا البوابه الرابعه وشارع الجيش موقع مميز بجوار كل الخدمات 3 غرف 2 حمام ومطبخ وريسبشين عداد كهرباء وغاز وعداد مياه وإنترنت عماره شيك جدا,/en/plp/buy/villa-for-sale-giza-hadayek-el-ahram-6612391.html,True,6612391,"[""https://static.shared.propertyfinder.eg/media/images/listing/01JQYNWMPRS4S4BDB70T5HQ3AK/a88c4028-f74c-4015-8b0a-7373f9c05a10/668x452.jpg""]",9,False,False,False,False,29.984119415283203,2025-01-03T20:24:52Z,01JQYNWMPRS4S4BDB70T5HQ3AK,2,"Hadayek El Ahram, Giza",20664,Giza,hadayek-el-ahram,TOWN,31.13478660583496,3750000,15625.0,Villa,property,2025-01-03T20:24:52Z,https://www.propertyfinder.eg/en/plp/buy/villa-for-sale-giza-hadayek-el-ahram-6612391.html,240,240,EG,propertyfinder,فيلا أرضى للبيع بحدائق الأهرام
